state,action,reward,next_state,done,next_action
131,3,-1.0,111,0,0
111,0,-1.0,211,0,0
211,0,-1.0,311,0,0
311,0,-1.0,411,0,4
411,4,-1.0,419,0,1
419,1,-1.0,319,0,1
319,1,-1.0,219,0,2
219,2,-1.0,239,0,2
239,2,-1.0,259,0,2
259,2,-1.0,279,0,0
279,0,-1.0,379,0,0
379,0,-1.0,479,0,4
479,4,-10.0,479,0,5
479,5,20.0,475,1,0
428,1,-1.0,328,0,1
328,1,-1.0,228,0,3
228,3,-1.0,208,0,0
208,0,-1.0,308,0,4
308,4,-10.0,308,0,0
308,0,-1.0,408,0,4
408,4,-1.0,416,0,1
416,1,-1.0,316,0,1
316,1,-1.0,216,0,1
216,1,-1.0,116,0,1
116,1,-1.0,16,0,5
16,5,20.0,0,1,0
324,1,-1.0,224,0,2
224,2,-1.0,244,0,1
244,1,-1.0,144,0,2
144,2,-1.0,164,0,2
164,2,-1.0,184,0,1
184,1,-1.0,84,0,4
84,4,-1.0,96,0,0
96,0,-1.0,196,0,3
196,3,-1.0,176,0,0
176,0,-1.0,276,0,3
276,3,-1.0,256,0,3
256,3,-1.0,236,0,1
236,1,-1.0,136,0,3
136,3,-1.0,116,0,1
116,1,-1.0,16,0,5
16,5,20.0,0,1,0
111,0,-1.0,211,0,0
211,0,-1.0,311,0,0
311,0,-1.0,411,0,4
411,4,-1.0,419,0,2
419,2,-1.0,419,0,1
419,1,-1.0,319,0,1
319,1,-1.0,219,0,2
219,2,-1.0,239,0,4
239,4,-10.0,239,0,2
239,2,-1.0,259,0,2
259,2,-1.0,279,0,0
279,0,-1.0,379,0,0
379,0,-1.0,479,0,5
479,5,20.0,475,1,0
94,3,-1.0,74,0,0
74,0,-1.0,174,0,2
174,2,-1.0,194,0,3
194,3,-1.0,174,0,0
174,0,-1.0,274,0,0
274,0,-1.0,374,0,0
374,0,-1.0,474,0,4
474,4,-1.0,478,0,1
478,1,-1.0,378,0,1
378,1,-1.0,278,0,3
278,3,-1.0,258,0,3
258,3,-1.0,238,0,3
238,3,-1.0,218,0,0
218,0,-1.0,318,0,0
318,0,-1.0,418,0,5
418,5,20.0,410,1,0
471,1,-1.0,371,0,1
371,1,-1.0,271,0,3
271,3,-1.0,251,0,3
251,3,-1.0,231,0,3
231,3,-1.0,211,0,0
211,0,-1.0,311,0,0
311,0,-1.0,411,0,4
411,4,-1.0,419,0,1
419,1,-1.0,319,0,1
319,1,-1.0,219,0,2
219,2,-1.0,239,0,2
239,2,-1.0,259,0,2
259,2,-1.0,279,0,0
279,0,-1.0,379,0,0
379,0,-1.0,479,0,5
479,5,20.0,475,1,0
474,0,-1.0,474,0,4
474,4,-1.0,478,0,1
478,1,-1.0,378,0,1
378,1,-1.0,278,0,3
278,3,-1.0,258,0,3
258,3,-1.0,238,0,3
238,3,-1.0,218,0,0
218,0,-1.0,318,0,0
318,0,-1.0,418,0,5
418,5,20.0,410,1,0
221,1,-1.0,121,0,1
121,1,-1.0,21,0,3
21,3,-1.0,1,0,4
1,4,-1.0,17,0,0
17,0,-1.0,117,0,5
117,5,-10.0,117,0,2
117,2,-1.0,137,0,0
137,0,-1.0,237,0,5
237,5,-10.0,237,0,4
237,4,-10.0,237,0,2
237,2,-1.0,257,0,1
257,1,-1.0,157,0,2
157,2,-1.0,177,0,2
177,2,-1.0,197,0,5
197,5,-10.0,197,0,1
197,1,-1.0,97,0,5
97,5,20.0,85,1,0
127,0,-1.0,227,0,2
227,2,-1.0,247,0,2
247,2,-1.0,267,0,2
267,2,-1.0,287,0,1
287,1,-1.0,187,0,1
187,1,-1.0,87,0,4
87,4,-1.0,99,0,3
99,3,-1.0,79,0,0
79,0,-1.0,179,0,0
179,0,-1.0,279,0,0
279,0,-1.0,379,0,0
379,0,-1.0,479,0,5
479,5,20.0,475,1,0
474,4,-1.0,478,0,1
478,1,-1.0,378,0,1
378,1,-1.0,278,0,3
278,3,-1.0,258,0,3
258,3,-1.0,238,0,3
238,3,-1.0,218,0,0
218,0,-1.0,318,0,0
318,0,-1.0,418,0,5
418,5,20.0,410,1,0
206,2,-1.0,226,0,2
226,2,-1.0,246,0,3
246,3,-1.0,226,0,2
226,2,-1.0,246,0,2
246,2,-1.0,266,0,4
266,4,-10.0,266,0,2
266,2,-1.0,286,0,1
286,1,-1.0,186,0,1
186,1,-1.0,86,0,4
86,4,-1.0,98,0,0
98,0,-1.0,198,0,0
198,0,-1.0,298,0,3
298,3,-1.0,278,0,3
278,3,-1.0,258,0,3
258,3,-1.0,238,0,3
238,3,-1.0,218,0,0
218,0,-1.0,318,0,0
318,0,-1.0,418,0,5
418,5,20.0,410,1,0
441,1,-1.0,341,0,1
341,1,-1.0,241,0,3
241,3,-1.0,221,0,1
221,1,-1.0,121,0,1
121,1,-1.0,21,0,3
21,3,-1.0,1,0,4
1,4,-1.0,17,0,0
17,0,-1.0,117,0,2
117,2,-1.0,137,0,0
137,0,-1.0,237,0,2
237,2,-1.0,257,0,1
257,1,-1.0,157,0,2
157,2,-1.0,177,0,2
177,2,-1.0,197,0,1
197,1,-1.0,97,0,5
97,5,20.0,85,1,0
83,0,-1.0,183,0,3
183,3,-1.0,163,0,0
163,0,-1.0,263,0,3
263,3,-1.0,243,0,3
243,3,-1.0,223,0,1
223,1,-1.0,123,0,3
123,3,-1.0,103,0,1
103,1,-1.0,3,0,4
3,4,-1.0,19,0,0
19,0,-1.0,119,0,0
119,0,-1.0,219,0,2
219,2,-1.0,239,0,3
239,3,-1.0,219,0,2
219,2,-1.0,239,0,5
239,5,-10.0,239,0,2
239,2,-1.0,259,0,2
259,2,-1.0,279,0,0
279,0,-1.0,379,0,0
379,0,-1.0,479,0,5
479,5,20.0,475,1,0
481,1,-1.0,381,0,1
381,1,-1.0,281,0,3
281,3,-1.0,261,0,3
261,3,-1.0,241,0,3
241,3,-1.0,221,0,3
221,3,-1.0,201,0,1
201,1,-1.0,101,0,1
101,1,-1.0,1,0,4
1,4,-1.0,17,0,2
17,2,-1.0,37,0,0
37,0,-1.0,137,0,1
137,1,-1.0,37,0,0
37,0,-1.0,137,0,0
137,0,-1.0,237,0,2
237,2,-1.0,257,0,1
257,1,-1.0,157,0,2
157,2,-1.0,177,0,2
177,2,-1.0,197,0,2
197,2,-1.0,197,0,1
197,1,-1.0,97,0,5
97,5,20.0,85,1,0
333,2,-1.0,353,0,1
353,1,-1.0,253,0,2
253,2,-1.0,273,0,0
273,0,-1.0,373,0,0
373,0,-1.0,473,0,4
473,4,-1.0,477,0,2
477,2,-1.0,497,0,1
497,1,-1.0,397,0,5
397,5,-10.0,397,0,1
397,1,-1.0,297,0,1
297,1,-1.0,197,0,1
197,1,-1.0,97,0,5
97,5,20.0,85,1,0
401,1,-1.0,301,0,1
301,1,-1.0,201,0,1
201,1,-1.0,101,0,1
101,1,-1.0,1,0,4
1,4,-1.0,17,0,0
17,0,-1.0,117,0,2
117,2,-1.0,137,0,0
137,0,-1.0,237,0,2
237,2,-1.0,257,0,3
257,3,-1.0,237,0,2
237,2,-1.0,257,0,1
257,1,-1.0,157,0,2
157,2,-1.0,177,0,2
177,2,-1.0,197,0,1
197,1,-1.0,97,0,5
97,5,20.0,85,1,0
391,1,-1.0,291,0,5
291,5,-10.0,291,0,3
291,3,-1.0,271,0,3
271,3,-1.0,251,0,3
251,3,-1.0,231,0,3
231,3,-1.0,211,0,0
211,0,-1.0,311,0,0
311,0,-1.0,411,0,4
411,4,-1.0,419,0,1
419,1,-1.0,319,0,1
319,1,-1.0,219,0,2
219,2,-1.0,239,0,2
239,2,-1.0,259,0,2
259,2,-1.0,279,0,0
279,0,-1.0,379,0,0
379,0,-1.0,479,0,5
479,5,20.0,475,1,0
209,0,-1.0,309,0,0
309,0,-1.0,409,0,4
409,4,-1.0,417,0,1
417,1,-1.0,317,0,1
317,1,-1.0,217,0,2
217,2,-1.0,237,0,2
237,2,-1.0,257,0,1
257,1,-1.0,157,0,2
157,2,-1.0,177,0,2
177,2,-1.0,197,0,1
197,1,-1.0,97,0,5
97,5,20.0,85,1,0
192,0,-1.0,292,0,3
292,3,-1.0,272,0,0
272,0,-1.0,372,0,4
372,4,-10.0,372,0,0
372,0,-1.0,472,0,2
472,2,-1.0,492,0,3
492,3,-1.0,472,0,4
472,4,-1.0,476,0,1
476,1,-1.0,376,0,1
376,1,-1.0,276,0,3
276,3,-1.0,256,0,3
256,3,-1.0,236,0,1
236,1,-1.0,136,0,3
136,3,-1.0,116,0,1
116,1,-1.0,16,0,2
16,2,-1.0,36,0,3
36,3,-1.0,16,0,5
16,5,20.0,0,1,0
172,0,-1.0,272,0,0
272,0,-1.0,372,0,0
372,0,-1.0,472,0,4
472,4,-1.0,476,0,1
476,1,-1.0,376,0,1
376,1,-1.0,276,0,3
276,3,-1.0,256,0,3
256,3,-1.0,236,0,1
236,1,-1.0,136,0,3
136,3,-1.0,116,0,1
116,1,-1.0,16,0,5
16,5,20.0,0,1,0
447,1,-1.0,347,0,1
347,1,-1.0,247,0,2
247,2,-1.0,267,0,2
267,2,-1.0,287,0,1
287,1,-1.0,187,0,1
187,1,-1.0,87,0,1
87,1,-1.0,87,0,4
87,4,-1.0,99,0,3
99,3,-1.0,79,0,0
79,0,-1.0,179,0,0
179,0,-1.0,279,0,0
279,0,-1.0,379,0,0
379,0,-1.0,479,0,5
479,5,20.0,475,1,0
274,0,-1.0,374,0,4
374,4,-10.0,374,0,0
374,0,-1.0,474,0,4
474,4,-1.0,478,0,1
478,1,-1.0,378,0,1
378,1,-1.0,278,0,3
278,3,-1.0,258,0,3
258,3,-1.0,238,0,0
238,0,-1.0,338,0,1
338,1,-1.0,238,0,3
238,3,-1.0,218,0,0
218,0,-1.0,318,0,4
318,4,-10.0,318,0,0
318,0,-1.0,418,0,5
418,5,20.0,410,1,0
346,1,-1.0,246,0,2
246,2,-1.0,266,0,2
266,2,-1.0,286,0,1
286,1,-1.0,186,0,1
186,1,-1.0,86,0,4
86,4,-1.0,98,0,0
98,0,-1.0,198,0,0
198,0,-1.0,298,0,3
298,3,-1.0,278,0,3
278,3,-1.0,258,0,3
258,3,-1.0,238,0,3
238,3,-1.0,218,0,0
218,0,-1.0,318,0,0
318,0,-1.0,418,0,5
418,5,20.0,410,1,0
51,0,-1.0,151,0,3
151,3,-1.0,151,0,0
151,0,-1.0,251,0,3
251,3,-1.0,231,0,3
231,3,-1.0,211,0,0
211,0,-1.0,311,0,0
311,0,-1.0,411,0,4
411,4,-1.0,419,0,1
419,1,-1.0,319,0,1
319,1,-1.0,219,0,2
219,2,-1.0,239,0,2
239,2,-1.0,259,0,0
259,0,-1.0,359,0,1
359,1,-1.0,259,0,2
259,2,-1.0,279,0,0
279,0,-1.0,379,0,1
379,1,-1.0,279,0,0
279,0,-1.0,379,0,0
379,0,-1.0,479,0,5
479,5,20.0,475,1,0
414,1,-1.0,314,0,1
314,1,-1.0,214,0,2
214,2,-1.0,234,0,2
234,2,-1.0,254,0,2
254,2,-1.0,274,0,0
274,0,-1.0,374,0,0
374,0,-1.0,474,0,4
474,4,-1.0,478,0,1
478,1,-1.0,378,0,1
378,1,-1.0,278,0,3
278,3,-1.0,258,0,3
258,3,-1.0,238,0,1
238,1,-1.0,138,0,3
138,3,-1.0,118,0,0
118,0,-1.0,218,0,0
218,0,-1.0,318,0,0
318,0,-1.0,418,0,0
418,0,-1.0,418,0,5
418,5,20.0,410,1,0
474,4,-1.0,478,0,1
478,1,-1.0,378,0,1
378,1,-1.0,278,0,3
278,3,-1.0,258,0,3
258,3,-1.0,238,0,3
238,3,-1.0,218,0,0
218,0,-1.0,318,0,0
318,0,-1.0,418,0,5
418,5,20.0,410,1,0
263,3,-1.0,243,0,3
243,3,-1.0,223,0,1
223,1,-1.0,123,0,3
123,3,-1.0,103,0,1
103,1,-1.0,3,0,4
3,4,-1.0,19,0,0
19,0,-1.0,119,0,0
119,0,-1.0,219,0,2
219,2,-1.0,239,0,2
239,2,-1.0,259,0,2
259,2,-1.0,279,0,0
279,0,-1.0,379,0,0
379,0,-1.0,479,0,5
479,5,20.0,475,1,0
261,3,-1.0,241,0,3
241,3,-1.0,221,0,1
221,1,-1.0,121,0,1
121,1,-1.0,21,0,3
21,3,-1.0,1,0,4
1,4,-1.0,17,0,0
17,0,-1.0,117,0,2
117,2,-1.0,137,0,0
137,0,-1.0,237,0,2
237,2,-1.0,257,0,1
257,1,-1.0,157,0,2
157,2,-1.0,177,0,2
177,2,-1.0,197,0,1
197,1,-1.0,97,0,5
97,5,20.0,85,1,0
422,1,-1.0,322,0,1
322,1,-1.0,222,0,1
222,1,-1.0,122,0,3
122,3,-1.0,102,0,1
102,1,-1.0,2,0,4
2,4,-1.0,18,0,0
18,0,-1.0,118,0,0
118,0,-1.0,218,0,0
218,0,-1.0,318,0,0
318,0,-1.0,418,0,5
418,5,20.0,410,1,0
313,1,-1.0,213,0,2
213,2,-1.0,233,0,2
233,2,-1.0,253,0,2
253,2,-1.0,273,0,0
273,0,-1.0,373,0,0
373,0,-1.0,473,0,4
473,4,-1.0,477,0,0
477,0,-1.0,477,0,2
477,2,-1.0,497,0,1
497,1,-1.0,397,0,1
397,1,-1.0,297,0,1
297,1,-1.0,197,0,1
197,1,-1.0,97,0,5
97,5,20.0,85,1,0
146,2,-1.0,166,0,2
166,2,-1.0,186,0,1
186,1,-1.0,86,0,3
86,3,-1.0,66,0,2
66,2,-1.0,86,0,3
86,3,-1.0,66,0,2
66,2,-1.0,86,0,4
86,4,-1.0,98,0,0
98,0,-1.0,198,0,0
198,0,-1.0,298,0,3
298,3,-1.0,278,0,3
278,3,-1.0,258,0,3
258,3,-1.0,238,0,3
238,3,-1.0,218,0,0
218,0,-1.0,318,0,0
318,0,-1.0,418,0,5
418,5,20.0,410,1,0
282,3,-1.0,262,0,3
262,3,-1.0,242,0,3
242,3,-1.0,222,0,1
222,1,-1.0,122,0,3
122,3,-1.0,102,0,1
102,1,-1.0,2,0,4
2,4,-1.0,18,0,0
18,0,-1.0,118,0,0
118,0,-1.0,218,0,0
218,0,-1.0,318,0,0
318,0,-1.0,418,0,5
418,5,20.0,410,1,0
481,1,-1.0,381,0,1
381,1,-1.0,281,0,1
281,1,-1.0,181,0,3
181,3,-1.0,161,0,3
161,3,-1.0,141,0,5
141,5,-10.0,141,0,0
141,0,-1.0,241,0,3
241,3,-1.0,221,0,1
221,1,-1.0,121,0,1
121,1,-1.0,21,0,3
21,3,-1.0,1,0,4
1,4,-1.0,17,0,0
17,0,-1.0,117,0,2
117,2,-1.0,137,0,0
137,0,-1.0,237,0,2
237,2,-1.0,257,0,1
257,1,-1.0,157,0,2
157,2,-1.0,177,0,2
177,2,-1.0,197,0,1
197,1,-1.0,97,0,5
97,5,20.0,85,1,0
386,1,-1.0,286,0,1
286,1,-1.0,186,0,1
186,1,-1.0,86,0,3
86,3,-1.0,66,0,2
66,2,-1.0,86,0,4
86,4,-1.0,98,0,0
98,0,-1.0,198,0,0
198,0,-1.0,298,0,3
298,3,-1.0,278,0,3
278,3,-1.0,258,0,3
258,3,-1.0,238,0,3
238,3,-1.0,218,0,0
218,0,-1.0,318,0,0
318,0,-1.0,418,0,5
418,5,20.0,410,1,0
364,1,-1.0,264,0,2
264,2,-1.0,284,0,1
284,1,-1.0,184,0,1
184,1,-1.0,84,0,4
84,4,-1.0,96,0,0
96,0,-1.0,196,0,3
196,3,-1.0,176,0,0
176,0,-1.0,276,0,3
276,3,-1.0,256,0,3
256,3,-1.0,236,0,1
236,1,-1.0,136,0,3
136,3,-1.0,116,0,1
116,1,-1.0,16,0,5
16,5,20.0,0,1,0
83,0,-1.0,183,0,3
183,3,-1.0,163,0,0
163,0,-1.0,263,0,3
263,3,-1.0,243,0,3
243,3,-1.0,223,0,1
223,1,-1.0,123,0,3
123,3,-1.0,103,0,1
103,1,-1.0,3,0,4
3,4,-1.0,19,0,0
19,0,-1.0,119,0,0
119,0,-1.0,219,0,2
219,2,-1.0,239,0,2
239,2,-1.0,259,0,2
259,2,-1.0,279,0,0
279,0,-1.0,379,0,2
379,2,-1.0,399,0,3
399,3,-1.0,379,0,0
379,0,-1.0,479,0,5
479,5,20.0,475,1,0
42,2,-1.0,62,0,0
62,0,-1.0,162,0,3
162,3,-1.0,142,0,0
142,0,-1.0,242,0,3
242,3,-1.0,222,0,1
222,1,-1.0,122,0,3
122,3,-1.0,102,0,1
102,1,-1.0,2,0,4
2,4,-1.0,18,0,0
18,0,-1.0,118,0,0
118,0,-1.0,218,0,0
218,0,-1.0,318,0,2
318,2,-1.0,318,0,0
318,0,-1.0,418,0,5
418,5,20.0,410,1,0
443,1,-1.0,343,0,1
343,1,-1.0,243,0,3
243,3,-1.0,223,0,4
223,4,-10.0,223,0,1
223,1,-1.0,123,0,3
123,3,-1.0,103,0,1
103,1,-1.0,3,0,4
3,4,-1.0,19,0,0
19,0,-1.0,119,0,0
119,0,-1.0,219,0,2
219,2,-1.0,239,0,2
239,2,-1.0,259,0,2
259,2,-1.0,279,0,0
279,0,-1.0,379,0,1
379,1,-1.0,279,0,0
279,0,-1.0,379,0,0
379,0,-1.0,479,0,5
479,5,20.0,475,1,0
112,0,-1.0,212,0,2
212,2,-1.0,232,0,2
232,2,-1.0,252,0,2
252,2,-1.0,272,0,2
272,2,-1.0,292,0,3
292,3,-1.0,272,0,0
272,0,-1.0,372,0,0
372,0,-1.0,472,0,4
472,4,-1.0,476,0,1
476,1,-1.0,376,0,1
376,1,-1.0,276,0,3
276,3,-1.0,256,0,3
256,3,-1.0,236,0,1
236,1,-1.0,136,0,3
136,3,-1.0,116,0,1
116,1,-1.0,16,0,5
16,5,20.0,0,1,0
364,1,-1.0,264,0,2
264,2,-1.0,284,0,1
284,1,-1.0,184,0,1
184,1,-1.0,84,0,4
84,4,-1.0,96,0,0
96,0,-1.0,196,0,3
196,3,-1.0,176,0,0
176,0,-1.0,276,0,3
276,3,-1.0,256,0,3
256,3,-1.0,236,0,1
236,1,-1.0,136,0,3
136,3,-1.0,116,0,1
116,1,-1.0,16,0,5
16,5,20.0,0,1,0
246,2,-1.0,266,0,2
266,2,-1.0,286,0,1
286,1,-1.0,186,0,1
186,1,-1.0,86,0,4
86,4,-1.0,98,0,0
98,0,-1.0,198,0,0
198,0,-1.0,298,0,3
298,3,-1.0,278,0,3
278,3,-1.0,258,0,3
258,3,-1.0,238,0,3
238,3,-1.0,218,0,0
218,0,-1.0,318,0,0
318,0,-1.0,418,0,5
418,5,20.0,410,1,0
182,0,-1.0,282,0,3
282,3,-1.0,262,0,3
262,3,-1.0,242,0,3
242,3,-1.0,222,0,1
222,1,-1.0,122,0,3
122,3,-1.0,102,0,2
102,2,-1.0,122,0,3
122,3,-1.0,102,0,1
102,1,-1.0,2,0,4
2,4,-1.0,18,0,0
18,0,-1.0,118,0,0
118,0,-1.0,218,0,0
218,0,-1.0,318,0,0
318,0,-1.0,418,0,5
418,5,20.0,410,1,0
122,3,-1.0,102,0,1
102,1,-1.0,2,0,4
2,4,-1.0,18,0,0
18,0,-1.0,118,0,0
118,0,-1.0,218,0,0
218,0,-1.0,318,0,0
318,0,-1.0,418,0,3
418,3,-1.0,418,0,0
418,0,-1.0,418,0,5
418,5,20.0,410,1,0
226,2,-1.0,246,0,2
246,2,-1.0,266,0,2
266,2,-1.0,286,0,1
286,1,-1.0,186,0,1
186,1,-1.0,86,0,4
86,4,-1.0,98,0,0
98,0,-1.0,198,0,0
198,0,-1.0,298,0,0
298,0,-1.0,398,0,1
398,1,-1.0,298,0,3
298,3,-1.0,278,0,3
278,3,-1.0,258,0,3
258,3,-1.0,238,0,3
238,3,-1.0,218,0,0
218,0,-1.0,318,0,0
318,0,-1.0,418,0,5
418,5,20.0,410,1,0
427,1,-1.0,327,0,2
327,2,-1.0,347,0,1
347,1,-1.0,247,0,2
247,2,-1.0,267,0,2
267,2,-1.0,287,0,1
287,1,-1.0,187,0,4
187,4,-10.0,187,0,1
187,1,-1.0,87,0,4
87,4,-1.0,99,0,3
99,3,-1.0,79,0,0
79,0,-1.0,179,0,0
179,0,-1.0,279,0,0
279,0,-1.0,379,0,0
379,0,-1.0,479,0,5
479,5,20.0,475,1,0
426,2,-1.0,446,0,1
446,1,-1.0,346,0,1
346,1,-1.0,246,0,2
246,2,-1.0,266,0,2
266,2,-1.0,286,0,1
286,1,-1.0,186,0,1
186,1,-1.0,86,0,4
86,4,-1.0,98,0,0
98,0,-1.0,198,0,0
198,0,-1.0,298,0,3
298,3,-1.0,278,0,3
278,3,-1.0,258,0,3
258,3,-1.0,238,0,3
238,3,-1.0,218,0,0
218,0,-1.0,318,0,0
318,0,-1.0,418,0,5
418,5,20.0,410,1,0
13,0,-1.0,113,0,0
113,0,-1.0,213,0,2
213,2,-1.0,233,0,2
233,2,-1.0,253,0,2
253,2,-1.0,273,0,0
273,0,-1.0,373,0,0
373,0,-1.0,473,0,4
473,4,-1.0,477,0,2
477,2,-1.0,497,0,1
497,1,-1.0,397,0,1
397,1,-1.0,297,0,1
297,1,-1.0,197,0,1
197,1,-1.0,97,0,5
97,5,20.0,85,1,0
422,1,-1.0,322,0,1
322,1,-1.0,222,0,1
222,1,-1.0,122,0,3
122,3,-1.0,102,0,1
102,1,-1.0,2,0,4
2,4,-1.0,18,0,0
18,0,-1.0,118,0,0
118,0,-1.0,218,0,0
218,0,-1.0,318,0,0
318,0,-1.0,418,0,5
418,5,20.0,410,1,0
293,3,-1.0,273,0,0
273,0,-1.0,373,0,0
373,0,-1.0,473,0,4
473,4,-1.0,477,0,2
477,2,-1.0,497,0,1
497,1,-1.0,397,0,1
397,1,-1.0,297,0,1
297,1,-1.0,197,0,1
197,1,-1.0,97,0,5
97,5,20.0,85,1,0
463,1,-1.0,363,0,1
363,1,-1.0,263,0,3
263,3,-1.0,243,0,5
243,5,-10.0,243,0,3
243,3,-1.0,223,0,1
223,1,-1.0,123,0,3
123,3,-1.0,103,0,1
103,1,-1.0,3,0,4
3,4,-1.0,19,0,0
19,0,-1.0,119,0,0
119,0,-1.0,219,0,2
219,2,-1.0,239,0,2
239,2,-1.0,259,0,2
259,2,-1.0,279,0,0
279,0,-1.0,379,0,0
379,0,-1.0,479,0,5
479,5,20.0,475,1,0
427,0,-1.0,427,0,1
427,1,-1.0,327,0,2
327,2,-1.0,347,0,1
347,1,-1.0,247,0,2
247,2,-1.0,267,0,2
267,2,-1.0,287,0,1
287,1,-1.0,187,0,1
187,1,-1.0,87,0,4
87,4,-1.0,99,0,3
99,3,-1.0,79,0,0
79,0,-1.0,179,0,3
179,3,-1.0,159,0,0
159,0,-1.0,259,0,2
259,2,-1.0,279,0,0
279,0,-1.0,379,0,0
379,0,-1.0,479,0,5
479,5,20.0,475,1,0
214,2,-1.0,234,0,2
234,2,-1.0,254,0,2
254,2,-1.0,274,0,0
274,0,-1.0,374,0,0
374,0,-1.0,474,0,4
474,4,-1.0,478,0,3
478,3,-1.0,478,0,1
478,1,-1.0,378,0,1
378,1,-1.0,278,0,3
278,3,-1.0,258,0,3
258,3,-1.0,238,0,3
238,3,-1.0,218,0,0
218,0,-1.0,318,0,0
318,0,-1.0,418,0,4
418,4,-10.0,418,0,5
418,5,20.0,410,1,0
384,1,-1.0,284,0,1
284,1,-1.0,184,0,1
184,1,-1.0,84,0,4
84,4,-1.0,96,0,0
96,0,-1.0,196,0,3
196,3,-1.0,176,0,0
176,0,-1.0,276,0,3
276,3,-1.0,256,0,3
256,3,-1.0,236,0,1
236,1,-1.0,136,0,3
136,3,-1.0,116,0,1
116,1,-1.0,16,0,5
16,5,20.0,0,1,0
422,1,-1.0,322,0,1
322,1,-1.0,222,0,1
222,1,-1.0,122,0,3
122,3,-1.0,102,0,2
102,2,-1.0,122,0,3
122,3,-1.0,102,0,1
102,1,-1.0,2,0,2
2,2,-1.0,22,0,3
22,3,-1.0,2,0,4
2,4,-1.0,18,0,0
18,0,-1.0,118,0,0
118,0,-1.0,218,0,0
218,0,-1.0,318,0,0
318,0,-1.0,418,0,3
418,3,-1.0,418,0,5
418,5,20.0,410,1,0
271,3,-1.0,251,0,3
251,3,-1.0,231,0,3
231,3,-1.0,211,0,0
211,0,-1.0,311,0,3
311,3,-1.0,311,0,0
311,0,-1.0,411,0,4
411,4,-1.0,419,0,1
419,1,-1.0,319,0,3
319,3,-1.0,319,0,1
319,1,-1.0,219,0,2
219,2,-1.0,239,0,2
239,2,-1.0,259,0,2
259,2,-1.0,279,0,0
279,0,-1.0,379,0,0
379,0,-1.0,479,0,5
479,5,20.0,475,1,0
421,1,-1.0,321,0,1
321,1,-1.0,221,0,1
221,1,-1.0,121,0,1
121,1,-1.0,21,0,3
21,3,-1.0,1,0,4
1,4,-1.0,17,0,0
17,0,-1.0,117,0,2
117,2,-1.0,137,0,0
137,0,-1.0,237,0,2
237,2,-1.0,257,0,4
257,4,-10.0,257,0,1
257,1,-1.0,157,0,2
157,2,-1.0,177,0,2
177,2,-1.0,197,0,1
197,1,-1.0,97,0,5
97,5,20.0,85,1,0
468,1,-1.0,368,0,1
368,1,-1.0,268,0,3
268,3,-1.0,248,0,3
248,3,-1.0,228,0,3
228,3,-1.0,208,0,0
208,0,-1.0,308,0,0
308,0,-1.0,408,0,4
408,4,-1.0,416,0,1
416,1,-1.0,316,0,1
316,1,-1.0,216,0,1
216,1,-1.0,116,0,3
116,3,-1.0,116,0,1
116,1,-1.0,16,0,5
16,5,20.0,0,1,0
283,3,-1.0,263,0,3
263,3,-1.0,243,0,3
243,3,-1.0,223,0,1
223,1,-1.0,123,0,3
123,3,-1.0,103,0,1
103,1,-1.0,3,0,4
3,4,-1.0,19,0,0
19,0,-1.0,119,0,0
119,0,-1.0,219,0,2
219,2,-1.0,239,0,2
239,2,-1.0,259,0,2
259,2,-1.0,279,0,0
279,0,-1.0,379,0,0
379,0,-1.0,479,0,5
479,5,20.0,475,1,0
349,1,-1.0,249,0,3
249,3,-1.0,229,0,3
229,3,-1.0,209,0,0
209,0,-1.0,309,0,0
309,0,-1.0,409,0,4
409,4,-1.0,417,0,1
417,1,-1.0,317,0,1
317,1,-1.0,217,0,2
217,2,-1.0,237,0,2
237,2,-1.0,257,0,0
257,0,-1.0,357,0,2
357,2,-1.0,357,0,1
357,1,-1.0,257,0,1
257,1,-1.0,157,0,4
157,4,-10.0,157,0,2
157,2,-1.0,177,0,2
177,2,-1.0,197,0,1
197,1,-1.0,97,0,5
97,5,20.0,85,1,0
62,0,-1.0,162,0,3
162,3,-1.0,142,0,0
142,0,-1.0,242,0,3
242,3,-1.0,222,0,1
222,1,-1.0,122,0,1
122,1,-1.0,22,0,3
22,3,-1.0,2,0,4
2,4,-1.0,18,0,0
18,0,-1.0,118,0,0
118,0,-1.0,218,0,0
218,0,-1.0,318,0,0
318,0,-1.0,418,0,3
418,3,-1.0,418,0,5
418,5,20.0,410,1,0
84,4,-1.0,96,0,0
96,0,-1.0,196,0,3
196,3,-1.0,176,0,0
176,0,-1.0,276,0,0
276,0,-1.0,376,0,1
376,1,-1.0,276,0,3
276,3,-1.0,256,0,3
256,3,-1.0,236,0,1
236,1,-1.0,136,0,3
136,3,-1.0,116,0,1
116,1,-1.0,16,0,5
16,5,20.0,0,1,0
183,0,-1.0,283,0,3
283,3,-1.0,263,0,3
263,3,-1.0,243,0,3
243,3,-1.0,223,0,1
223,1,-1.0,123,0,3
123,3,-1.0,103,0,1
103,1,-1.0,3,0,4
3,4,-1.0,19,0,0
19,0,-1.0,119,0,0
119,0,-1.0,219,0,2
219,2,-1.0,239,0,2
239,2,-1.0,259,0,2
259,2,-1.0,279,0,0
279,0,-1.0,379,0,0
379,0,-1.0,479,0,5
479,5,20.0,475,1,0
34,0,-1.0,134,0,0
134,0,-1.0,234,0,2
234,2,-1.0,254,0,2
254,2,-1.0,274,0,0
274,0,-1.0,374,0,0
374,0,-1.0,474,0,4
474,4,-1.0,478,0,1
478,1,-1.0,378,0,1
378,1,-1.0,278,0,3
278,3,-1.0,258,0,3
258,3,-1.0,238,0,3
238,3,-1.0,218,0,0
218,0,-1.0,318,0,5
318,5,-10.0,318,0,0
318,0,-1.0,418,0,5
418,5,20.0,410,1,0
89,3,-1.0,69,0,0
69,0,-1.0,169,0,3
169,3,-1.0,149,0,1
149,1,-1.0,49,0,0
49,0,-1.0,149,0,3
149,3,-1.0,149,0,0
149,0,-1.0,249,0,3
249,3,-1.0,229,0,3
229,3,-1.0,209,0,3
209,3,-1.0,209,0,0
209,0,-1.0,309,0,0
309,0,-1.0,409,0,4
409,4,-1.0,417,0,1
417,1,-1.0,317,0,1
317,1,-1.0,217,0,2
217,2,-1.0,237,0,4
237,4,-10.0,237,0,2
237,2,-1.0,257,0,1
257,1,-1.0,157,0,2
157,2,-1.0,177,0,2
177,2,-1.0,197,0,0
197,0,-1.0,297,0,1
297,1,-1.0,197,0,1
197,1,-1.0,97,0,2
97,2,-1.0,97,0,5
97,5,20.0,85,1,0
21,3,-1.0,1,0,4
1,4,-1.0,17,0,5
17,5,-1.0,1,0,4
1,4,-1.0,17,0,0
17,0,-1.0,117,0,2
117,2,-1.0,137,0,0
137,0,-1.0,237,0,2
237,2,-1.0,257,0,1
257,1,-1.0,157,0,2
157,2,-1.0,177,0,2
177,2,-1.0,197,0,1
197,1,-1.0,97,0,5
97,5,20.0,85,1,0
212,2,-1.0,232,0,2
232,2,-1.0,252,0,2
252,2,-1.0,272,0,0
272,0,-1.0,372,0,0
372,0,-1.0,472,0,4
472,4,-1.0,476,0,1
476,1,-1.0,376,0,1
376,1,-1.0,276,0,1
276,1,-1.0,176,0,0
176,0,-1.0,276,0,3
276,3,-1.0,256,0,3
256,3,-1.0,236,0,1
236,1,-1.0,136,0,3
136,3,-1.0,116,0,1
116,1,-1.0,16,0,5
16,5,20.0,0,1,0
424,1,-1.0,324,0,1
324,1,-1.0,224,0,2
224,2,-1.0,244,0,1
244,1,-1.0,144,0,2
144,2,-1.0,164,0,2
164,2,-1.0,184,0,1
184,1,-1.0,84,0,4
84,4,-1.0,96,0,0
96,0,-1.0,196,0,3
196,3,-1.0,176,0,1
176,1,-1.0,76,0,0
76,0,-1.0,176,0,0
176,0,-1.0,276,0,3
276,3,-1.0,256,0,3
256,3,-1.0,236,0,1
236,1,-1.0,136,0,3
136,3,-1.0,116,0,1
116,1,-1.0,16,0,5
16,5,20.0,0,1,0
373,0,-1.0,473,0,4
473,4,-1.0,477,0,2
477,2,-1.0,497,0,1
497,1,-1.0,397,0,1
397,1,-1.0,297,0,1
297,1,-1.0,197,0,1
197,1,-1.0,97,0,5
97,5,20.0,85,1,0
51,0,-1.0,151,0,0
151,0,-1.0,251,0,3
251,3,-1.0,231,0,3
231,3,-1.0,211,0,0
211,0,-1.0,311,0,0
311,0,-1.0,411,0,4
411,4,-1.0,419,0,1
419,1,-1.0,319,0,1
319,1,-1.0,219,0,2
219,2,-1.0,239,0,2
239,2,-1.0,259,0,2
259,2,-1.0,279,0,0
279,0,-1.0,379,0,0
379,0,-1.0,479,0,5
479,5,20.0,475,1,0
84,4,-1.0,96,0,1
96,1,-1.0,96,0,0
96,0,-1.0,196,0,3
196,3,-1.0,176,0,0
176,0,-1.0,276,0,3
276,3,-1.0,256,0,3
256,3,-1.0,236,0,1
236,1,-1.0,136,0,3
136,3,-1.0,116,0,5
116,5,-10.0,116,0,1
116,1,-1.0,16,0,5
16,5,20.0,0,1,0
407,0,-1.0,407,0,1
407,1,-1.0,307,0,1
307,1,-1.0,207,0,0
207,0,-1.0,307,0,1
307,1,-1.0,207,0,2
207,2,-1.0,227,0,2
227,2,-1.0,247,0,2
247,2,-1.0,267,0,4
267,4,-10.0,267,0,2
267,2,-1.0,287,0,1
287,1,-1.0,187,0,1
187,1,-1.0,87,0,4
87,4,-1.0,99,0,3
99,3,-1.0,79,0,0
79,0,-1.0,179,0,0
179,0,-1.0,279,0,0
279,0,-1.0,379,0,0
379,0,-1.0,479,0,5
479,5,20.0,475,1,0
389,1,-1.0,289,0,3
289,3,-1.0,269,0,3
269,3,-1.0,249,0,3
249,3,-1.0,229,0,3
229,3,-1.0,209,0,0
209,0,-1.0,309,0,0
309,0,-1.0,409,0,4
409,4,-1.0,417,0,1
417,1,-1.0,317,0,0
317,0,-1.0,417,0,3
417,3,-1.0,417,0,1
417,1,-1.0,317,0,1
317,1,-1.0,217,0,3
217,3,-1.0,217,0,2
217,2,-1.0,237,0,2
237,2,-1.0,257,0,1
257,1,-1.0,157,0,2
157,2,-1.0,177,0,2
177,2,-1.0,197,0,1
197,1,-1.0,97,0,0
97,0,-1.0,197,0,1
197,1,-1.0,97,0,5
97,5,20.0,85,1,0
448,1,-1.0,348,0,1
348,1,-1.0,248,0,3
248,3,-1.0,228,0,3
228,3,-1.0,208,0,5
208,5,-10.0,208,0,0
208,0,-1.0,308,0,0
308,0,-1.0,408,0,0
408,0,-1.0,408,0,4
408,4,-1.0,416,0,1
416,1,-1.0,316,0,1
316,1,-1.0,216,0,1
216,1,-1.0,116,0,1
116,1,-1.0,16,0,5
16,5,20.0,0,1,0
306,1,-1.0,206,0,2
206,2,-1.0,226,0,2
226,2,-1.0,246,0,2
246,2,-1.0,266,0,2
266,2,-1.0,286,0,1
286,1,-1.0,186,0,1
186,1,-1.0,86,0,4
86,4,-1.0,98,0,0
98,0,-1.0,198,0,0
198,0,-1.0,298,0,3
298,3,-1.0,278,0,3
278,3,-1.0,258,0,3
258,3,-1.0,238,0,3
238,3,-1.0,218,0,0
218,0,-1.0,318,0,5
318,5,-10.0,318,0,0
318,0,-1.0,418,0,5
418,5,20.0,410,1,0
146,1,-1.0,46,0,2
46,2,-1.0,66,0,2
66,2,-1.0,86,0,4
86,4,-1.0,98,0,0
98,0,-1.0,198,0,5
198,5,-10.0,198,0,0
198,0,-1.0,298,0,3
298,3,-1.0,278,0,3
278,3,-1.0,258,0,3
258,3,-1.0,238,0,3
238,3,-1.0,218,0,0
218,0,-1.0,318,0,0
318,0,-1.0,418,0,5
418,5,20.0,410,1,0
321,1,-1.0,221,0,1
221,1,-1.0,121,0,1
121,1,-1.0,21,0,3
21,3,-1.0,1,0,4
1,4,-1.0,17,0,0
17,0,-1.0,117,0,2
117,2,-1.0,137,0,0
137,0,-1.0,237,0,3
237,3,-1.0,217,0,2
217,2,-1.0,237,0,2
237,2,-1.0,257,0,1
257,1,-1.0,157,0,2
157,2,-1.0,177,0,2
177,2,-1.0,197,0,3
197,3,-1.0,177,0,2
177,2,-1.0,197,0,1
197,1,-1.0,97,0,5
97,5,20.0,85,1,0
209,0,-1.0,309,0,2
309,2,-1.0,309,0,0
309,0,-1.0,409,0,4
409,4,-1.0,417,0,1
417,1,-1.0,317,0,1
317,1,-1.0,217,0,2
217,2,-1.0,237,0,2
237,2,-1.0,257,0,1
257,1,-1.0,157,0,2
157,2,-1.0,177,0,2
177,2,-1.0,197,0,1
197,1,-1.0,97,0,2
97,2,-1.0,97,0,5
97,5,20.0,85,1,0
464,1,-1.0,364,0,1
364,1,-1.0,264,0,2
264,2,-1.0,284,0,1
284,1,-1.0,184,0,1
184,1,-1.0,84,0,2
84,2,-1.0,84,0,4
84,4,-1.0,96,0,0
96,0,-1.0,196,0,3
196,3,-1.0,176,0,0
176,0,-1.0,276,0,3
276,3,-1.0,256,0,3
256,3,-1.0,236,0,1
236,1,-1.0,136,0,5
136,5,-10.0,136,0,3
136,3,-1.0,116,0,1
116,1,-1.0,16,0,5
16,5,20.0,0,1,0
307,1,-1.0,207,0,2
207,2,-1.0,227,0,1
227,1,-1.0,127,0,0
127,0,-1.0,227,0,2
227,2,-1.0,247,0,2
247,2,-1.0,267,0,2
267,2,-1.0,287,0,1
287,1,-1.0,187,0,1
187,1,-1.0,87,0,4
87,4,-1.0,99,0,3
99,3,-1.0,79,0,0
79,0,-1.0,179,0,0
179,0,-1.0,279,0,0
279,0,-1.0,379,0,0
379,0,-1.0,479,0,5
479,5,20.0,475,1,0
11,0,-1.0,111,0,0
111,0,-1.0,211,0,5
211,5,-10.0,211,0,4
211,4,-10.0,211,0,0
211,0,-1.0,311,0,0
311,0,-1.0,411,0,4
411,4,-1.0,419,0,1
419,1,-1.0,319,0,1
319,1,-1.0,219,0,2
219,2,-1.0,239,0,2
239,2,-1.0,259,0,2
259,2,-1.0,279,0,0
279,0,-1.0,379,0,0
379,0,-1.0,479,0,5
479,5,20.0,475,1,0
152,2,-1.0,172,0,0
172,0,-1.0,272,0,0
272,0,-1.0,372,0,0
372,0,-1.0,472,0,4
472,4,-1.0,476,0,1
476,1,-1.0,376,0,1
376,1,-1.0,276,0,3
276,3,-1.0,256,0,1
256,1,-1.0,156,0,0
156,0,-1.0,256,0,3
256,3,-1.0,236,0,1
236,1,-1.0,136,0,3
136,3,-1.0,116,0,1
116,1,-1.0,16,0,5
16,5,20.0,0,1,0
72,0,-1.0,172,0,0
172,0,-1.0,272,0,0
272,0,-1.0,372,0,0
372,0,-1.0,472,0,3
472,3,-1.0,472,0,4
472,4,-1.0,476,0,2
476,2,-1.0,496,0,3
496,3,-1.0,476,0,1
476,1,-1.0,376,0,1
376,1,-1.0,276,0,3
276,3,-1.0,256,0,3
256,3,-1.0,236,0,1
236,1,-1.0,136,0,3
136,3,-1.0,116,0,1
116,1,-1.0,16,0,5
16,5,20.0,0,1,0
113,0,-1.0,213,0,4
213,4,-10.0,213,0,2
213,2,-1.0,233,0,0
233,0,-1.0,333,0,2
333,2,-1.0,353,0,1
353,1,-1.0,253,0,2
253,2,-1.0,273,0,0
273,0,-1.0,373,0,1
373,1,-1.0,273,0,0
273,0,-1.0,373,0,0
373,0,-1.0,473,0,0
473,0,-1.0,473,0,4
473,4,-1.0,477,0,2
477,2,-1.0,497,0,1
497,1,-1.0,397,0,1
397,1,-1.0,297,0,1
297,1,-1.0,197,0,1
197,1,-1.0,97,0,5
97,5,20.0,85,1,0
246,2,-1.0,266,0,2
266,2,-1.0,286,0,1
286,1,-1.0,186,0,1
186,1,-1.0,86,0,4
86,4,-1.0,98,0,4
98,4,-10.0,98,0,0
98,0,-1.0,198,0,0
198,0,-1.0,298,0,3
298,3,-1.0,278,0,0
278,0,-1.0,378,0,1
378,1,-1.0,278,0,2
278,2,-1.0,298,0,3
298,3,-1.0,278,0,3
278,3,-1.0,258,0,3
258,3,-1.0,238,0,3
238,3,-1.0,218,0,0
218,0,-1.0,318,0,0
318,0,-1.0,418,0,5
418,5,20.0,410,1,0
53,0,-1.0,153,0,0
153,0,-1.0,253,0,2
253,2,-1.0,273,0,0
273,0,-1.0,373,0,0
373,0,-1.0,473,0,4
473,4,-1.0,477,0,2
477,2,-1.0,497,0,1
497,1,-1.0,397,0,1
397,1,-1.0,297,0,1
297,1,-1.0,197,0,1
197,1,-1.0,97,0,5
97,5,20.0,85,1,0
206,1,-1.0,106,0,0
106,0,-1.0,206,0,2
206,2,-1.0,226,0,2
226,2,-1.0,246,0,2
246,2,-1.0,266,0,2
266,2,-1.0,286,0,4
286,4,-10.0,286,0,1
286,1,-1.0,186,0,1
186,1,-1.0,86,0,4
86,4,-1.0,98,0,0
98,0,-1.0,198,0,0
198,0,-1.0,298,0,3
298,3,-1.0,278,0,3
278,3,-1.0,258,0,3
258,3,-1.0,238,0,3
238,3,-1.0,218,0,0
218,0,-1.0,318,0,0
318,0,-1.0,418,0,5
418,5,20.0,410,1,0
471,1,-1.0,371,0,1
371,1,-1.0,271,0,3
271,3,-1.0,251,0,3
251,3,-1.0,231,0,5
231,5,-10.0,231,0,3
231,3,-1.0,211,0,0
211,0,-1.0,311,0,0
311,0,-1.0,411,0,4
411,4,-1.0,419,0,1
419,1,-1.0,319,0,1
319,1,-1.0,219,0,2
219,2,-1.0,239,0,2
239,2,-1.0,259,0,2
259,2,-1.0,279,0,0
279,0,-1.0,379,0,0
379,0,-1.0,479,0,5
479,5,20.0,475,1,0
11,0,-1.0,111,0,0
111,0,-1.0,211,0,0
211,0,-1.0,311,0,0
311,0,-1.0,411,0,4
411,4,-1.0,419,0,1
419,1,-1.0,319,0,1
319,1,-1.0,219,0,2
219,2,-1.0,239,0,2
239,2,-1.0,259,0,2
259,2,-1.0,279,0,0
279,0,-1.0,379,0,0
379,0,-1.0,479,0,5
479,5,20.0,475,1,0
64,2,-1.0,84,0,4
84,4,-1.0,96,0,0
96,0,-1.0,196,0,3
196,3,-1.0,176,0,0
176,0,-1.0,276,0,3
276,3,-1.0,256,0,3
256,3,-1.0,236,0,1
236,1,-1.0,136,0,4
136,4,-10.0,136,0,3
136,3,-1.0,116,0,1
116,1,-1.0,16,0,1
16,1,-1.0,16,0,5
16,5,20.0,0,1,0
93,3,-1.0,73,0,0
73,0,-1.0,173,0,0
173,0,-1.0,273,0,0
273,0,-1.0,373,0,0
373,0,-1.0,473,0,4
473,4,-1.0,477,0,2
477,2,-1.0,497,0,1
497,1,-1.0,397,0,1
397,1,-1.0,297,0,1
297,1,-1.0,197,0,1
197,1,-1.0,97,0,5
97,5,20.0,85,1,0
91,3,-1.0,71,0,0
71,0,-1.0,171,0,0
171,0,-1.0,271,0,2
271,2,-1.0,291,0,3
291,3,-1.0,271,0,3
271,3,-1.0,251,0,3
251,3,-1.0,231,0,3
231,3,-1.0,211,0,0
211,0,-1.0,311,0,5
311,5,-10.0,311,0,0
311,0,-1.0,411,0,4
411,4,-1.0,419,0,0
419,0,-1.0,419,0,1
419,1,-1.0,319,0,1
319,1,-1.0,219,0,2
219,2,-1.0,239,0,2
239,2,-1.0,259,0,2
259,2,-1.0,279,0,0
279,0,-1.0,379,0,0
379,0,-1.0,479,0,5
479,5,20.0,475,1,0
146,2,-1.0,166,0,2
166,2,-1.0,186,0,1
186,1,-1.0,86,0,4
86,4,-1.0,98,0,0
98,0,-1.0,198,0,0
198,0,-1.0,298,0,3
298,3,-1.0,278,0,3
278,3,-1.0,258,0,3
258,3,-1.0,238,0,3
238,3,-1.0,218,0,5
218,5,-10.0,218,0,0
218,0,-1.0,318,0,0
318,0,-1.0,418,0,1
418,1,-1.0,318,0,0
318,0,-1.0,418,0,5
418,5,20.0,410,1,0
322,1,-1.0,222,0,1
222,1,-1.0,122,0,3
122,3,-1.0,102,0,1
102,1,-1.0,2,0,4
2,4,-1.0,18,0,0
18,0,-1.0,118,0,0
118,0,-1.0,218,0,0
218,0,-1.0,318,0,0
318,0,-1.0,418,0,5
418,5,20.0,410,1,0
46,2,-1.0,66,0,3
66,3,-1.0,46,0,2
46,2,-1.0,66,0,2
66,2,-1.0,86,0,4
86,4,-1.0,98,0,0
98,0,-1.0,198,0,0
198,0,-1.0,298,0,3
298,3,-1.0,278,0,3
278,3,-1.0,258,0,3
258,3,-1.0,238,0,3
238,3,-1.0,218,0,0
218,0,-1.0,318,0,0
318,0,-1.0,418,0,5
418,5,20.0,410,1,0
453,1,-1.0,353,0,1
353,1,-1.0,253,0,2
253,2,-1.0,273,0,0
273,0,-1.0,373,0,0
373,0,-1.0,473,0,4
473,4,-1.0,477,0,5
477,5,-1.0,473,0,4
473,4,-1.0,477,0,2
477,2,-1.0,497,0,1
497,1,-1.0,397,0,1
397,1,-1.0,297,0,1
297,1,-1.0,197,0,1
197,1,-1.0,97,0,5
97,5,20.0,85,1,0
166,2,-1.0,186,0,1
186,1,-1.0,86,0,4
86,4,-1.0,98,0,0
98,0,-1.0,198,0,0
198,0,-1.0,298,0,3
298,3,-1.0,278,0,3
278,3,-1.0,258,0,3
258,3,-1.0,238,0,3
238,3,-1.0,218,0,0
218,0,-1.0,318,0,0
318,0,-1.0,418,0,4
418,4,-10.0,418,0,5
418,5,20.0,410,1,0
227,2,-1.0,247,0,2
247,2,-1.0,267,0,2
267,2,-1.0,287,0,1
287,1,-1.0,187,0,1
187,1,-1.0,87,0,4
87,4,-1.0,99,0,3
99,3,-1.0,79,0,0
79,0,-1.0,179,0,0
179,0,-1.0,279,0,0
279,0,-1.0,379,0,0
379,0,-1.0,479,0,5
479,5,20.0,475,1,0
128,0,-1.0,228,0,3
228,3,-1.0,208,0,0
208,0,-1.0,308,0,0
308,0,-1.0,408,0,5
408,5,-10.0,408,0,4
408,4,-1.0,416,0,1
416,1,-1.0,316,0,1
316,1,-1.0,216,0,1
216,1,-1.0,116,0,1
116,1,-1.0,16,0,5
16,5,20.0,0,1,0
382,1,-1.0,282,0,3
282,3,-1.0,262,0,3
262,3,-1.0,242,0,3
242,3,-1.0,222,0,1
222,1,-1.0,122,0,3
122,3,-1.0,102,0,1
102,1,-1.0,2,0,4
2,4,-1.0,18,0,0
18,0,-1.0,118,0,0
118,0,-1.0,218,0,0
218,0,-1.0,318,0,0
318,0,-1.0,418,0,5
418,5,20.0,410,1,0
226,2,-1.0,246,0,2
246,2,-1.0,266,0,2
266,2,-1.0,286,0,1
286,1,-1.0,186,0,1
186,1,-1.0,86,0,4
86,4,-1.0,98,0,0
98,0,-1.0,198,0,0
198,0,-1.0,298,0,3
298,3,-1.0,278,0,3
278,3,-1.0,258,0,3
258,3,-1.0,238,0,3
238,3,-1.0,218,0,0
218,0,-1.0,318,0,0
318,0,-1.0,418,0,5
418,5,20.0,410,1,0
13,0,-1.0,113,0,0
113,0,-1.0,213,0,2
213,2,-1.0,233,0,2
233,2,-1.0,253,0,2
253,2,-1.0,273,0,0
273,0,-1.0,373,0,0
373,0,-1.0,473,0,4
473,4,-1.0,477,0,2
477,2,-1.0,497,0,5
497,5,-10.0,497,0,1
497,1,-1.0,397,0,1
397,1,-1.0,297,0,1
297,1,-1.0,197,0,1
197,1,-1.0,97,0,5
97,5,20.0,85,1,0
204,2,-1.0,224,0,2
224,2,-1.0,244,0,1
244,1,-1.0,144,0,2
144,2,-1.0,164,0,2
164,2,-1.0,184,0,1
184,1,-1.0,84,0,4
84,4,-1.0,96,0,2
96,2,-1.0,96,0,0
96,0,-1.0,196,0,3
196,3,-1.0,176,0,0
176,0,-1.0,276,0,3
276,3,-1.0,256,0,3
256,3,-1.0,236,0,1
236,1,-1.0,136,0,3
136,3,-1.0,116,0,1
116,1,-1.0,16,0,5
16,5,20.0,0,1,0
361,1,-1.0,261,0,3
261,3,-1.0,241,0,3
241,3,-1.0,221,0,1
221,1,-1.0,121,0,1
121,1,-1.0,21,0,3
21,3,-1.0,1,0,4
1,4,-1.0,17,0,0
17,0,-1.0,117,0,2
117,2,-1.0,137,0,0
137,0,-1.0,237,0,2
237,2,-1.0,257,0,1
257,1,-1.0,157,0,2
157,2,-1.0,177,0,2
177,2,-1.0,197,0,1
197,1,-1.0,97,0,5
97,5,20.0,85,1,0
174,0,-1.0,274,0,0
274,0,-1.0,374,0,0
374,0,-1.0,474,0,4
474,4,-1.0,478,0,1
478,1,-1.0,378,0,1
378,1,-1.0,278,0,3
278,3,-1.0,258,0,3
258,3,-1.0,238,0,3
238,3,-1.0,218,0,0
218,0,-1.0,318,0,0
318,0,-1.0,418,0,5
418,5,20.0,410,1,0
104,2,-1.0,124,0,0
124,0,-1.0,224,0,2
224,2,-1.0,244,0,3
244,3,-1.0,224,0,2
224,2,-1.0,244,0,5
244,5,-10.0,244,0,1
244,1,-1.0,144,0,2
144,2,-1.0,164,0,2
164,2,-1.0,184,0,1
184,1,-1.0,84,0,4
84,4,-1.0,96,0,0
96,0,-1.0,196,0,3
196,3,-1.0,176,0,0
176,0,-1.0,276,0,3
276,3,-1.0,256,0,3
256,3,-1.0,236,0,1
236,1,-1.0,136,0,2
136,2,-1.0,136,0,3
136,3,-1.0,116,0,1
116,1,-1.0,16,0,5
16,5,20.0,0,1,0
223,1,-1.0,123,0,4
123,4,-10.0,123,0,3
123,3,-1.0,103,0,5
103,5,-10.0,103,0,1
103,1,-1.0,3,0,4
3,4,-1.0,19,0,0
19,0,-1.0,119,0,0
119,0,-1.0,219,0,2
219,2,-1.0,239,0,2
239,2,-1.0,259,0,2
259,2,-1.0,279,0,0
279,0,-1.0,379,0,0
379,0,-1.0,479,0,5
479,5,20.0,475,1,0
424,1,-1.0,324,0,1
324,1,-1.0,224,0,2
224,2,-1.0,244,0,1
244,1,-1.0,144,0,2
144,2,-1.0,164,0,2
164,2,-1.0,184,0,1
184,1,-1.0,84,0,4
84,4,-1.0,96,0,0
96,0,-1.0,196,0,5
196,5,-10.0,196,0,3
196,3,-1.0,176,0,0
176,0,-1.0,276,0,3
276,3,-1.0,256,0,3
256,3,-1.0,236,0,1
236,1,-1.0,136,0,2
136,2,-1.0,136,0,3
136,3,-1.0,116,0,1
116,1,-1.0,16,0,5
16,5,20.0,0,1,0
154,0,-1.0,254,0,2
254,2,-1.0,274,0,0
274,0,-1.0,374,0,0
374,0,-1.0,474,0,4
474,4,-1.0,478,0,1
478,1,-1.0,378,0,1
378,1,-1.0,278,0,3
278,3,-1.0,258,0,3
258,3,-1.0,238,0,1
238,1,-1.0,138,0,3
138,3,-1.0,118,0,0
118,0,-1.0,218,0,0
218,0,-1.0,318,0,0
318,0,-1.0,418,0,5
418,5,20.0,410,1,0
123,3,-1.0,103,0,1
103,1,-1.0,3,0,4
3,4,-1.0,19,0,0
19,0,-1.0,119,0,0
119,0,-1.0,219,0,2
219,2,-1.0,239,0,2
239,2,-1.0,259,0,2
259,2,-1.0,279,0,0
279,0,-1.0,379,0,0
379,0,-1.0,479,0,5
479,5,20.0,475,1,0
163,0,-1.0,263,0,3
263,3,-1.0,243,0,3
243,3,-1.0,223,0,1
223,1,-1.0,123,0,3
123,3,-1.0,103,0,1
103,1,-1.0,3,0,4
3,4,-1.0,19,0,0
19,0,-1.0,119,0,0
119,0,-1.0,219,0,2
219,2,-1.0,239,0,2
239,2,-1.0,259,0,2
259,2,-1.0,279,0,0
279,0,-1.0,379,0,0
379,0,-1.0,479,0,5
479,5,20.0,475,1,0
123,3,-1.0,103,0,1
103,1,-1.0,3,0,4
3,4,-1.0,19,0,0
19,0,-1.0,119,0,0
119,0,-1.0,219,0,2
219,2,-1.0,239,0,2
239,2,-1.0,259,0,2
259,2,-1.0,279,0,0
279,0,-1.0,379,0,0
379,0,-1.0,479,0,5
479,5,20.0,475,1,0
86,4,-1.0,98,0,0
98,0,-1.0,198,0,5
198,5,-10.0,198,0,0
198,0,-1.0,298,0,3
298,3,-1.0,278,0,3
278,3,-1.0,258,0,4
258,4,-10.0,258,0,3
258,3,-1.0,238,0,3
238,3,-1.0,218,0,0
218,0,-1.0,318,0,0
318,0,-1.0,418,0,5
418,5,20.0,410,1,0
128,0,-1.0,228,0,3
228,3,-1.0,208,0,0
208,0,-1.0,308,0,0
308,0,-1.0,408,0,4
408,4,-1.0,416,0,4
416,4,-10.0,416,0,1
416,1,-1.0,316,0,1
316,1,-1.0,216,0,1
216,1,-1.0,116,0,1
116,1,-1.0,16,0,5
16,5,20.0,0,1,0
52,0,-1.0,152,0,2
152,2,-1.0,172,0,0
172,0,-1.0,272,0,0
272,0,-1.0,372,0,0
372,0,-1.0,472,0,4
472,4,-1.0,476,0,2
476,2,-1.0,496,0,3
496,3,-1.0,476,0,1
476,1,-1.0,376,0,1
376,1,-1.0,276,0,4
276,4,-10.0,276,0,3
276,3,-1.0,256,0,0
256,0,-1.0,356,0,1
356,1,-1.0,256,0,3
256,3,-1.0,236,0,1
236,1,-1.0,136,0,3
136,3,-1.0,116,0,2
116,2,-1.0,136,0,3
136,3,-1.0,116,0,1
116,1,-1.0,16,0,5
16,5,20.0,0,1,0
408,3,-1.0,408,0,4
408,4,-1.0,416,0,4
416,4,-10.0,416,0,1
416,1,-1.0,316,0,1
316,1,-1.0,216,0,1
216,1,-1.0,116,0,3
116,3,-1.0,116,0,1
116,1,-1.0,16,0,5
16,5,20.0,0,1,0
263,3,-1.0,243,0,3
243,3,-1.0,223,0,1
223,1,-1.0,123,0,2
123,2,-1.0,123,0,3
123,3,-1.0,103,0,0
103,0,-1.0,203,0,1
203,1,-1.0,103,0,1
103,1,-1.0,3,0,4
3,4,-1.0,19,0,1
19,1,-1.0,19,0,0
19,0,-1.0,119,0,0
119,0,-1.0,219,0,0
219,0,-1.0,319,0,1
319,1,-1.0,219,0,2
219,2,-1.0,239,0,2
239,2,-1.0,259,0,2
259,2,-1.0,279,0,0
279,0,-1.0,379,0,0
379,0,-1.0,479,0,5
479,5,20.0,475,1,0
212,2,-1.0,232,0,2
232,2,-1.0,252,0,2
252,2,-1.0,272,0,0
272,0,-1.0,372,0,0
372,0,-1.0,472,0,4
472,4,-1.0,476,0,1
476,1,-1.0,376,0,1
376,1,-1.0,276,0,3
276,3,-1.0,256,0,3
256,3,-1.0,236,0,1
236,1,-1.0,136,0,3
136,3,-1.0,116,0,1
116,1,-1.0,16,0,5
16,5,20.0,0,1,0
131,3,-1.0,111,0,0
111,0,-1.0,211,0,0
211,0,-1.0,311,0,0
311,0,-1.0,411,0,4
411,4,-1.0,419,0,4
419,4,-10.0,419,0,0
419,0,-1.0,419,0,1
419,1,-1.0,319,0,1
319,1,-1.0,219,0,2
219,2,-1.0,239,0,2
239,2,-1.0,259,0,2
259,2,-1.0,279,0,0
279,0,-1.0,379,0,0
379,0,-1.0,479,0,5
479,5,20.0,475,1,0
368,1,-1.0,268,0,3
268,3,-1.0,248,0,3
248,3,-1.0,228,0,3
228,3,-1.0,208,0,0
208,0,-1.0,308,0,0
308,0,-1.0,408,0,4
408,4,-1.0,416,0,1
416,1,-1.0,316,0,1
316,1,-1.0,216,0,1
216,1,-1.0,116,0,1
116,1,-1.0,16,0,5
16,5,20.0,0,1,0
8,0,-1.0,108,0,0
108,0,-1.0,208,0,1
208,1,-1.0,108,0,0
108,0,-1.0,208,0,0
208,0,-1.0,308,0,0
308,0,-1.0,408,0,4
408,4,-1.0,416,0,1
416,1,-1.0,316,0,1
316,1,-1.0,216,0,1
216,1,-1.0,116,0,1
116,1,-1.0,16,0,5
16,5,20.0,0,1,0
372,0,-1.0,472,0,4
472,4,-1.0,476,0,1
476,1,-1.0,376,0,1
376,1,-1.0,276,0,3
276,3,-1.0,256,0,3
256,3,-1.0,236,0,1
236,1,-1.0,136,0,3
136,3,-1.0,116,0,1
116,1,-1.0,16,0,4
16,4,-10.0,16,0,5
16,5,20.0,0,1,0
3,4,-1.0,19,0,0
19,0,-1.0,119,0,1
119,1,-1.0,19,0,0
19,0,-1.0,119,0,0
119,0,-1.0,219,0,2
219,2,-1.0,239,0,2
239,2,-1.0,259,0,2
259,2,-1.0,279,0,0
279,0,-1.0,379,0,2
379,2,-1.0,399,0,3
399,3,-1.0,379,0,0
379,0,-1.0,479,0,5
479,5,20.0,475,1,0
74,0,-1.0,174,0,0
174,0,-1.0,274,0,0
274,0,-1.0,374,0,4
374,4,-10.0,374,0,0
374,0,-1.0,474,0,4
474,4,-1.0,478,0,1
478,1,-1.0,378,0,1
378,1,-1.0,278,0,3
278,3,-1.0,258,0,3
258,3,-1.0,238,0,3
238,3,-1.0,218,0,0
218,0,-1.0,318,0,0
318,0,-1.0,418,0,3
418,3,-1.0,418,0,5
418,5,20.0,410,1,0
268,3,-1.0,248,0,3
248,3,-1.0,228,0,3
228,3,-1.0,208,0,0
208,0,-1.0,308,0,0
308,0,-1.0,408,0,4
408,4,-1.0,416,0,1
416,1,-1.0,316,0,1
316,1,-1.0,216,0,1
216,1,-1.0,116,0,1
116,1,-1.0,16,0,5
16,5,20.0,0,1,0
254,2,-1.0,274,0,0
274,0,-1.0,374,0,0
374,0,-1.0,474,0,4
474,4,-1.0,478,0,1
478,1,-1.0,378,0,0
378,0,-1.0,478,0,1
478,1,-1.0,378,0,4
378,4,-10.0,378,0,1
378,1,-1.0,278,0,3
278,3,-1.0,258,0,3
258,3,-1.0,238,0,3
238,3,-1.0,218,0,0
218,0,-1.0,318,0,0
318,0,-1.0,418,0,5
418,5,20.0,410,1,0
134,0,-1.0,234,0,2
234,2,-1.0,254,0,2
254,2,-1.0,274,0,0
274,0,-1.0,374,0,0
374,0,-1.0,474,0,4
474,4,-1.0,478,0,1
478,1,-1.0,378,0,1
378,1,-1.0,278,0,3
278,3,-1.0,258,0,3
258,3,-1.0,238,0,3
238,3,-1.0,218,0,0
218,0,-1.0,318,0,0
318,0,-1.0,418,0,5
418,5,20.0,410,1,0
66,2,-1.0,86,0,4
86,4,-1.0,98,0,5
98,5,-1.0,86,0,4
86,4,-1.0,98,0,0
98,0,-1.0,198,0,4
198,4,-10.0,198,0,0
198,0,-1.0,298,0,3
298,3,-1.0,278,0,1
278,1,-1.0,178,0,0
178,0,-1.0,278,0,1
278,1,-1.0,178,0,0
178,0,-1.0,278,0,3
278,3,-1.0,258,0,3
258,3,-1.0,238,0,3
238,3,-1.0,218,0,0
218,0,-1.0,318,0,0
318,0,-1.0,418,0,5
418,5,20.0,410,1,0
266,2,-1.0,286,0,3
286,3,-1.0,266,0,2
266,2,-1.0,286,0,1
286,1,-1.0,186,0,1
186,1,-1.0,86,0,4
86,4,-1.0,98,0,0
98,0,-1.0,198,0,0
198,0,-1.0,298,0,3
298,3,-1.0,278,0,3
278,3,-1.0,258,0,3
258,3,-1.0,238,0,3
238,3,-1.0,218,0,1
218,1,-1.0,118,0,5
118,5,-10.0,118,0,0
118,0,-1.0,218,0,0
218,0,-1.0,318,0,0
318,0,-1.0,418,0,5
418,5,20.0,410,1,0
13,0,-1.0,113,0,0
113,0,-1.0,213,0,2
213,2,-1.0,233,0,2
233,2,-1.0,253,0,2
253,2,-1.0,273,0,0
273,0,-1.0,373,0,0
373,0,-1.0,473,0,4
473,4,-1.0,477,0,2
477,2,-1.0,497,0,1
497,1,-1.0,397,0,1
397,1,-1.0,297,0,1
297,1,-1.0,197,0,1
197,1,-1.0,97,0,5
97,5,20.0,85,1,0
247,2,-1.0,267,0,0
267,0,-1.0,367,0,2
367,2,-1.0,387,0,1
387,1,-1.0,287,0,1
287,1,-1.0,187,0,1
187,1,-1.0,87,0,0
87,0,-1.0,187,0,1
187,1,-1.0,87,0,4
87,4,-1.0,99,0,3
99,3,-1.0,79,0,0
79,0,-1.0,179,0,3
179,3,-1.0,159,0,0
159,0,-1.0,259,0,2
259,2,-1.0,279,0,0
279,0,-1.0,379,0,0
379,0,-1.0,479,0,5
479,5,20.0,475,1,0
168,0,-1.0,268,0,3
268,3,-1.0,248,0,3
248,3,-1.0,228,0,3
228,3,-1.0,208,0,0
208,0,-1.0,308,0,0
308,0,-1.0,408,0,4
408,4,-1.0,416,0,1
416,1,-1.0,316,0,1
316,1,-1.0,216,0,1
216,1,-1.0,116,0,1
116,1,-1.0,16,0,5
16,5,20.0,0,1,0
431,1,-1.0,331,0,1
331,1,-1.0,231,0,4
231,4,-10.0,231,0,3
231,3,-1.0,211,0,0
211,0,-1.0,311,0,0
311,0,-1.0,411,0,4
411,4,-1.0,419,0,2
419,2,-1.0,419,0,1
419,1,-1.0,319,0,4
319,4,-10.0,319,0,1
319,1,-1.0,219,0,2
219,2,-1.0,239,0,2
239,2,-1.0,259,0,2
259,2,-1.0,279,0,0
279,0,-1.0,379,0,0
379,0,-1.0,479,0,3
479,3,-1.0,479,0,5
479,5,20.0,475,1,0
326,1,-1.0,226,0,2
226,2,-1.0,246,0,2
246,2,-1.0,266,0,2
266,2,-1.0,286,0,1
286,1,-1.0,186,0,5
186,5,-10.0,186,0,1
186,1,-1.0,86,0,4
86,4,-1.0,98,0,0
98,0,-1.0,198,0,0
198,0,-1.0,298,0,3
298,3,-1.0,278,0,3
278,3,-1.0,258,0,3
258,3,-1.0,238,0,3
238,3,-1.0,218,0,0
218,0,-1.0,318,0,0
318,0,-1.0,418,0,5
418,5,20.0,410,1,0
349,1,-1.0,249,0,3
249,3,-1.0,229,0,0
229,0,-1.0,329,0,1
329,1,-1.0,229,0,3
229,3,-1.0,209,0,0
209,0,-1.0,309,0,0
309,0,-1.0,409,0,4
409,4,-1.0,417,0,1
417,1,-1.0,317,0,1
317,1,-1.0,217,0,2
217,2,-1.0,237,0,2
237,2,-1.0,257,0,1
257,1,-1.0,157,0,2
157,2,-1.0,177,0,2
177,2,-1.0,197,0,1
197,1,-1.0,97,0,5
97,5,20.0,85,1,0
191,5,-10.0,191,0,0
191,0,-1.0,291,0,3
291,3,-1.0,271,0,3
271,3,-1.0,251,0,3
251,3,-1.0,231,0,3
231,3,-1.0,211,0,0
211,0,-1.0,311,0,0
311,0,-1.0,411,0,4
411,4,-1.0,419,0,1
419,1,-1.0,319,0,1
319,1,-1.0,219,0,2
219,2,-1.0,239,0,2
239,2,-1.0,259,0,2
259,2,-1.0,279,0,2
279,2,-1.0,299,0,3
299,3,-1.0,279,0,0
279,0,-1.0,379,0,5
379,5,-10.0,379,0,0
379,0,-1.0,479,0,2
479,2,-1.0,499,0,3
499,3,-1.0,479,0,5
479,5,20.0,475,1,0
22,3,-1.0,2,0,4
2,4,-1.0,18,0,0
18,0,-1.0,118,0,0
118,0,-1.0,218,0,0
218,0,-1.0,318,0,0
318,0,-1.0,418,0,5
418,5,20.0,410,1,0
84,4,-1.0,96,0,0
96,0,-1.0,196,0,0
196,0,-1.0,296,0,3
296,3,-1.0,276,0,1
276,1,-1.0,176,0,0
176,0,-1.0,276,0,3
276,3,-1.0,256,0,3
256,3,-1.0,236,0,1
236,1,-1.0,136,0,3
136,3,-1.0,116,0,1
116,1,-1.0,16,0,5
16,5,20.0,0,1,0
243,3,-1.0,223,0,1
223,1,-1.0,123,0,3
123,3,-1.0,103,0,1
103,1,-1.0,3,0,2
3,2,-1.0,23,0,3
23,3,-1.0,3,0,4
3,4,-1.0,19,0,0
19,0,-1.0,119,0,0
119,0,-1.0,219,0,2
219,2,-1.0,239,0,2
239,2,-1.0,259,0,2
259,2,-1.0,279,0,0
279,0,-1.0,379,0,0
379,0,-1.0,479,0,5
479,5,20.0,475,1,0
131,3,-1.0,111,0,0
111,0,-1.0,211,0,0
211,0,-1.0,311,0,1
311,1,-1.0,211,0,0
211,0,-1.0,311,0,0
311,0,-1.0,411,0,4
411,4,-1.0,419,0,1
419,1,-1.0,319,0,1
319,1,-1.0,219,0,2
219,2,-1.0,239,0,2
239,2,-1.0,259,0,2
259,2,-1.0,279,0,0
279,0,-1.0,379,0,0
379,0,-1.0,479,0,5
479,5,20.0,475,1,0
203,1,-1.0,103,0,5
103,5,-10.0,103,0,1
103,1,-1.0,3,0,4
3,4,-1.0,19,0,0
19,0,-1.0,119,0,0
119,0,-1.0,219,0,2
219,2,-1.0,239,0,2
239,2,-1.0,259,0,2
259,2,-1.0,279,0,0
279,0,-1.0,379,0,0
379,0,-1.0,479,0,5
479,5,20.0,475,1,0
229,5,-10.0,229,0,3
229,3,-1.0,209,0,0
209,0,-1.0,309,0,0
309,0,-1.0,409,0,4
409,4,-1.0,417,0,1
417,1,-1.0,317,0,3
317,3,-1.0,317,0,1
317,1,-1.0,217,0,2
217,2,-1.0,237,0,2
237,2,-1.0,257,0,1
257,1,-1.0,157,0,2
157,2,-1.0,177,0,2
177,2,-1.0,197,0,1
197,1,-1.0,97,0,5
97,5,20.0,85,1,0
108,0,-1.0,208,0,0
208,0,-1.0,308,0,0
308,0,-1.0,408,0,5
408,5,-10.0,408,0,4
408,4,-1.0,416,0,1
416,1,-1.0,316,0,1
316,1,-1.0,216,0,1
216,1,-1.0,116,0,1
116,1,-1.0,16,0,5
16,5,20.0,0,1,0
422,1,-1.0,322,0,1
322,1,-1.0,222,0,1
222,1,-1.0,122,0,3
122,3,-1.0,102,0,1
102,1,-1.0,2,0,2
2,2,-1.0,22,0,3
22,3,-1.0,2,0,4
2,4,-1.0,18,0,0
18,0,-1.0,118,0,0
118,0,-1.0,218,0,0
218,0,-1.0,318,0,0
318,0,-1.0,418,0,5
418,5,20.0,410,1,0
313,1,-1.0,213,0,2
213,2,-1.0,233,0,2
233,2,-1.0,253,0,2
253,2,-1.0,273,0,0
273,0,-1.0,373,0,0
373,0,-1.0,473,0,4
473,4,-1.0,477,0,2
477,2,-1.0,497,0,1
497,1,-1.0,397,0,1
397,1,-1.0,297,0,1
297,1,-1.0,197,0,1
197,1,-1.0,97,0,5
97,5,20.0,85,1,0
406,1,-1.0,306,0,1
306,1,-1.0,206,0,2
206,2,-1.0,226,0,2
226,2,-1.0,246,0,2
246,2,-1.0,266,0,2
266,2,-1.0,286,0,5
286,5,-10.0,286,0,1
286,1,-1.0,186,0,1
186,1,-1.0,86,0,4
86,4,-1.0,98,0,0
98,0,-1.0,198,0,0
198,0,-1.0,298,0,3
298,3,-1.0,278,0,3
278,3,-1.0,258,0,3
258,3,-1.0,238,0,3
238,3,-1.0,218,0,0
218,0,-1.0,318,0,0
318,0,-1.0,418,0,5
418,5,20.0,410,1,0
94,3,-1.0,74,0,0
74,0,-1.0,174,0,0
174,0,-1.0,274,0,0
274,0,-1.0,374,0,0
374,0,-1.0,474,0,4
474,4,-1.0,478,0,1
478,1,-1.0,378,0,1
378,1,-1.0,278,0,3
278,3,-1.0,258,0,3
258,3,-1.0,238,0,3
238,3,-1.0,218,0,4
218,4,-10.0,218,0,0
218,0,-1.0,318,0,0
318,0,-1.0,418,0,5
418,5,20.0,410,1,0
153,0,-1.0,253,0,2
253,2,-1.0,273,0,2
273,2,-1.0,293,0,3
293,3,-1.0,273,0,0
273,0,-1.0,373,0,0
373,0,-1.0,473,0,4
473,4,-1.0,477,0,2
477,2,-1.0,497,0,1
497,1,-1.0,397,0,1
397,1,-1.0,297,0,3
297,3,-1.0,277,0,1
277,1,-1.0,177,0,2
177,2,-1.0,197,0,1
197,1,-1.0,97,0,5
97,5,20.0,85,1,0
334,2,-1.0,354,0,1
354,1,-1.0,254,0,2
254,2,-1.0,274,0,0
274,0,-1.0,374,0,0
374,0,-1.0,474,0,4
474,4,-1.0,478,0,1
478,1,-1.0,378,0,1
378,1,-1.0,278,0,0
278,0,-1.0,378,0,1
378,1,-1.0,278,0,3
278,3,-1.0,258,0,3
258,3,-1.0,238,0,3
238,3,-1.0,218,0,0
218,0,-1.0,318,0,0
318,0,-1.0,418,0,5
418,5,20.0,410,1,0
141,0,-1.0,241,0,3
241,3,-1.0,221,0,1
221,1,-1.0,121,0,1
121,1,-1.0,21,0,3
21,3,-1.0,1,0,4
1,4,-1.0,17,0,0
17,0,-1.0,117,0,2
117,2,-1.0,137,0,0
137,0,-1.0,237,0,2
237,2,-1.0,257,0,1
257,1,-1.0,157,0,3
157,3,-1.0,157,0,2
157,2,-1.0,177,0,2
177,2,-1.0,197,0,1
197,1,-1.0,97,0,5
97,5,20.0,85,1,0
234,2,-1.0,254,0,2
254,2,-1.0,274,0,0
274,0,-1.0,374,0,0
374,0,-1.0,474,0,4
474,4,-1.0,478,0,1
478,1,-1.0,378,0,4
378,4,-10.0,378,0,1
378,1,-1.0,278,0,3
278,3,-1.0,258,0,5
258,5,-10.0,258,0,3
258,3,-1.0,238,0,3
238,3,-1.0,218,0,0
218,0,-1.0,318,0,0
318,0,-1.0,418,0,5
418,5,20.0,410,1,0
462,1,-1.0,362,0,1
362,1,-1.0,262,0,3
262,3,-1.0,242,0,3
242,3,-1.0,222,0,1
222,1,-1.0,122,0,3
122,3,-1.0,102,0,1
102,1,-1.0,2,0,4
2,4,-1.0,18,0,0
18,0,-1.0,118,0,2
118,2,-1.0,138,0,3
138,3,-1.0,118,0,0
118,0,-1.0,218,0,0
218,0,-1.0,318,0,0
318,0,-1.0,418,0,2
418,2,-1.0,418,0,5
418,5,20.0,410,1,0
149,0,-1.0,249,0,3
249,3,-1.0,229,0,3
229,3,-1.0,209,0,0
209,0,-1.0,309,0,0
309,0,-1.0,409,0,4
409,4,-1.0,417,0,1
417,1,-1.0,317,0,1
317,1,-1.0,217,0,2
217,2,-1.0,237,0,2
237,2,-1.0,257,0,1
257,1,-1.0,157,0,2
157,2,-1.0,177,0,2
177,2,-1.0,197,0,1
197,1,-1.0,97,0,5
97,5,20.0,85,1,0
328,1,-1.0,228,0,3
228,3,-1.0,208,0,0
208,0,-1.0,308,0,0
308,0,-1.0,408,0,1
408,1,-1.0,308,0,1
308,1,-1.0,208,0,0
208,0,-1.0,308,0,0
308,0,-1.0,408,0,4
408,4,-1.0,416,0,1
416,1,-1.0,316,0,1
316,1,-1.0,216,0,1
216,1,-1.0,116,0,1
116,1,-1.0,16,0,5
16,5,20.0,0,1,0
427,1,-1.0,327,0,2
327,2,-1.0,347,0,1
347,1,-1.0,247,0,0
247,0,-1.0,347,0,1
347,1,-1.0,247,0,2
247,2,-1.0,267,0,2
267,2,-1.0,287,0,1
287,1,-1.0,187,0,1
187,1,-1.0,87,0,4
87,4,-1.0,99,0,3
99,3,-1.0,79,0,0
79,0,-1.0,179,0,0
179,0,-1.0,279,0,0
279,0,-1.0,379,0,3
379,3,-1.0,379,0,0
379,0,-1.0,479,0,5
479,5,20.0,475,1,0
12,0,-1.0,112,0,0
112,0,-1.0,212,0,2
212,2,-1.0,232,0,2
232,2,-1.0,252,0,2
252,2,-1.0,272,0,0
272,0,-1.0,372,0,0
372,0,-1.0,472,0,4
472,4,-1.0,476,0,1
476,1,-1.0,376,0,1
376,1,-1.0,276,0,3
276,3,-1.0,256,0,3
256,3,-1.0,236,0,1
236,1,-1.0,136,0,3
136,3,-1.0,116,0,1
116,1,-1.0,16,0,3
16,3,-1.0,16,0,5
16,5,20.0,0,1,0
449,1,-1.0,349,0,1
349,1,-1.0,249,0,3
249,3,-1.0,229,0,3
229,3,-1.0,209,0,0
209,0,-1.0,309,0,0
309,0,-1.0,409,0,4
409,4,-1.0,417,0,1
417,1,-1.0,317,0,1
317,1,-1.0,217,0,2
217,2,-1.0,237,0,2
237,2,-1.0,257,0,1
257,1,-1.0,157,0,2
157,2,-1.0,177,0,3
177,3,-1.0,157,0,5
157,5,-10.0,157,0,2
157,2,-1.0,177,0,2
177,2,-1.0,197,0,1
197,1,-1.0,97,0,5
97,5,20.0,85,1,0
407,1,-1.0,307,0,1
307,1,-1.0,207,0,2
207,2,-1.0,227,0,2
227,2,-1.0,247,0,2
247,2,-1.0,267,0,2
267,2,-1.0,287,0,5
287,5,-10.0,287,0,1
287,1,-1.0,187,0,1
187,1,-1.0,87,0,4
87,4,-1.0,99,0,3
99,3,-1.0,79,0,0
79,0,-1.0,179,0,0
179,0,-1.0,279,0,0
279,0,-1.0,379,0,1
379,1,-1.0,279,0,0
279,0,-1.0,379,0,0
379,0,-1.0,479,0,2
479,2,-1.0,499,0,3
499,3,-1.0,479,0,5
479,5,20.0,475,1,0
266,2,-1.0,286,0,5
286,5,-10.0,286,0,1
286,1,-1.0,186,0,1
186,1,-1.0,86,0,4
86,4,-1.0,98,0,0
98,0,-1.0,198,0,0
198,0,-1.0,298,0,2
298,2,-1.0,298,0,3
298,3,-1.0,278,0,0
278,0,-1.0,378,0,4
378,4,-10.0,378,0,1
378,1,-1.0,278,0,3
278,3,-1.0,258,0,3
258,3,-1.0,238,0,3
238,3,-1.0,218,0,0
218,0,-1.0,318,0,0
318,0,-1.0,418,0,5
418,5,20.0,410,1,0
292,3,-1.0,272,0,0
272,0,-1.0,372,0,0
372,0,-1.0,472,0,4
472,4,-1.0,476,0,1
476,1,-1.0,376,0,1
376,1,-1.0,276,0,3
276,3,-1.0,256,0,3
256,3,-1.0,236,0,1
236,1,-1.0,136,0,3
136,3,-1.0,116,0,1
116,1,-1.0,16,0,5
16,5,20.0,0,1,0
332,1,-1.0,232,0,2
232,2,-1.0,252,0,2
252,2,-1.0,272,0,0
272,0,-1.0,372,0,0
372,0,-1.0,472,0,4
472,4,-1.0,476,0,1
476,1,-1.0,376,0,1
376,1,-1.0,276,0,3
276,3,-1.0,256,0,2
256,2,-1.0,276,0,1
276,1,-1.0,176,0,0
176,0,-1.0,276,0,3
276,3,-1.0,256,0,3
256,3,-1.0,236,0,1
236,1,-1.0,136,0,3
136,3,-1.0,116,0,1
116,1,-1.0,16,0,5
16,5,20.0,0,1,0
213,2,-1.0,233,0,2
233,2,-1.0,253,0,2
253,2,-1.0,273,0,0
273,0,-1.0,373,0,0
373,0,-1.0,473,0,4
473,4,-1.0,477,0,2
477,2,-1.0,497,0,1
497,1,-1.0,397,0,1
397,1,-1.0,297,0,1
297,1,-1.0,197,0,1
197,1,-1.0,97,0,5
97,5,20.0,85,1,0
167,2,-1.0,187,0,1
187,1,-1.0,87,0,4
87,4,-1.0,99,0,3
99,3,-1.0,79,0,0
79,0,-1.0,179,0,0
179,0,-1.0,279,0,0
279,0,-1.0,379,0,0
379,0,-1.0,479,0,1
479,1,-1.0,379,0,0
379,0,-1.0,479,0,5
479,5,20.0,475,1,0
443,1,-1.0,343,0,1
343,1,-1.0,243,0,3
243,3,-1.0,223,0,1
223,1,-1.0,123,0,0
123,0,-1.0,223,0,1
223,1,-1.0,123,0,3
123,3,-1.0,103,0,1
103,1,-1.0,3,0,4
3,4,-1.0,19,0,2
19,2,-1.0,39,0,0
39,0,-1.0,139,0,0
139,0,-1.0,239,0,2
239,2,-1.0,259,0,2
259,2,-1.0,279,0,0
279,0,-1.0,379,0,0
379,0,-1.0,479,0,1
479,1,-1.0,379,0,2
379,2,-1.0,399,0,3
399,3,-1.0,379,0,0
379,0,-1.0,479,0,4
479,4,-10.0,479,0,5
479,5,20.0,475,1,0
87,4,-1.0,99,0,3
99,3,-1.0,79,0,0
79,0,-1.0,179,0,2
179,2,-1.0,199,0,0
199,0,-1.0,299,0,3
299,3,-1.0,279,0,0
279,0,-1.0,379,0,0
379,0,-1.0,479,0,5
479,5,20.0,475,1,0
173,0,-1.0,273,0,0
273,0,-1.0,373,0,0
373,0,-1.0,473,0,4
473,4,-1.0,477,0,2
477,2,-1.0,497,0,1
497,1,-1.0,397,0,1
397,1,-1.0,297,0,1
297,1,-1.0,197,0,1
197,1,-1.0,97,0,3
97,3,-1.0,77,0,2
77,2,-1.0,97,0,5
97,5,20.0,85,1,0
302,1,-1.0,202,0,1
202,1,-1.0,102,0,1
102,1,-1.0,2,0,4
2,4,-1.0,18,0,0
18,0,-1.0,118,0,0
118,0,-1.0,218,0,0
218,0,-1.0,318,0,0
318,0,-1.0,418,0,5
418,5,20.0,410,1,0
346,1,-1.0,246,0,2
246,2,-1.0,266,0,2
266,2,-1.0,286,0,1
286,1,-1.0,186,0,1
186,1,-1.0,86,0,4
86,4,-1.0,98,0,0
98,0,-1.0,198,0,0
198,0,-1.0,298,0,3
298,3,-1.0,278,0,3
278,3,-1.0,258,0,3
258,3,-1.0,238,0,3
238,3,-1.0,218,0,0
218,0,-1.0,318,0,0
318,0,-1.0,418,0,3
418,3,-1.0,418,0,5
418,5,20.0,410,1,0
194,3,-1.0,174,0,0
174,0,-1.0,274,0,0
274,0,-1.0,374,0,0
374,0,-1.0,474,0,4
474,4,-1.0,478,0,1
478,1,-1.0,378,0,1
378,1,-1.0,278,0,3
278,3,-1.0,258,0,3
258,3,-1.0,238,0,3
238,3,-1.0,218,0,0
218,0,-1.0,318,0,0
318,0,-1.0,418,0,5
418,5,20.0,410,1,0
444,1,-1.0,344,0,1
344,1,-1.0,244,0,1
244,1,-1.0,144,0,2
144,2,-1.0,164,0,2
164,2,-1.0,184,0,1
184,1,-1.0,84,0,4
84,4,-1.0,96,0,0
96,0,-1.0,196,0,3
196,3,-1.0,176,0,0
176,0,-1.0,276,0,3
276,3,-1.0,256,0,3
256,3,-1.0,236,0,1
236,1,-1.0,136,0,3
136,3,-1.0,116,0,1
116,1,-1.0,16,0,5
16,5,20.0,0,1,0
142,0,-1.0,242,0,3
242,3,-1.0,222,0,1
222,1,-1.0,122,0,3
122,3,-1.0,102,0,1
102,1,-1.0,2,0,4
2,4,-1.0,18,0,0
18,0,-1.0,118,0,0
118,0,-1.0,218,0,0
218,0,-1.0,318,0,0
318,0,-1.0,418,0,5
418,5,20.0,410,1,0
301,1,-1.0,201,0,1
201,1,-1.0,101,0,1
101,1,-1.0,1,0,4
1,4,-1.0,17,0,0
17,0,-1.0,117,0,2
117,2,-1.0,137,0,3
137,3,-1.0,117,0,2
117,2,-1.0,137,0,0
137,0,-1.0,237,0,2
237,2,-1.0,257,0,1
257,1,-1.0,157,0,2
157,2,-1.0,177,0,2
177,2,-1.0,197,0,2
197,2,-1.0,197,0,1
197,1,-1.0,97,0,5
97,5,20.0,85,1,0
409,4,-1.0,417,0,1
417,1,-1.0,317,0,0
317,0,-1.0,417,0,1
417,1,-1.0,317,0,1
317,1,-1.0,217,0,2
217,2,-1.0,237,0,4
237,4,-10.0,237,0,2
237,2,-1.0,257,0,1
257,1,-1.0,157,0,2
157,2,-1.0,177,0,2
177,2,-1.0,197,0,1
197,1,-1.0,97,0,5
97,5,20.0,85,1,0
141,0,-1.0,241,0,3
241,3,-1.0,221,0,1
221,1,-1.0,121,0,1
121,1,-1.0,21,0,3
21,3,-1.0,1,0,4
1,4,-1.0,17,0,0
17,0,-1.0,117,0,2
117,2,-1.0,137,0,0
137,0,-1.0,237,0,2
237,2,-1.0,257,0,0
257,0,-1.0,357,0,1
357,1,-1.0,257,0,1
257,1,-1.0,157,0,2
157,2,-1.0,177,0,2
177,2,-1.0,197,0,1
197,1,-1.0,97,0,5
97,5,20.0,85,1,0
466,1,-1.0,366,0,2
366,2,-1.0,386,0,1
386,1,-1.0,286,0,4
286,4,-10.0,286,0,1
286,1,-1.0,186,0,1
186,1,-1.0,86,0,4
86,4,-1.0,98,0,0
98,0,-1.0,198,0,0
198,0,-1.0,298,0,3
298,3,-1.0,278,0,3
278,3,-1.0,258,0,3
258,3,-1.0,238,0,3
238,3,-1.0,218,0,0
218,0,-1.0,318,0,0
318,0,-1.0,418,0,5
418,5,20.0,410,1,0
291,3,-1.0,271,0,3
271,3,-1.0,251,0,3
251,3,-1.0,231,0,3
231,3,-1.0,211,0,0
211,0,-1.0,311,0,5
311,5,-10.0,311,0,0
311,0,-1.0,411,0,4
411,4,-1.0,419,0,4
419,4,-10.0,419,0,1
419,1,-1.0,319,0,1
319,1,-1.0,219,0,1
219,1,-1.0,119,0,0
119,0,-1.0,219,0,2
219,2,-1.0,239,0,2
239,2,-1.0,259,0,2
259,2,-1.0,279,0,0
279,0,-1.0,379,0,0
379,0,-1.0,479,0,5
479,5,20.0,475,1,0
203,1,-1.0,103,0,1
103,1,-1.0,3,0,4
3,4,-1.0,19,0,0
19,0,-1.0,119,0,5
119,5,-10.0,119,0,1
119,1,-1.0,19,0,0
19,0,-1.0,119,0,0
119,0,-1.0,219,0,2
219,2,-1.0,239,0,2
239,2,-1.0,259,0,2
259,2,-1.0,279,0,0
279,0,-1.0,379,0,0
379,0,-1.0,479,0,5
479,5,20.0,475,1,0
203,1,-1.0,103,0,1
103,1,-1.0,3,0,4
3,4,-1.0,19,0,0
19,0,-1.0,119,0,1
119,1,-1.0,19,0,0
19,0,-1.0,119,0,0
119,0,-1.0,219,0,2
219,2,-1.0,239,0,2
239,2,-1.0,259,0,2
259,2,-1.0,279,0,0
279,0,-1.0,379,0,0
379,0,-1.0,479,0,5
479,5,20.0,475,1,0
7,2,-1.0,27,0,0
27,0,-1.0,127,0,0
127,0,-1.0,227,0,2
227,2,-1.0,247,0,3
247,3,-1.0,227,0,2
227,2,-1.0,247,0,2
247,2,-1.0,267,0,2
267,2,-1.0,287,0,1
287,1,-1.0,187,0,1
187,1,-1.0,87,0,4
87,4,-1.0,99,0,3
99,3,-1.0,79,0,0
79,0,-1.0,179,0,0
179,0,-1.0,279,0,0
279,0,-1.0,379,0,0
379,0,-1.0,479,0,5
479,5,20.0,475,1,0
231,3,-1.0,211,0,0
211,0,-1.0,311,0,0
311,0,-1.0,411,0,4
411,4,-1.0,419,0,2
419,2,-1.0,419,0,1
419,1,-1.0,319,0,1
319,1,-1.0,219,0,2
219,2,-1.0,239,0,2
239,2,-1.0,259,0,2
259,2,-1.0,279,0,0
279,0,-1.0,379,0,0
379,0,-1.0,479,0,5
479,5,20.0,475,1,0
474,4,-1.0,478,0,1
478,1,-1.0,378,0,1
378,1,-1.0,278,0,5
278,5,-10.0,278,0,3
278,3,-1.0,258,0,3
258,3,-1.0,238,0,3
238,3,-1.0,218,0,0
218,0,-1.0,318,0,0
318,0,-1.0,418,0,5
418,5,20.0,410,1,0
308,0,-1.0,408,0,4
408,4,-1.0,416,0,1
416,1,-1.0,316,0,1
316,1,-1.0,216,0,1
216,1,-1.0,116,0,1
116,1,-1.0,16,0,5
16,5,20.0,0,1,0
351,1,-1.0,251,0,3
251,3,-1.0,231,0,3
231,3,-1.0,211,0,0
211,0,-1.0,311,0,0
311,0,-1.0,411,0,4
411,4,-1.0,419,0,1
419,1,-1.0,319,0,1
319,1,-1.0,219,0,2
219,2,-1.0,239,0,2
239,2,-1.0,259,0,2
259,2,-1.0,279,0,0
279,0,-1.0,379,0,5
379,5,-10.0,379,0,0
379,0,-1.0,479,0,5
479,5,20.0,475,1,0
389,1,-1.0,289,0,3
289,3,-1.0,269,0,3
269,3,-1.0,249,0,3
249,3,-1.0,229,0,3
229,3,-1.0,209,0,0
209,0,-1.0,309,0,0
309,0,-1.0,409,0,4
409,4,-1.0,417,0,1
417,1,-1.0,317,0,1
317,1,-1.0,217,0,2
217,2,-1.0,237,0,2
237,2,-1.0,257,0,1
257,1,-1.0,157,0,2
157,2,-1.0,177,0,2
177,2,-1.0,197,0,1
197,1,-1.0,97,0,5
97,5,20.0,85,1,0
303,1,-1.0,203,0,1
203,1,-1.0,103,0,1
103,1,-1.0,3,0,4
3,4,-1.0,19,0,0
19,0,-1.0,119,0,0
119,0,-1.0,219,0,2
219,2,-1.0,239,0,2
239,2,-1.0,259,0,2
259,2,-1.0,279,0,0
279,0,-1.0,379,0,0
379,0,-1.0,479,0,5
479,5,20.0,475,1,0
481,1,-1.0,381,0,1
381,1,-1.0,281,0,3
281,3,-1.0,261,0,3
261,3,-1.0,241,0,3
241,3,-1.0,221,0,1
221,1,-1.0,121,0,1
121,1,-1.0,21,0,3
21,3,-1.0,1,0,4
1,4,-1.0,17,0,0
17,0,-1.0,117,0,2
117,2,-1.0,137,0,0
137,0,-1.0,237,0,2
237,2,-1.0,257,0,1
257,1,-1.0,157,0,2
157,2,-1.0,177,0,2
177,2,-1.0,197,0,1
197,1,-1.0,97,0,5
97,5,20.0,85,1,0
101,1,-1.0,1,0,4
1,4,-1.0,17,0,0
17,0,-1.0,117,0,2
117,2,-1.0,137,0,0
137,0,-1.0,237,0,2
237,2,-1.0,257,0,1
257,1,-1.0,157,0,2
157,2,-1.0,177,0,2
177,2,-1.0,197,0,1
197,1,-1.0,97,0,5
97,5,20.0,85,1,0
248,3,-1.0,228,0,3
228,3,-1.0,208,0,0
208,0,-1.0,308,0,4
308,4,-10.0,308,0,0
308,0,-1.0,408,0,4
408,4,-1.0,416,0,1
416,1,-1.0,316,0,1
316,1,-1.0,216,0,1
216,1,-1.0,116,0,1
116,1,-1.0,16,0,5
16,5,20.0,0,1,0
391,1,-1.0,291,0,3
291,3,-1.0,271,0,3
271,3,-1.0,251,0,1
251,1,-1.0,151,0,0
151,0,-1.0,251,0,3
251,3,-1.0,231,0,3
231,3,-1.0,211,0,0
211,0,-1.0,311,0,0
311,0,-1.0,411,0,4
411,4,-1.0,419,0,1
419,1,-1.0,319,0,1
319,1,-1.0,219,0,2
219,2,-1.0,239,0,3
239,3,-1.0,219,0,2
219,2,-1.0,239,0,2
239,2,-1.0,259,0,2
259,2,-1.0,279,0,5
279,5,-10.0,279,0,0
279,0,-1.0,379,0,0
379,0,-1.0,479,0,5
479,5,20.0,475,1,0
103,1,-1.0,3,0,4
3,4,-1.0,19,0,0
19,0,-1.0,119,0,0
119,0,-1.0,219,0,2
219,2,-1.0,239,0,2
239,2,-1.0,259,0,2
259,2,-1.0,279,0,0
279,0,-1.0,379,0,0
379,0,-1.0,479,0,5
479,5,20.0,475,1,0
309,3,-1.0,309,0,0
309,0,-1.0,409,0,4
409,4,-1.0,417,0,1
417,1,-1.0,317,0,1
317,1,-1.0,217,0,2
217,2,-1.0,237,0,2
237,2,-1.0,257,0,1
257,1,-1.0,157,0,2
157,2,-1.0,177,0,2
177,2,-1.0,197,0,1
197,1,-1.0,97,0,5
97,5,20.0,85,1,0
224,2,-1.0,244,0,1
244,1,-1.0,144,0,2
144,2,-1.0,164,0,2
164,2,-1.0,184,0,1
184,1,-1.0,84,0,4
84,4,-1.0,96,0,1
96,1,-1.0,96,0,0
96,0,-1.0,196,0,3
196,3,-1.0,176,0,0
176,0,-1.0,276,0,3
276,3,-1.0,256,0,3
256,3,-1.0,236,0,1
236,1,-1.0,136,0,3
136,3,-1.0,116,0,1
116,1,-1.0,16,0,5
16,5,20.0,0,1,0
228,0,-1.0,328,0,1
328,1,-1.0,228,0,3
228,3,-1.0,208,0,0
208,0,-1.0,308,0,0
308,0,-1.0,408,0,4
408,4,-1.0,416,0,1
416,1,-1.0,316,0,1
316,1,-1.0,216,0,1
216,1,-1.0,116,0,1
116,1,-1.0,16,0,5
16,5,20.0,0,1,0
63,0,-1.0,163,0,0
163,0,-1.0,263,0,3
263,3,-1.0,243,0,3
243,3,-1.0,223,0,1
223,1,-1.0,123,0,3
123,3,-1.0,103,0,1
103,1,-1.0,3,0,4
3,4,-1.0,19,0,0
19,0,-1.0,119,0,0
119,0,-1.0,219,0,2
219,2,-1.0,239,0,2
239,2,-1.0,259,0,2
259,2,-1.0,279,0,0
279,0,-1.0,379,0,0
379,0,-1.0,479,0,5
479,5,20.0,475,1,0
109,0,-1.0,209,0,0
209,0,-1.0,309,0,0
309,0,-1.0,409,0,4
409,4,-1.0,417,0,1
417,1,-1.0,317,0,1
317,1,-1.0,217,0,2
217,2,-1.0,237,0,2
237,2,-1.0,257,0,1
257,1,-1.0,157,0,1
157,1,-1.0,57,0,2
57,2,-1.0,77,0,2
77,2,-1.0,97,0,5
97,5,20.0,85,1,0
422,1,-1.0,322,0,1
322,1,-1.0,222,0,1
222,1,-1.0,122,0,3
122,3,-1.0,102,0,1
102,1,-1.0,2,0,4
2,4,-1.0,18,0,0
18,0,-1.0,118,0,0
118,0,-1.0,218,0,0
218,0,-1.0,318,0,0
318,0,-1.0,418,0,5
418,5,20.0,410,1,0
212,2,-1.0,232,0,2
232,2,-1.0,252,0,2
252,2,-1.0,272,0,0
272,0,-1.0,372,0,0
372,0,-1.0,472,0,4
472,4,-1.0,476,0,1
476,1,-1.0,376,0,1
376,1,-1.0,276,0,3
276,3,-1.0,256,0,3
256,3,-1.0,236,0,1
236,1,-1.0,136,0,3
136,3,-1.0,116,0,1
116,1,-1.0,16,0,5
16,5,20.0,0,1,0
301,1,-1.0,201,0,1
201,1,-1.0,101,0,1
101,1,-1.0,1,0,4
1,4,-1.0,17,0,0
17,0,-1.0,117,0,2
117,2,-1.0,137,0,0
137,0,-1.0,237,0,2
237,2,-1.0,257,0,1
257,1,-1.0,157,0,2
157,2,-1.0,177,0,2
177,2,-1.0,197,0,1
197,1,-1.0,97,0,5
97,5,20.0,85,1,0
484,1,-1.0,384,0,2
384,2,-1.0,384,0,1
384,1,-1.0,284,0,1
284,1,-1.0,184,0,1
184,1,-1.0,84,0,4
84,4,-1.0,96,0,0
96,0,-1.0,196,0,3
196,3,-1.0,176,0,0
176,0,-1.0,276,0,3
276,3,-1.0,256,0,3
256,3,-1.0,236,0,1
236,1,-1.0,136,0,3
136,3,-1.0,116,0,1
116,1,-1.0,16,0,5
16,5,20.0,0,1,0
182,0,-1.0,282,0,3
282,3,-1.0,262,0,3
262,3,-1.0,242,0,3
242,3,-1.0,222,0,1
222,1,-1.0,122,0,3
122,3,-1.0,102,0,1
102,1,-1.0,2,0,4
2,4,-1.0,18,0,0
18,0,-1.0,118,0,0
118,0,-1.0,218,0,0
218,0,-1.0,318,0,0
318,0,-1.0,418,0,5
418,5,20.0,410,1,0
164,2,-1.0,184,0,1
184,1,-1.0,84,0,0
84,0,-1.0,184,0,1
184,1,-1.0,84,0,4
84,4,-1.0,96,0,0
96,0,-1.0,196,0,3
196,3,-1.0,176,0,0
176,0,-1.0,276,0,3
276,3,-1.0,256,0,3
256,3,-1.0,236,0,1
236,1,-1.0,136,0,3
136,3,-1.0,116,0,1
116,1,-1.0,16,0,5
16,5,20.0,0,1,0
143,0,-1.0,243,0,3
243,3,-1.0,223,0,1
223,1,-1.0,123,0,3
123,3,-1.0,103,0,1
103,1,-1.0,3,0,4
3,4,-1.0,19,0,0
19,0,-1.0,119,0,0
119,0,-1.0,219,0,4
219,4,-10.0,219,0,2
219,2,-1.0,239,0,2
239,2,-1.0,259,0,2
259,2,-1.0,279,0,0
279,0,-1.0,379,0,0
379,0,-1.0,479,0,5
479,5,20.0,475,1,0
229,3,-1.0,209,0,0
209,0,-1.0,309,0,0
309,0,-1.0,409,0,4
409,4,-1.0,417,0,1
417,1,-1.0,317,0,1
317,1,-1.0,217,0,2
217,2,-1.0,237,0,2
237,2,-1.0,257,0,1
257,1,-1.0,157,0,2
157,2,-1.0,177,0,2
177,2,-1.0,197,0,1
197,1,-1.0,97,0,5
97,5,20.0,85,1,0
421,1,-1.0,321,0,1
321,1,-1.0,221,0,1
221,1,-1.0,121,0,1
121,1,-1.0,21,0,3
21,3,-1.0,1,0,4
1,4,-1.0,17,0,0
17,0,-1.0,117,0,1
117,1,-1.0,17,0,0
17,0,-1.0,117,0,2
117,2,-1.0,137,0,0
137,0,-1.0,237,0,2
237,2,-1.0,257,0,1
257,1,-1.0,157,0,2
157,2,-1.0,177,0,2
177,2,-1.0,197,0,1
197,1,-1.0,97,0,5
97,5,20.0,85,1,0
273,0,-1.0,373,0,0
373,0,-1.0,473,0,4
473,4,-1.0,477,0,2
477,2,-1.0,497,0,1
497,1,-1.0,397,0,1
397,1,-1.0,297,0,1
297,1,-1.0,197,0,1
197,1,-1.0,97,0,5
97,5,20.0,85,1,0
263,3,-1.0,243,0,3
243,3,-1.0,223,0,1
223,1,-1.0,123,0,3
123,3,-1.0,103,0,1
103,1,-1.0,3,0,4
3,4,-1.0,19,0,0
19,0,-1.0,119,0,0
119,0,-1.0,219,0,2
219,2,-1.0,239,0,2
239,2,-1.0,259,0,4
259,4,-10.0,259,0,2
259,2,-1.0,279,0,0
279,0,-1.0,379,0,0
379,0,-1.0,479,0,5
479,5,20.0,475,1,0
43,0,-1.0,143,0,0
143,0,-1.0,243,0,3
243,3,-1.0,223,0,1
223,1,-1.0,123,0,3
123,3,-1.0,103,0,1
103,1,-1.0,3,0,4
3,4,-1.0,19,0,0
19,0,-1.0,119,0,0
119,0,-1.0,219,0,2
219,2,-1.0,239,0,2
239,2,-1.0,259,0,2
259,2,-1.0,279,0,0
279,0,-1.0,379,0,0
379,0,-1.0,479,0,5
479,5,20.0,475,1,0
401,5,-10.0,401,0,1
401,1,-1.0,301,0,1
301,1,-1.0,201,0,1
201,1,-1.0,101,0,1
101,1,-1.0,1,0,4
1,4,-1.0,17,0,0
17,0,-1.0,117,0,2
117,2,-1.0,137,0,0
137,0,-1.0,237,0,2
237,2,-1.0,257,0,1
257,1,-1.0,157,0,2
157,2,-1.0,177,0,2
177,2,-1.0,197,0,5
197,5,-10.0,197,0,1
197,1,-1.0,97,0,5
97,5,20.0,85,1,0
353,1,-1.0,253,0,2
253,2,-1.0,273,0,0
273,0,-1.0,373,0,0
373,0,-1.0,473,0,4
473,4,-1.0,477,0,2
477,2,-1.0,497,0,1
497,1,-1.0,397,0,1
397,1,-1.0,297,0,1
297,1,-1.0,197,0,1
197,1,-1.0,97,0,5
97,5,20.0,85,1,0
394,3,-1.0,374,0,0
374,0,-1.0,474,0,4
474,4,-1.0,478,0,1
478,1,-1.0,378,0,1
378,1,-1.0,278,0,3
278,3,-1.0,258,0,3
258,3,-1.0,238,0,3
238,3,-1.0,218,0,2
218,2,-1.0,238,0,3
238,3,-1.0,218,0,0
218,0,-1.0,318,0,0
318,0,-1.0,418,0,5
418,5,20.0,410,1,0
402,1,-1.0,302,0,1
302,1,-1.0,202,0,1
202,1,-1.0,102,0,1
102,1,-1.0,2,0,4
2,4,-1.0,18,0,1
18,1,-1.0,18,0,0
18,0,-1.0,118,0,0
118,0,-1.0,218,0,0
218,0,-1.0,318,0,0
318,0,-1.0,418,0,5
418,5,20.0,410,1,0
348,1,-1.0,248,0,3
248,3,-1.0,228,0,3
228,3,-1.0,208,0,0
208,0,-1.0,308,0,0
308,0,-1.0,408,0,4
408,4,-1.0,416,0,1
416,1,-1.0,316,0,1
316,1,-1.0,216,0,1
216,1,-1.0,116,0,0
116,0,-1.0,216,0,1
216,1,-1.0,116,0,1
116,1,-1.0,16,0,5
16,5,20.0,0,1,0
9,0,-1.0,109,0,3
109,3,-1.0,109,0,0
109,0,-1.0,209,0,0
209,0,-1.0,309,0,4
309,4,-10.0,309,0,0
309,0,-1.0,409,0,4
409,4,-1.0,417,0,1
417,1,-1.0,317,0,3
317,3,-1.0,317,0,1
317,1,-1.0,217,0,2
217,2,-1.0,237,0,2
237,2,-1.0,257,0,1
257,1,-1.0,157,0,2
157,2,-1.0,177,0,2
177,2,-1.0,197,0,1
197,1,-1.0,97,0,5
97,5,20.0,85,1,0
491,0,-1.0,491,0,3
491,3,-1.0,471,0,1
471,1,-1.0,371,0,1
371,1,-1.0,271,0,2
271,2,-1.0,291,0,3
291,3,-1.0,271,0,3
271,3,-1.0,251,0,3
251,3,-1.0,231,0,3
231,3,-1.0,211,0,0
211,0,-1.0,311,0,0
311,0,-1.0,411,0,4
411,4,-1.0,419,0,3
419,3,-1.0,419,0,1
419,1,-1.0,319,0,1
319,1,-1.0,219,0,2
219,2,-1.0,239,0,5
239,5,-10.0,239,0,2
239,2,-1.0,259,0,2
259,2,-1.0,279,0,0
279,0,-1.0,379,0,0
379,0,-1.0,479,0,5
479,5,20.0,475,1,0
222,1,-1.0,122,0,3
122,3,-1.0,102,0,1
102,1,-1.0,2,0,4
2,4,-1.0,18,0,0
18,0,-1.0,118,0,2
118,2,-1.0,138,0,1
138,1,-1.0,38,0,0
38,0,-1.0,138,0,4
138,4,-10.0,138,0,3
138,3,-1.0,118,0,0
118,0,-1.0,218,0,0
218,0,-1.0,318,0,0
318,0,-1.0,418,0,5
418,5,20.0,410,1,0
469,1,-1.0,369,0,1
369,1,-1.0,269,0,3
269,3,-1.0,249,0,3
249,3,-1.0,229,0,3
229,3,-1.0,209,0,0
209,0,-1.0,309,0,0
309,0,-1.0,409,0,4
409,4,-1.0,417,0,1
417,1,-1.0,317,0,1
317,1,-1.0,217,0,2
217,2,-1.0,237,0,2
237,2,-1.0,257,0,1
257,1,-1.0,157,0,2
157,2,-1.0,177,0,2
177,2,-1.0,197,0,2
197,2,-1.0,197,0,3
197,3,-1.0,177,0,0
177,0,-1.0,277,0,1
277,1,-1.0,177,0,2
177,2,-1.0,197,0,1
197,1,-1.0,97,0,0
97,0,-1.0,197,0,1
197,1,-1.0,97,0,5
97,5,20.0,85,1,0
123,3,-1.0,103,0,4
103,4,-10.0,103,0,2
103,2,-1.0,123,0,3
123,3,-1.0,103,0,1
103,1,-1.0,3,0,4
3,4,-1.0,19,0,0
19,0,-1.0,119,0,0
119,0,-1.0,219,0,2
219,2,-1.0,239,0,2
239,2,-1.0,259,0,2
259,2,-1.0,279,0,0
279,0,-1.0,379,0,0
379,0,-1.0,479,0,5
479,5,20.0,475,1,0
4,2,-1.0,24,0,0
24,0,-1.0,124,0,0
124,0,-1.0,224,0,2
224,2,-1.0,244,0,1
244,1,-1.0,144,0,0
144,0,-1.0,244,0,1
244,1,-1.0,144,0,2
144,2,-1.0,164,0,2
164,2,-1.0,184,0,1
184,1,-1.0,84,0,4
84,4,-1.0,96,0,0
96,0,-1.0,196,0,3
196,3,-1.0,176,0,5
176,5,-10.0,176,0,0
176,0,-1.0,276,0,3
276,3,-1.0,256,0,3
256,3,-1.0,236,0,1
236,1,-1.0,136,0,3
136,3,-1.0,116,0,1
116,1,-1.0,16,0,5
16,5,20.0,0,1,0
61,4,-10.0,61,0,0
61,0,-1.0,161,0,3
161,3,-1.0,141,0,0
141,0,-1.0,241,0,3
241,3,-1.0,221,0,1
221,1,-1.0,121,0,1
121,1,-1.0,21,0,3
21,3,-1.0,1,0,4
1,4,-1.0,17,0,0
17,0,-1.0,117,0,2
117,2,-1.0,137,0,0
137,0,-1.0,237,0,2
237,2,-1.0,257,0,1
257,1,-1.0,157,0,2
157,2,-1.0,177,0,2
177,2,-1.0,197,0,1
197,1,-1.0,97,0,0
97,0,-1.0,197,0,1
197,1,-1.0,97,0,5
97,5,20.0,85,1,0
321,1,-1.0,221,0,1
221,1,-1.0,121,0,1
121,1,-1.0,21,0,3
21,3,-1.0,1,0,4
1,4,-1.0,17,0,0
17,0,-1.0,117,0,2
117,2,-1.0,137,0,4
137,4,-10.0,137,0,0
137,0,-1.0,237,0,2
237,2,-1.0,257,0,1
257,1,-1.0,157,0,2
157,2,-1.0,177,0,2
177,2,-1.0,197,0,1
197,1,-1.0,97,0,5
97,5,20.0,85,1,0
489,1,-1.0,389,0,1
389,1,-1.0,289,0,3
289,3,-1.0,269,0,3
269,3,-1.0,249,0,3
249,3,-1.0,229,0,3
229,3,-1.0,209,0,3
209,3,-1.0,209,0,0
209,0,-1.0,309,0,0
309,0,-1.0,409,0,4
409,4,-1.0,417,0,1
417,1,-1.0,317,0,0
317,0,-1.0,417,0,1
417,1,-1.0,317,0,1
317,1,-1.0,217,0,2
217,2,-1.0,237,0,2
237,2,-1.0,257,0,1
257,1,-1.0,157,0,2
157,2,-1.0,177,0,2
177,2,-1.0,197,0,1
197,1,-1.0,97,0,5
97,5,20.0,85,1,0
46,2,-1.0,66,0,2
66,2,-1.0,86,0,4
86,4,-1.0,98,0,2
98,2,-1.0,98,0,0
98,0,-1.0,198,0,0
198,0,-1.0,298,0,3
298,3,-1.0,278,0,3
278,3,-1.0,258,0,3
258,3,-1.0,238,0,3
238,3,-1.0,218,0,3
218,3,-1.0,218,0,0
218,0,-1.0,318,0,0
318,0,-1.0,418,0,5
418,5,20.0,410,1,0
334,2,-1.0,354,0,1
354,1,-1.0,254,0,2
254,2,-1.0,274,0,0
274,0,-1.0,374,0,0
374,0,-1.0,474,0,4
474,4,-1.0,478,0,1
478,1,-1.0,378,0,1
378,1,-1.0,278,0,5
278,5,-10.0,278,0,3
278,3,-1.0,258,0,3
258,3,-1.0,238,0,5
238,5,-10.0,238,0,3
238,3,-1.0,218,0,0
218,0,-1.0,318,0,0
318,0,-1.0,418,0,5
418,5,20.0,410,1,0
109,0,-1.0,209,0,0
209,0,-1.0,309,0,0
309,0,-1.0,409,0,4
409,4,-1.0,417,0,1
417,1,-1.0,317,0,5
317,5,-10.0,317,0,1
317,1,-1.0,217,0,2
217,2,-1.0,237,0,2
237,2,-1.0,257,0,1
257,1,-1.0,157,0,2
157,2,-1.0,177,0,2
177,2,-1.0,197,0,1
197,1,-1.0,97,0,5
97,5,20.0,85,1,0
194,3,-1.0,174,0,0
174,0,-1.0,274,0,5
274,5,-10.0,274,0,5
274,5,-10.0,274,0,0
274,0,-1.0,374,0,0
374,0,-1.0,474,0,4
474,4,-1.0,478,0,1
478,1,-1.0,378,0,1
378,1,-1.0,278,0,3
278,3,-1.0,258,0,3
258,3,-1.0,238,0,3
238,3,-1.0,218,0,0
218,0,-1.0,318,0,3
318,3,-1.0,318,0,0
318,0,-1.0,418,0,5
418,5,20.0,410,1,0
128,0,-1.0,228,0,3
228,3,-1.0,208,0,0
208,0,-1.0,308,0,0
308,0,-1.0,408,0,4
408,4,-1.0,416,0,1
416,1,-1.0,316,0,1
316,1,-1.0,216,0,1
216,1,-1.0,116,0,1
116,1,-1.0,16,0,5
16,5,20.0,0,1,0
202,1,-1.0,102,0,1
102,1,-1.0,2,0,4
2,4,-1.0,18,0,0
18,0,-1.0,118,0,0
118,0,-1.0,218,0,0
218,0,-1.0,318,0,0
318,0,-1.0,418,0,5
418,5,20.0,410,1,0
144,2,-1.0,164,0,2
164,2,-1.0,184,0,2
184,2,-1.0,184,0,1
184,1,-1.0,84,0,4
84,4,-1.0,96,0,5
96,5,-1.0,84,0,4
84,4,-1.0,96,0,0
96,0,-1.0,196,0,3
196,3,-1.0,176,0,0
176,0,-1.0,276,0,3
276,3,-1.0,256,0,3
256,3,-1.0,236,0,1
236,1,-1.0,136,0,3
136,3,-1.0,116,0,1
116,1,-1.0,16,0,5
16,5,20.0,0,1,0
407,1,-1.0,307,0,1
307,1,-1.0,207,0,2
207,2,-1.0,227,0,2
227,2,-1.0,247,0,2
247,2,-1.0,267,0,2
267,2,-1.0,287,0,1
287,1,-1.0,187,0,1
187,1,-1.0,87,0,4
87,4,-1.0,99,0,3
99,3,-1.0,79,0,0
79,0,-1.0,179,0,0
179,0,-1.0,279,0,0
279,0,-1.0,379,0,0
379,0,-1.0,479,0,5
479,5,20.0,475,1,0
49,0,-1.0,149,0,0
149,0,-1.0,249,0,3
249,3,-1.0,229,0,3
229,3,-1.0,209,0,0
209,0,-1.0,309,0,0
309,0,-1.0,409,0,4
409,4,-1.0,417,0,1
417,1,-1.0,317,0,1
317,1,-1.0,217,0,2
217,2,-1.0,237,0,2
237,2,-1.0,257,0,1
257,1,-1.0,157,0,2
157,2,-1.0,177,0,2
177,2,-1.0,197,0,1
197,1,-1.0,97,0,5
97,5,20.0,85,1,0
93,0,-1.0,193,0,0
193,0,-1.0,293,0,3
293,3,-1.0,273,0,0
273,0,-1.0,373,0,0
373,0,-1.0,473,0,4
473,4,-1.0,477,0,2
477,2,-1.0,497,0,1
497,1,-1.0,397,0,1
397,1,-1.0,297,0,1
297,1,-1.0,197,0,1
197,1,-1.0,97,0,5
97,5,20.0,85,1,0
234,2,-1.0,254,0,2
254,2,-1.0,274,0,0
274,0,-1.0,374,0,0
374,0,-1.0,474,0,4
474,4,-1.0,478,0,1
478,1,-1.0,378,0,1
378,1,-1.0,278,0,3
278,3,-1.0,258,0,3
258,3,-1.0,238,0,3
238,3,-1.0,218,0,0
218,0,-1.0,318,0,4
318,4,-10.0,318,0,0
318,0,-1.0,418,0,5
418,5,20.0,410,1,0
207,2,-1.0,227,0,2
227,2,-1.0,247,0,2
247,2,-1.0,267,0,2
267,2,-1.0,287,0,1
287,1,-1.0,187,0,1
187,1,-1.0,87,0,4
87,4,-1.0,99,0,3
99,3,-1.0,79,0,0
79,0,-1.0,179,0,0
179,0,-1.0,279,0,0
279,0,-1.0,379,0,0
379,0,-1.0,479,0,1
479,1,-1.0,379,0,0
379,0,-1.0,479,0,5
479,5,20.0,475,1,0
68,4,-10.0,68,0,3
68,3,-1.0,48,0,0
48,0,-1.0,148,0,0
148,0,-1.0,248,0,3
248,3,-1.0,228,0,3
228,3,-1.0,208,0,0
208,0,-1.0,308,0,0
308,0,-1.0,408,0,4
408,4,-1.0,416,0,1
416,1,-1.0,316,0,1
316,1,-1.0,216,0,1
216,1,-1.0,116,0,5
116,5,-10.0,116,0,1
116,1,-1.0,16,0,5
16,5,20.0,0,1,0
209,0,-1.0,309,0,0
309,0,-1.0,409,0,4
409,4,-1.0,417,0,1
417,1,-1.0,317,0,1
317,1,-1.0,217,0,2
217,2,-1.0,237,0,2
237,2,-1.0,257,0,4
257,4,-10.0,257,0,1
257,1,-1.0,157,0,2
157,2,-1.0,177,0,2
177,2,-1.0,197,0,1
197,1,-1.0,97,0,5
97,5,20.0,85,1,0
372,0,-1.0,472,0,4
472,4,-1.0,476,0,1
476,1,-1.0,376,0,1
376,1,-1.0,276,0,3
276,3,-1.0,256,0,3
256,3,-1.0,236,0,1
236,1,-1.0,136,0,3
136,3,-1.0,116,0,1
116,1,-1.0,16,0,5
16,5,20.0,0,1,0
12,0,-1.0,112,0,0
112,0,-1.0,212,0,2
212,2,-1.0,232,0,2
232,2,-1.0,252,0,2
252,2,-1.0,272,0,3
272,3,-1.0,252,0,2
252,2,-1.0,272,0,0
272,0,-1.0,372,0,0
372,0,-1.0,472,0,4
472,4,-1.0,476,0,1
476,1,-1.0,376,0,1
376,1,-1.0,276,0,3
276,3,-1.0,256,0,3
256,3,-1.0,236,0,1
236,1,-1.0,136,0,3
136,3,-1.0,116,0,1
116,1,-1.0,16,0,5
16,5,20.0,0,1,0
1,4,-1.0,17,0,0
17,0,-1.0,117,0,2
117,2,-1.0,137,0,0
137,0,-1.0,237,0,2
237,2,-1.0,257,0,1
257,1,-1.0,157,0,2
157,2,-1.0,177,0,2
177,2,-1.0,197,0,1
197,1,-1.0,97,0,5
97,5,20.0,85,1,0
114,2,-1.0,134,0,5
134,5,-10.0,134,0,0
134,0,-1.0,234,0,2
234,2,-1.0,254,0,2
254,2,-1.0,274,0,0
274,0,-1.0,374,0,0
374,0,-1.0,474,0,4
474,4,-1.0,478,0,1
478,1,-1.0,378,0,1
378,1,-1.0,278,0,3
278,3,-1.0,258,0,3
258,3,-1.0,238,0,3
238,3,-1.0,218,0,0
218,0,-1.0,318,0,0
318,0,-1.0,418,0,5
418,5,20.0,410,1,0
51,0,-1.0,151,0,0
151,0,-1.0,251,0,0
251,0,-1.0,351,0,1
351,1,-1.0,251,0,3
251,3,-1.0,231,0,3
231,3,-1.0,211,0,0
211,0,-1.0,311,0,3
311,3,-1.0,311,0,0
311,0,-1.0,411,0,4
411,4,-1.0,419,0,2
419,2,-1.0,419,0,0
419,0,-1.0,419,0,1
419,1,-1.0,319,0,2
319,2,-1.0,319,0,1
319,1,-1.0,219,0,2
219,2,-1.0,239,0,2
239,2,-1.0,259,0,2
259,2,-1.0,279,0,0
279,0,-1.0,379,0,0
379,0,-1.0,479,0,5
479,5,20.0,475,1,0
241,3,-1.0,221,0,1
221,1,-1.0,121,0,1
121,1,-1.0,21,0,0
21,0,-1.0,121,0,1
121,1,-1.0,21,0,3
21,3,-1.0,1,0,2
1,2,-1.0,21,0,3
21,3,-1.0,1,0,3
1,3,-1.0,1,0,4
1,4,-1.0,17,0,0
17,0,-1.0,117,0,2
117,2,-1.0,137,0,0
137,0,-1.0,237,0,2
237,2,-1.0,257,0,1
257,1,-1.0,157,0,2
157,2,-1.0,177,0,2
177,2,-1.0,197,0,1
197,1,-1.0,97,0,5
97,5,20.0,85,1,0
63,0,-1.0,163,0,0
163,0,-1.0,263,0,3
263,3,-1.0,243,0,3
243,3,-1.0,223,0,1
223,1,-1.0,123,0,3
123,3,-1.0,103,0,1
103,1,-1.0,3,0,4
3,4,-1.0,19,0,0
19,0,-1.0,119,0,0
119,0,-1.0,219,0,2
219,2,-1.0,239,0,2
239,2,-1.0,259,0,2
259,2,-1.0,279,0,0
279,0,-1.0,379,0,0
379,0,-1.0,479,0,5
479,5,20.0,475,1,0
412,1,-1.0,312,0,1
312,1,-1.0,212,0,2
212,2,-1.0,232,0,2
232,2,-1.0,252,0,1
252,1,-1.0,152,0,2
152,2,-1.0,172,0,0
172,0,-1.0,272,0,0
272,0,-1.0,372,0,0
372,0,-1.0,472,0,4
472,4,-1.0,476,0,1
476,1,-1.0,376,0,1
376,1,-1.0,276,0,3
276,3,-1.0,256,0,3
256,3,-1.0,236,0,1
236,1,-1.0,136,0,3
136,3,-1.0,116,0,1
116,1,-1.0,16,0,4
16,4,-10.0,16,0,5
16,5,20.0,0,1,0
313,1,-1.0,213,0,2
213,2,-1.0,233,0,2
233,2,-1.0,253,0,2
253,2,-1.0,273,0,0
273,0,-1.0,373,0,0
373,0,-1.0,473,0,4
473,4,-1.0,477,0,2
477,2,-1.0,497,0,1
497,1,-1.0,397,0,1
397,1,-1.0,297,0,1
297,1,-1.0,197,0,1
197,1,-1.0,97,0,5
97,5,20.0,85,1,0
294,3,-1.0,274,0,0
274,0,-1.0,374,0,0
374,0,-1.0,474,0,4
474,4,-1.0,478,0,1
478,1,-1.0,378,0,0
378,0,-1.0,478,0,1
478,1,-1.0,378,0,1
378,1,-1.0,278,0,3
278,3,-1.0,258,0,3
258,3,-1.0,238,0,3
238,3,-1.0,218,0,0
218,0,-1.0,318,0,0
318,0,-1.0,418,0,4
418,4,-10.0,418,0,5
418,5,20.0,410,1,0
381,1,-1.0,281,0,3
281,3,-1.0,261,0,3
261,3,-1.0,241,0,3
241,3,-1.0,221,0,1
221,1,-1.0,121,0,1
121,1,-1.0,21,0,3
21,3,-1.0,1,0,4
1,4,-1.0,17,0,0
17,0,-1.0,117,0,2
117,2,-1.0,137,0,0
137,0,-1.0,237,0,2
237,2,-1.0,257,0,1
257,1,-1.0,157,0,0
157,0,-1.0,257,0,1
257,1,-1.0,157,0,2
157,2,-1.0,177,0,2
177,2,-1.0,197,0,1
197,1,-1.0,97,0,5
97,5,20.0,85,1,0
71,0,-1.0,171,0,0
171,0,-1.0,271,0,4
271,4,-10.0,271,0,3
271,3,-1.0,251,0,3
251,3,-1.0,231,0,4
231,4,-10.0,231,0,3
231,3,-1.0,211,0,0
211,0,-1.0,311,0,0
311,0,-1.0,411,0,4
411,4,-1.0,419,0,1
419,1,-1.0,319,0,1
319,1,-1.0,219,0,1
219,1,-1.0,119,0,0
119,0,-1.0,219,0,2
219,2,-1.0,239,0,2
239,2,-1.0,259,0,2
259,2,-1.0,279,0,0
279,0,-1.0,379,0,0
379,0,-1.0,479,0,5
479,5,20.0,475,1,0
284,1,-1.0,184,0,1
184,1,-1.0,84,0,4
84,4,-1.0,96,0,0
96,0,-1.0,196,0,3
196,3,-1.0,176,0,0
176,0,-1.0,276,0,3
276,3,-1.0,256,0,3
256,3,-1.0,236,0,1
236,1,-1.0,136,0,3
136,3,-1.0,116,0,1
116,1,-1.0,16,0,5
16,5,20.0,0,1,0
462,1,-1.0,362,0,1
362,1,-1.0,262,0,3
262,3,-1.0,242,0,3
242,3,-1.0,222,0,1
222,1,-1.0,122,0,3
122,3,-1.0,102,0,1
102,1,-1.0,2,0,4
2,4,-1.0,18,0,0
18,0,-1.0,118,0,0
118,0,-1.0,218,0,0
218,0,-1.0,318,0,0
318,0,-1.0,418,0,5
418,5,20.0,410,1,0
162,3,-1.0,142,0,0
142,0,-1.0,242,0,1
242,1,-1.0,142,0,0
142,0,-1.0,242,0,3
242,3,-1.0,222,0,1
222,1,-1.0,122,0,0
122,0,-1.0,222,0,1
222,1,-1.0,122,0,3
122,3,-1.0,102,0,1
102,1,-1.0,2,0,4
2,4,-1.0,18,0,0
18,0,-1.0,118,0,0
118,0,-1.0,218,0,0
218,0,-1.0,318,0,0
318,0,-1.0,418,0,5
418,5,20.0,410,1,0
252,2,-1.0,272,0,0
272,0,-1.0,372,0,0
372,0,-1.0,472,0,4
472,4,-1.0,476,0,1
476,1,-1.0,376,0,1
376,1,-1.0,276,0,3
276,3,-1.0,256,0,3
256,3,-1.0,236,0,1
236,1,-1.0,136,0,3
136,3,-1.0,116,0,1
116,1,-1.0,16,0,5
16,5,20.0,0,1,0
181,3,-1.0,161,0,3
161,3,-1.0,141,0,4
141,4,-10.0,141,0,0
141,0,-1.0,241,0,3
241,3,-1.0,221,0,1
221,1,-1.0,121,0,1
121,1,-1.0,21,0,3
21,3,-1.0,1,0,4
1,4,-1.0,17,0,0
17,0,-1.0,117,0,2
117,2,-1.0,137,0,0
137,0,-1.0,237,0,0
237,0,-1.0,337,0,1
337,1,-1.0,237,0,2
237,2,-1.0,257,0,1
257,1,-1.0,157,0,2
157,2,-1.0,177,0,2
177,2,-1.0,197,0,1
197,1,-1.0,97,0,5
97,5,20.0,85,1,0
24,0,-1.0,124,0,0
124,0,-1.0,224,0,2
224,2,-1.0,244,0,1
244,1,-1.0,144,0,2
144,2,-1.0,164,0,2
164,2,-1.0,184,0,1
184,1,-1.0,84,0,4
84,4,-1.0,96,0,0
96,0,-1.0,196,0,3
196,3,-1.0,176,0,0
176,0,-1.0,276,0,3
276,3,-1.0,256,0,3
256,3,-1.0,236,0,1
236,1,-1.0,136,0,3
136,3,-1.0,116,0,1
116,1,-1.0,16,0,5
16,5,20.0,0,1,0
154,0,-1.0,254,0,2
254,2,-1.0,274,0,0
274,0,-1.0,374,0,0
374,0,-1.0,474,0,4
474,4,-1.0,478,0,1
478,1,-1.0,378,0,1
378,1,-1.0,278,0,3
278,3,-1.0,258,0,3
258,3,-1.0,238,0,3
238,3,-1.0,218,0,0
218,0,-1.0,318,0,2
318,2,-1.0,318,0,0
318,0,-1.0,418,0,5
418,5,20.0,410,1,0
113,0,-1.0,213,0,2
213,2,-1.0,233,0,2
233,2,-1.0,253,0,2
253,2,-1.0,273,0,0
273,0,-1.0,373,0,0
373,0,-1.0,473,0,4
473,4,-1.0,477,0,2
477,2,-1.0,497,0,1
497,1,-1.0,397,0,1
397,1,-1.0,297,0,3
297,3,-1.0,277,0,1
277,1,-1.0,177,0,2
177,2,-1.0,197,0,1
197,1,-1.0,97,0,5
97,5,20.0,85,1,0
413,1,-1.0,313,0,4
313,4,-10.0,313,0,1
313,1,-1.0,213,0,2
213,2,-1.0,233,0,5
233,5,-10.0,233,0,5
233,5,-10.0,233,0,2
233,2,-1.0,253,0,2
253,2,-1.0,273,0,0
273,0,-1.0,373,0,2
373,2,-1.0,393,0,3
393,3,-1.0,373,0,0
373,0,-1.0,473,0,4
473,4,-1.0,477,0,2
477,2,-1.0,497,0,1
497,1,-1.0,397,0,1
397,1,-1.0,297,0,1
297,1,-1.0,197,0,1
197,1,-1.0,97,0,4
97,4,-10.0,97,0,5
97,5,20.0,85,1,0
202,2,-1.0,222,0,1
222,1,-1.0,122,0,3
122,3,-1.0,102,0,1
102,1,-1.0,2,0,4
2,4,-1.0,18,0,0
18,0,-1.0,118,0,0
118,0,-1.0,218,0,0
218,0,-1.0,318,0,0
318,0,-1.0,418,0,5
418,5,20.0,410,1,0
489,1,-1.0,389,0,1
389,1,-1.0,289,0,3
289,3,-1.0,269,0,3
269,3,-1.0,249,0,3
249,3,-1.0,229,0,3
229,3,-1.0,209,0,0
209,0,-1.0,309,0,0
309,0,-1.0,409,0,4
409,4,-1.0,417,0,1
417,1,-1.0,317,0,1
317,1,-1.0,217,0,2
217,2,-1.0,237,0,2
237,2,-1.0,257,0,1
257,1,-1.0,157,0,2
157,2,-1.0,177,0,2
177,2,-1.0,197,0,1
197,1,-1.0,97,0,5
97,5,20.0,85,1,0
229,3,-1.0,209,0,0
209,0,-1.0,309,0,5
309,5,-10.0,309,0,0
309,0,-1.0,409,0,4
409,4,-1.0,417,0,1
417,1,-1.0,317,0,1
317,1,-1.0,217,0,2
217,2,-1.0,237,0,2
237,2,-1.0,257,0,1
257,1,-1.0,157,0,2
157,2,-1.0,177,0,2
177,2,-1.0,197,0,1
197,1,-1.0,97,0,5
97,5,20.0,85,1,0
67,2,-1.0,87,0,4
87,4,-1.0,99,0,3
99,3,-1.0,79,0,0
79,0,-1.0,179,0,0
179,0,-1.0,279,0,0
279,0,-1.0,379,0,0
379,0,-1.0,479,0,5
479,5,20.0,475,1,0
327,4,-10.0,327,0,2
327,2,-1.0,347,0,1
347,1,-1.0,247,0,2
247,2,-1.0,267,0,2
267,2,-1.0,287,0,1
287,1,-1.0,187,0,1
187,1,-1.0,87,0,4
87,4,-1.0,99,0,3
99,3,-1.0,79,0,0
79,0,-1.0,179,0,0
179,0,-1.0,279,0,0
279,0,-1.0,379,0,0
379,0,-1.0,479,0,5
479,5,20.0,475,1,0
83,0,-1.0,183,0,5
183,5,-10.0,183,0,3
183,3,-1.0,163,0,0
163,0,-1.0,263,0,3
263,3,-1.0,243,0,3
243,3,-1.0,223,0,1
223,1,-1.0,123,0,3
123,3,-1.0,103,0,1
103,1,-1.0,3,0,4
3,4,-1.0,19,0,0
19,0,-1.0,119,0,0
119,0,-1.0,219,0,2
219,2,-1.0,239,0,2
239,2,-1.0,259,0,1
259,1,-1.0,159,0,0
159,0,-1.0,259,0,2
259,2,-1.0,279,0,0
279,0,-1.0,379,0,0
379,0,-1.0,479,0,5
479,5,20.0,475,1,0
143,0,-1.0,243,0,3
243,3,-1.0,223,0,1
223,1,-1.0,123,0,3
123,3,-1.0,103,0,1
103,1,-1.0,3,0,1
3,1,-1.0,3,0,4
3,4,-1.0,19,0,1
19,1,-1.0,19,0,0
19,0,-1.0,119,0,0
119,0,-1.0,219,0,2
219,2,-1.0,239,0,2
239,2,-1.0,259,0,2
259,2,-1.0,279,0,0
279,0,-1.0,379,0,0
379,0,-1.0,479,0,5
479,5,20.0,475,1,0
451,3,-1.0,431,0,1
431,1,-1.0,331,0,1
331,1,-1.0,231,0,3
231,3,-1.0,211,0,0
211,0,-1.0,311,0,0
311,0,-1.0,411,0,4
411,4,-1.0,419,0,1
419,1,-1.0,319,0,1
319,1,-1.0,219,0,2
219,2,-1.0,239,0,2
239,2,-1.0,259,0,2
259,2,-1.0,279,0,0
279,0,-1.0,379,0,0
379,0,-1.0,479,0,5
479,5,20.0,475,1,0
124,0,-1.0,224,0,2
224,2,-1.0,244,0,1
244,1,-1.0,144,0,2
144,2,-1.0,164,0,2
164,2,-1.0,184,0,1
184,1,-1.0,84,0,4
84,4,-1.0,96,0,0
96,0,-1.0,196,0,3
196,3,-1.0,176,0,4
176,4,-10.0,176,0,0
176,0,-1.0,276,0,3
276,3,-1.0,256,0,3
256,3,-1.0,236,0,1
236,1,-1.0,136,0,3
136,3,-1.0,116,0,1
116,1,-1.0,16,0,5
16,5,20.0,0,1,0
26,0,-1.0,126,0,0
126,0,-1.0,226,0,2
226,2,-1.0,246,0,2
246,2,-1.0,266,0,2
266,2,-1.0,286,0,1
286,1,-1.0,186,0,1
186,1,-1.0,86,0,2
86,2,-1.0,86,0,4
86,4,-1.0,98,0,0
98,0,-1.0,198,0,0
198,0,-1.0,298,0,3
298,3,-1.0,278,0,4
278,4,-10.0,278,0,3
278,3,-1.0,258,0,3
258,3,-1.0,238,0,1
238,1,-1.0,138,0,3
138,3,-1.0,118,0,0
118,0,-1.0,218,0,0
218,0,-1.0,318,0,0
318,0,-1.0,418,0,5
418,5,20.0,410,1,0
66,2,-1.0,86,0,4
86,4,-1.0,98,0,0
98,0,-1.0,198,0,0
198,0,-1.0,298,0,0
298,0,-1.0,398,0,1
398,1,-1.0,298,0,3
298,3,-1.0,278,0,3
278,3,-1.0,258,0,3
258,3,-1.0,238,0,3
238,3,-1.0,218,0,5
218,5,-10.0,218,0,0
218,0,-1.0,318,0,0
318,0,-1.0,418,0,5
418,5,20.0,410,1,0
474,4,-1.0,478,0,1
478,1,-1.0,378,0,1
378,1,-1.0,278,0,3
278,3,-1.0,258,0,3
258,3,-1.0,238,0,3
238,3,-1.0,218,0,0
218,0,-1.0,318,0,0
318,0,-1.0,418,0,5
418,5,20.0,410,1,0
353,1,-1.0,253,0,2
253,2,-1.0,273,0,0
273,0,-1.0,373,0,0
373,0,-1.0,473,0,4
473,4,-1.0,477,0,2
477,2,-1.0,497,0,1
497,1,-1.0,397,0,1
397,1,-1.0,297,0,1
297,1,-1.0,197,0,2
197,2,-1.0,197,0,1
197,1,-1.0,97,0,2
97,2,-1.0,97,0,5
97,5,20.0,85,1,0
231,3,-1.0,211,0,0
211,0,-1.0,311,0,0
311,0,-1.0,411,0,3
411,3,-1.0,411,0,4
411,4,-1.0,419,0,1
419,1,-1.0,319,0,1
319,1,-1.0,219,0,2
219,2,-1.0,239,0,2
239,2,-1.0,259,0,2
259,2,-1.0,279,0,0
279,0,-1.0,379,0,0
379,0,-1.0,479,0,5
479,5,20.0,475,1,0
323,1,-1.0,223,0,0
223,0,-1.0,323,0,1
323,1,-1.0,223,0,1
223,1,-1.0,123,0,5
123,5,-10.0,123,0,3
123,3,-1.0,103,0,1
103,1,-1.0,3,0,4
3,4,-1.0,19,0,0
19,0,-1.0,119,0,0
119,0,-1.0,219,0,2
219,2,-1.0,239,0,2
239,2,-1.0,259,0,2
259,2,-1.0,279,0,0
279,0,-1.0,379,0,0
379,0,-1.0,479,0,5
479,5,20.0,475,1,0
394,3,-1.0,374,0,0
374,0,-1.0,474,0,4
474,4,-1.0,478,0,1
478,1,-1.0,378,0,1
378,1,-1.0,278,0,3
278,3,-1.0,258,0,3
258,3,-1.0,238,0,3
238,3,-1.0,218,0,0
218,0,-1.0,318,0,0
318,0,-1.0,418,0,5
418,5,20.0,410,1,0
167,2,-1.0,187,0,1
187,1,-1.0,87,0,4
87,4,-1.0,99,0,3
99,3,-1.0,79,0,0
79,0,-1.0,179,0,0
179,0,-1.0,279,0,0
279,0,-1.0,379,0,0
379,0,-1.0,479,0,5
479,5,20.0,475,1,0
144,2,-1.0,164,0,0
164,0,-1.0,264,0,2
264,2,-1.0,284,0,5
284,5,-10.0,284,0,1
284,1,-1.0,184,0,1
184,1,-1.0,84,0,4
84,4,-1.0,96,0,0
96,0,-1.0,196,0,3
196,3,-1.0,176,0,0
176,0,-1.0,276,0,0
276,0,-1.0,376,0,0
376,0,-1.0,476,0,1
476,1,-1.0,376,0,1
376,1,-1.0,276,0,3
276,3,-1.0,256,0,3
256,3,-1.0,236,0,1
236,1,-1.0,136,0,3
136,3,-1.0,116,0,1
116,1,-1.0,16,0,5
16,5,20.0,0,1,0
428,1,-1.0,328,0,1
328,1,-1.0,228,0,3
228,3,-1.0,208,0,1
208,1,-1.0,108,0,0
108,0,-1.0,208,0,0
208,0,-1.0,308,0,3
308,3,-1.0,308,0,0
308,0,-1.0,408,0,4
408,4,-1.0,416,0,1
416,1,-1.0,316,0,1
316,1,-1.0,216,0,1
216,1,-1.0,116,0,1
116,1,-1.0,16,0,0
16,0,-1.0,116,0,1
116,1,-1.0,16,0,5
16,5,20.0,0,1,0
133,0,-1.0,233,0,2
233,2,-1.0,253,0,2
253,2,-1.0,273,0,0
273,0,-1.0,373,0,0
373,0,-1.0,473,0,4
473,4,-1.0,477,0,2
477,2,-1.0,497,0,1
497,1,-1.0,397,0,1
397,1,-1.0,297,0,1
297,1,-1.0,197,0,1
197,1,-1.0,97,0,4
97,4,-10.0,97,0,5
97,5,20.0,85,1,0
288,3,-1.0,268,0,3
268,3,-1.0,248,0,3
248,3,-1.0,228,0,3
228,3,-1.0,208,0,0
208,0,-1.0,308,0,0
308,0,-1.0,408,0,4
408,4,-1.0,416,0,1
416,1,-1.0,316,0,1
316,1,-1.0,216,0,1
216,1,-1.0,116,0,1
116,1,-1.0,16,0,5
16,5,20.0,0,1,0
452,1,-1.0,352,0,1
352,1,-1.0,252,0,4
252,4,-10.0,252,0,2
252,2,-1.0,272,0,0
272,0,-1.0,372,0,0
372,0,-1.0,472,0,4
472,4,-1.0,476,0,1
476,1,-1.0,376,0,1
376,1,-1.0,276,0,4
276,4,-10.0,276,0,3
276,3,-1.0,256,0,3
256,3,-1.0,236,0,1
236,1,-1.0,136,0,3
136,3,-1.0,116,0,1
116,1,-1.0,16,0,5
16,5,20.0,0,1,0
184,1,-1.0,84,0,4
84,4,-1.0,96,0,0
96,0,-1.0,196,0,3
196,3,-1.0,176,0,0
176,0,-1.0,276,0,3
276,3,-1.0,256,0,3
256,3,-1.0,236,0,1
236,1,-1.0,136,0,3
136,3,-1.0,116,0,1
116,1,-1.0,16,0,5
16,5,20.0,0,1,0
12,0,-1.0,112,0,0
112,0,-1.0,212,0,2
212,2,-1.0,232,0,2
232,2,-1.0,252,0,2
252,2,-1.0,272,0,0
272,0,-1.0,372,0,0
372,0,-1.0,472,0,4
472,4,-1.0,476,0,1
476,1,-1.0,376,0,1
376,1,-1.0,276,0,3
276,3,-1.0,256,0,3
256,3,-1.0,236,0,1
236,1,-1.0,136,0,3
136,3,-1.0,116,0,1
116,1,-1.0,16,0,5
16,5,20.0,0,1,0
443,1,-1.0,343,0,1
343,1,-1.0,243,0,3
243,3,-1.0,223,0,1
223,1,-1.0,123,0,3
123,3,-1.0,103,0,1
103,1,-1.0,3,0,4
3,4,-1.0,19,0,0
19,0,-1.0,119,0,0
119,0,-1.0,219,0,2
219,2,-1.0,239,0,2
239,2,-1.0,259,0,3
259,3,-1.0,239,0,2
239,2,-1.0,259,0,2
259,2,-1.0,279,0,0
279,0,-1.0,379,0,0
379,0,-1.0,479,0,5
479,5,20.0,475,1,0
231,3,-1.0,211,0,0
211,0,-1.0,311,0,0
311,0,-1.0,411,0,0
411,0,-1.0,411,0,4
411,4,-1.0,419,0,1
419,1,-1.0,319,0,1
319,1,-1.0,219,0,5
219,5,-10.0,219,0,2
219,2,-1.0,239,0,2
239,2,-1.0,259,0,2
259,2,-1.0,279,0,0
279,0,-1.0,379,0,3
379,3,-1.0,379,0,0
379,0,-1.0,479,0,5
479,5,20.0,475,1,0
107,2,-1.0,127,0,0
127,0,-1.0,227,0,2
227,2,-1.0,247,0,2
247,2,-1.0,267,0,2
267,2,-1.0,287,0,1
287,1,-1.0,187,0,1
187,1,-1.0,87,0,4
87,4,-1.0,99,0,3
99,3,-1.0,79,0,0
79,0,-1.0,179,0,0
179,0,-1.0,279,0,0
279,0,-1.0,379,0,1
379,1,-1.0,279,0,0
279,0,-1.0,379,0,4
379,4,-10.0,379,0,0
379,0,-1.0,479,0,5
479,5,20.0,475,1,0
148,0,-1.0,248,0,0
248,0,-1.0,348,0,1
348,1,-1.0,248,0,3
248,3,-1.0,228,0,3
228,3,-1.0,208,0,0
208,0,-1.0,308,0,0
308,0,-1.0,408,0,4
408,4,-1.0,416,0,1
416,1,-1.0,316,0,1
316,1,-1.0,216,0,1
216,1,-1.0,116,0,1
116,1,-1.0,16,0,5
16,5,20.0,0,1,0
62,0,-1.0,162,0,3
162,3,-1.0,142,0,0
142,0,-1.0,242,0,2
242,2,-1.0,262,0,3
262,3,-1.0,242,0,3
242,3,-1.0,222,0,1
222,1,-1.0,122,0,3
122,3,-1.0,102,0,1
102,1,-1.0,2,0,4
2,4,-1.0,18,0,0
18,0,-1.0,118,0,0
118,0,-1.0,218,0,0
218,0,-1.0,318,0,0
318,0,-1.0,418,0,5
418,5,20.0,410,1,0
53,0,-1.0,153,0,0
153,0,-1.0,253,0,2
253,2,-1.0,273,0,0
273,0,-1.0,373,0,0
373,0,-1.0,473,0,4
473,4,-1.0,477,0,2
477,2,-1.0,497,0,1
497,1,-1.0,397,0,1
397,1,-1.0,297,0,1
297,1,-1.0,197,0,1
197,1,-1.0,97,0,5
97,5,20.0,85,1,0
82,5,-10.0,82,0,0
82,0,-1.0,182,0,0
182,0,-1.0,282,0,3
282,3,-1.0,262,0,3
262,3,-1.0,242,0,3
242,3,-1.0,222,0,1
222,1,-1.0,122,0,3
122,3,-1.0,102,0,1
102,1,-1.0,2,0,5
2,5,-10.0,2,0,4
2,4,-1.0,18,0,0
18,0,-1.0,118,0,0
118,0,-1.0,218,0,0
218,0,-1.0,318,0,0
318,0,-1.0,418,0,5
418,5,20.0,410,1,0
173,0,-1.0,273,0,0
273,0,-1.0,373,0,0
373,0,-1.0,473,0,4
473,4,-1.0,477,0,2
477,2,-1.0,497,0,1
497,1,-1.0,397,0,1
397,1,-1.0,297,0,1
297,1,-1.0,197,0,1
197,1,-1.0,97,0,5
97,5,20.0,85,1,0
404,1,-1.0,304,0,1
304,1,-1.0,204,0,2
204,2,-1.0,224,0,2
224,2,-1.0,244,0,1
244,1,-1.0,144,0,2
144,2,-1.0,164,0,2
164,2,-1.0,184,0,1
184,1,-1.0,84,0,4
84,4,-1.0,96,0,0
96,0,-1.0,196,0,3
196,3,-1.0,176,0,0
176,0,-1.0,276,0,3
276,3,-1.0,256,0,3
256,3,-1.0,236,0,1
236,1,-1.0,136,0,3
136,3,-1.0,116,0,1
116,1,-1.0,16,0,5
16,5,20.0,0,1,0
463,1,-1.0,363,0,0
363,0,-1.0,463,0,1
463,1,-1.0,363,0,1
363,1,-1.0,263,0,3
263,3,-1.0,243,0,3
243,3,-1.0,223,0,1
223,1,-1.0,123,0,3
123,3,-1.0,103,0,1
103,1,-1.0,3,0,4
3,4,-1.0,19,0,0
19,0,-1.0,119,0,0
119,0,-1.0,219,0,2
219,2,-1.0,239,0,1
239,1,-1.0,139,0,0
139,0,-1.0,239,0,2
239,2,-1.0,259,0,2
259,2,-1.0,279,0,0
279,0,-1.0,379,0,1
379,1,-1.0,279,0,0
279,0,-1.0,379,0,0
379,0,-1.0,479,0,5
479,5,20.0,475,1,0
107,2,-1.0,127,0,0
127,0,-1.0,227,0,2
227,2,-1.0,247,0,2
247,2,-1.0,267,0,2
267,2,-1.0,287,0,1
287,1,-1.0,187,0,1
187,1,-1.0,87,0,4
87,4,-1.0,99,0,3
99,3,-1.0,79,0,0
79,0,-1.0,179,0,0
179,0,-1.0,279,0,0
279,0,-1.0,379,0,0
379,0,-1.0,479,0,5
479,5,20.0,475,1,0
92,0,-1.0,192,0,0
192,0,-1.0,292,0,3
292,3,-1.0,272,0,0
272,0,-1.0,372,0,0
372,0,-1.0,472,0,4
472,4,-1.0,476,0,1
476,1,-1.0,376,0,1
376,1,-1.0,276,0,3
276,3,-1.0,256,0,3
256,3,-1.0,236,0,1
236,1,-1.0,136,0,3
136,3,-1.0,116,0,1
116,1,-1.0,16,0,5
16,5,20.0,0,1,0
353,1,-1.0,253,0,2
253,2,-1.0,273,0,0
273,0,-1.0,373,0,0
373,0,-1.0,473,0,4
473,4,-1.0,477,0,2
477,2,-1.0,497,0,1
497,1,-1.0,397,0,1
397,1,-1.0,297,0,1
297,1,-1.0,197,0,1
197,1,-1.0,97,0,5
97,5,20.0,85,1,0
307,2,-1.0,307,0,5
307,5,-10.0,307,0,1
307,1,-1.0,207,0,2
207,2,-1.0,227,0,2
227,2,-1.0,247,0,2
247,2,-1.0,267,0,2
267,2,-1.0,287,0,1
287,1,-1.0,187,0,4
187,4,-10.0,187,0,1
187,1,-1.0,87,0,2
87,2,-1.0,87,0,4
87,4,-1.0,99,0,3
99,3,-1.0,79,0,0
79,0,-1.0,179,0,5
179,5,-10.0,179,0,0
179,0,-1.0,279,0,0
279,0,-1.0,379,0,0
379,0,-1.0,479,0,5
479,5,20.0,475,1,0
51,5,-10.0,51,0,0
51,0,-1.0,151,0,0
151,0,-1.0,251,0,3
251,3,-1.0,231,0,3
231,3,-1.0,211,0,0
211,0,-1.0,311,0,0
311,0,-1.0,411,0,4
411,4,-1.0,419,0,1
419,1,-1.0,319,0,1
319,1,-1.0,219,0,2
219,2,-1.0,239,0,2
239,2,-1.0,259,0,2
259,2,-1.0,279,0,0
279,0,-1.0,379,0,0
379,0,-1.0,479,0,5
479,5,20.0,475,1,0
93,0,-1.0,193,0,0
193,0,-1.0,293,0,3
293,3,-1.0,273,0,0
273,0,-1.0,373,0,0
373,0,-1.0,473,0,4
473,4,-1.0,477,0,2
477,2,-1.0,497,0,1
497,1,-1.0,397,0,3
397,3,-1.0,377,0,2
377,2,-1.0,397,0,1
397,1,-1.0,297,0,1
297,1,-1.0,197,0,1
197,1,-1.0,97,0,0
97,0,-1.0,197,0,1
197,1,-1.0,97,0,5
97,5,20.0,85,1,0
128,0,-1.0,228,0,3
228,3,-1.0,208,0,0
208,0,-1.0,308,0,0
308,0,-1.0,408,0,4
408,4,-1.0,416,0,1
416,1,-1.0,316,0,1
316,1,-1.0,216,0,1
216,1,-1.0,116,0,1
116,1,-1.0,16,0,5
16,5,20.0,0,1,0
467,2,-1.0,487,0,1
487,1,-1.0,387,0,1
387,1,-1.0,287,0,1
287,1,-1.0,187,0,1
187,1,-1.0,87,0,4
87,4,-1.0,99,0,3
99,3,-1.0,79,0,0
79,0,-1.0,179,0,0
179,0,-1.0,279,0,0
279,0,-1.0,379,0,0
379,0,-1.0,479,0,5
479,5,20.0,475,1,0
413,1,-1.0,313,0,1
313,1,-1.0,213,0,2
213,2,-1.0,233,0,2
233,2,-1.0,253,0,2
253,2,-1.0,273,0,0
273,0,-1.0,373,0,0
373,0,-1.0,473,0,4
473,4,-1.0,477,0,2
477,2,-1.0,497,0,1
497,1,-1.0,397,0,1
397,1,-1.0,297,0,1
297,1,-1.0,197,0,1
197,1,-1.0,97,0,5
97,5,20.0,85,1,0
249,3,-1.0,229,0,3
229,3,-1.0,209,0,4
209,4,-10.0,209,0,0
209,0,-1.0,309,0,2
309,2,-1.0,309,0,0
309,0,-1.0,409,0,4
409,4,-1.0,417,0,3
417,3,-1.0,417,0,5
417,5,-1.0,409,0,4
409,4,-1.0,417,0,1
417,1,-1.0,317,0,1
317,1,-1.0,217,0,2
217,2,-1.0,237,0,2
237,2,-1.0,257,0,1
257,1,-1.0,157,0,5
157,5,-10.0,157,0,2
157,2,-1.0,177,0,2
177,2,-1.0,197,0,1
197,1,-1.0,97,0,5
97,5,20.0,85,1,0
423,1,-1.0,323,0,1
323,1,-1.0,223,0,1
223,1,-1.0,123,0,3
123,3,-1.0,103,0,1
103,1,-1.0,3,0,4
3,4,-1.0,19,0,0
19,0,-1.0,119,0,0
119,0,-1.0,219,0,2
219,2,-1.0,239,0,2
239,2,-1.0,259,0,2
259,2,-1.0,279,0,0
279,0,-1.0,379,0,0
379,0,-1.0,479,0,5
479,5,20.0,475,1,0
214,2,-1.0,234,0,2
234,2,-1.0,254,0,2
254,2,-1.0,274,0,0
274,0,-1.0,374,0,0
374,0,-1.0,474,0,4
474,4,-1.0,478,0,1
478,1,-1.0,378,0,1
378,1,-1.0,278,0,3
278,3,-1.0,258,0,3
258,3,-1.0,238,0,3
238,3,-1.0,218,0,0
218,0,-1.0,318,0,0
318,0,-1.0,418,0,5
418,5,20.0,410,1,0
328,1,-1.0,228,0,3
228,3,-1.0,208,0,0
208,0,-1.0,308,0,0
308,0,-1.0,408,0,4
408,4,-1.0,416,0,1
416,1,-1.0,316,0,1
316,1,-1.0,216,0,1
216,1,-1.0,116,0,1
116,1,-1.0,16,0,5
16,5,20.0,0,1,0
243,3,-1.0,223,0,1
223,1,-1.0,123,0,3
123,3,-1.0,103,0,1
103,1,-1.0,3,0,4
3,4,-1.0,19,0,0
19,0,-1.0,119,0,0
119,0,-1.0,219,0,2
219,2,-1.0,239,0,2
239,2,-1.0,259,0,2
259,2,-1.0,279,0,0
279,0,-1.0,379,0,0
379,0,-1.0,479,0,5
479,5,20.0,475,1,0
291,3,-1.0,271,0,3
271,3,-1.0,251,0,2
251,2,-1.0,271,0,3
271,3,-1.0,251,0,3
251,3,-1.0,231,0,3
231,3,-1.0,211,0,0
211,0,-1.0,311,0,0
311,0,-1.0,411,0,4
411,4,-1.0,419,0,1
419,1,-1.0,319,0,3
319,3,-1.0,319,0,1
319,1,-1.0,219,0,2
219,2,-1.0,239,0,2
239,2,-1.0,259,0,2
259,2,-1.0,279,0,0
279,0,-1.0,379,0,0
379,0,-1.0,479,0,0
479,0,-1.0,479,0,5
479,5,20.0,475,1,0
47,2,-1.0,67,0,2
67,2,-1.0,87,0,4
87,4,-1.0,99,0,3
99,3,-1.0,79,0,0
79,0,-1.0,179,0,0
179,0,-1.0,279,0,0
279,0,-1.0,379,0,0
379,0,-1.0,479,0,5
479,5,20.0,475,1,0
352,1,-1.0,252,0,2
252,2,-1.0,272,0,0
272,0,-1.0,372,0,0
372,0,-1.0,472,0,4
472,4,-1.0,476,0,1
476,1,-1.0,376,0,1
376,1,-1.0,276,0,3
276,3,-1.0,256,0,3
256,3,-1.0,236,0,1
236,1,-1.0,136,0,3
136,3,-1.0,116,0,1
116,1,-1.0,16,0,5
16,5,20.0,0,1,0
454,1,-1.0,354,0,1
354,1,-1.0,254,0,5
254,5,-10.0,254,0,2
254,2,-1.0,274,0,1
274,1,-1.0,174,0,1
174,1,-1.0,74,0,0
74,0,-1.0,174,0,0
174,0,-1.0,274,0,0
274,0,-1.0,374,0,0
374,0,-1.0,474,0,4
474,4,-1.0,478,0,1
478,1,-1.0,378,0,1
378,1,-1.0,278,0,3
278,3,-1.0,258,0,3
258,3,-1.0,238,0,3
238,3,-1.0,218,0,0
218,0,-1.0,318,0,0
318,0,-1.0,418,0,5
418,5,20.0,410,1,0
288,3,-1.0,268,0,3
268,3,-1.0,248,0,3
248,3,-1.0,228,0,4
228,4,-10.0,228,0,3
228,3,-1.0,208,0,0
208,0,-1.0,308,0,1
308,1,-1.0,208,0,0
208,0,-1.0,308,0,0
308,0,-1.0,408,0,4
408,4,-1.0,416,0,1
416,1,-1.0,316,0,1
316,1,-1.0,216,0,5
216,5,-10.0,216,0,1
216,1,-1.0,116,0,1
116,1,-1.0,16,0,5
16,5,20.0,0,1,0
6,0,-1.0,106,0,0
106,0,-1.0,206,0,2
206,2,-1.0,226,0,2
226,2,-1.0,246,0,2
246,2,-1.0,266,0,2
266,2,-1.0,286,0,1
286,1,-1.0,186,0,1
186,1,-1.0,86,0,0
86,0,-1.0,186,0,1
186,1,-1.0,86,0,4
86,4,-1.0,98,0,3
98,3,-1.0,78,0,3
78,3,-1.0,58,0,0
58,0,-1.0,158,0,0
158,0,-1.0,258,0,3
258,3,-1.0,238,0,3
238,3,-1.0,218,0,0
218,0,-1.0,318,0,0
318,0,-1.0,418,0,5
418,5,20.0,410,1,0
494,3,-1.0,474,0,4
474,4,-1.0,478,0,1
478,1,-1.0,378,0,1
378,1,-1.0,278,0,3
278,3,-1.0,258,0,3
258,3,-1.0,238,0,3
238,3,-1.0,218,0,0
218,0,-1.0,318,0,0
318,0,-1.0,418,0,5
418,5,20.0,410,1,0
387,1,-1.0,287,0,1
287,1,-1.0,187,0,1
187,1,-1.0,87,0,4
87,4,-1.0,99,0,3
99,3,-1.0,79,0,0
79,0,-1.0,179,0,0
179,0,-1.0,279,0,0
279,0,-1.0,379,0,0
379,0,-1.0,479,0,5
479,5,20.0,475,1,0
71,0,-1.0,171,0,0
171,0,-1.0,271,0,1
271,1,-1.0,171,0,0
171,0,-1.0,271,0,3
271,3,-1.0,251,0,3
251,3,-1.0,231,0,3
231,3,-1.0,211,0,5
211,5,-10.0,211,0,1
211,1,-1.0,111,0,0
111,0,-1.0,211,0,0
211,0,-1.0,311,0,0
311,0,-1.0,411,0,4
411,4,-1.0,419,0,1
419,1,-1.0,319,0,1
319,1,-1.0,219,0,2
219,2,-1.0,239,0,2
239,2,-1.0,259,0,2
259,2,-1.0,279,0,0
279,0,-1.0,379,0,0
379,0,-1.0,479,0,5
479,5,20.0,475,1,0
11,0,-1.0,111,0,0
111,0,-1.0,211,0,0
211,0,-1.0,311,0,0
311,0,-1.0,411,0,4
411,4,-1.0,419,0,4
419,4,-10.0,419,0,1
419,1,-1.0,319,0,1
319,1,-1.0,219,0,2
219,2,-1.0,239,0,2
239,2,-1.0,259,0,2
259,2,-1.0,279,0,0
279,0,-1.0,379,0,0
379,0,-1.0,479,0,5
479,5,20.0,475,1,0
29,0,-1.0,129,0,3
129,3,-1.0,109,0,0
109,0,-1.0,209,0,0
209,0,-1.0,309,0,0
309,0,-1.0,409,0,4
409,4,-1.0,417,0,1
417,1,-1.0,317,0,1
317,1,-1.0,217,0,2
217,2,-1.0,237,0,2
237,2,-1.0,257,0,1
257,1,-1.0,157,0,2
157,2,-1.0,177,0,2
177,2,-1.0,197,0,1
197,1,-1.0,97,0,5
97,5,20.0,85,1,0
202,1,-1.0,102,0,1
102,1,-1.0,2,0,4
2,4,-1.0,18,0,5
18,5,-1.0,2,0,5
2,5,-10.0,2,0,4
2,4,-1.0,18,0,0
18,0,-1.0,118,0,0
118,0,-1.0,218,0,0
218,0,-1.0,318,0,0
318,0,-1.0,418,0,5
418,5,20.0,410,1,0
471,1,-1.0,371,0,1
371,1,-1.0,271,0,3
271,3,-1.0,251,0,3
251,3,-1.0,231,0,3
231,3,-1.0,211,0,0
211,0,-1.0,311,0,0
311,0,-1.0,411,0,4
411,4,-1.0,419,0,1
419,1,-1.0,319,0,1
319,1,-1.0,219,0,2
219,2,-1.0,239,0,2
239,2,-1.0,259,0,2
259,2,-1.0,279,0,3
279,3,-1.0,259,0,2
259,2,-1.0,279,0,0
279,0,-1.0,379,0,5
379,5,-10.0,379,0,0
379,0,-1.0,479,0,5
479,5,20.0,475,1,0
283,3,-1.0,263,0,3
263,3,-1.0,243,0,3
243,3,-1.0,223,0,1
223,1,-1.0,123,0,3
123,3,-1.0,103,0,1
103,1,-1.0,3,0,2
3,2,-1.0,23,0,3
23,3,-1.0,3,0,4
3,4,-1.0,19,0,0
19,0,-1.0,119,0,0
119,0,-1.0,219,0,2
219,2,-1.0,239,0,4
239,4,-10.0,239,0,2
239,2,-1.0,259,0,2
259,2,-1.0,279,0,0
279,0,-1.0,379,0,0
379,0,-1.0,479,0,5
479,5,20.0,475,1,0
326,1,-1.0,226,0,2
226,2,-1.0,246,0,2
246,2,-1.0,266,0,0
266,0,-1.0,366,0,2
366,2,-1.0,386,0,1
386,1,-1.0,286,0,1
286,1,-1.0,186,0,1
186,1,-1.0,86,0,4
86,4,-1.0,98,0,0
98,0,-1.0,198,0,0
198,0,-1.0,298,0,3
298,3,-1.0,278,0,3
278,3,-1.0,258,0,3
258,3,-1.0,238,0,3
238,3,-1.0,218,0,0
218,0,-1.0,318,0,0
318,0,-1.0,418,0,5
418,5,20.0,410,1,0
71,0,-1.0,171,0,0
171,0,-1.0,271,0,2
271,2,-1.0,291,0,3
291,3,-1.0,271,0,3
271,3,-1.0,251,0,3
251,3,-1.0,231,0,3
231,3,-1.0,211,0,0
211,0,-1.0,311,0,0
311,0,-1.0,411,0,4
411,4,-1.0,419,0,1
419,1,-1.0,319,0,4
319,4,-10.0,319,0,1
319,1,-1.0,219,0,2
219,2,-1.0,239,0,2
239,2,-1.0,259,0,2
259,2,-1.0,279,0,0
279,0,-1.0,379,0,0
379,0,-1.0,479,0,5
479,5,20.0,475,1,0
186,1,-1.0,86,0,4
86,4,-1.0,98,0,0
98,0,-1.0,198,0,0
198,0,-1.0,298,0,3
298,3,-1.0,278,0,3
278,3,-1.0,258,0,3
258,3,-1.0,238,0,3
238,3,-1.0,218,0,0
218,0,-1.0,318,0,0
318,0,-1.0,418,0,5
418,5,20.0,410,1,0
414,1,-1.0,314,0,1
314,1,-1.0,214,0,2
214,2,-1.0,234,0,2
234,2,-1.0,254,0,2
254,2,-1.0,274,0,0
274,0,-1.0,374,0,0
374,0,-1.0,474,0,4
474,4,-1.0,478,0,1
478,1,-1.0,378,0,1
378,1,-1.0,278,0,3
278,3,-1.0,258,0,3
258,3,-1.0,238,0,3
238,3,-1.0,218,0,0
218,0,-1.0,318,0,0
318,0,-1.0,418,0,5
418,5,20.0,410,1,0
72,0,-1.0,172,0,0
172,0,-1.0,272,0,0
272,0,-1.0,372,0,0
372,0,-1.0,472,0,4
472,4,-1.0,476,0,1
476,1,-1.0,376,0,1
376,1,-1.0,276,0,3
276,3,-1.0,256,0,3
256,3,-1.0,236,0,1
236,1,-1.0,136,0,3
136,3,-1.0,116,0,1
116,1,-1.0,16,0,2
16,2,-1.0,36,0,3
36,3,-1.0,16,0,5
16,5,20.0,0,1,0
188,4,-10.0,188,0,0
188,0,-1.0,288,0,3
288,3,-1.0,268,0,3
268,3,-1.0,248,0,3
248,3,-1.0,228,0,3
228,3,-1.0,208,0,0
208,0,-1.0,308,0,0
308,0,-1.0,408,0,4
408,4,-1.0,416,0,1
416,1,-1.0,316,0,1
316,1,-1.0,216,0,1
216,1,-1.0,116,0,1
116,1,-1.0,16,0,5
16,5,20.0,0,1,0
323,1,-1.0,223,0,1
223,1,-1.0,123,0,3
123,3,-1.0,103,0,1
103,1,-1.0,3,0,4
3,4,-1.0,19,0,5
19,5,-1.0,3,0,4
3,4,-1.0,19,0,5
19,5,-1.0,3,0,4
3,4,-1.0,19,0,0
19,0,-1.0,119,0,0
119,0,-1.0,219,0,2
219,2,-1.0,239,0,2
239,2,-1.0,259,0,2
259,2,-1.0,279,0,0
279,0,-1.0,379,0,0
379,0,-1.0,479,0,5
479,5,20.0,475,1,0
423,1,-1.0,323,0,1
323,1,-1.0,223,0,1
223,1,-1.0,123,0,3
123,3,-1.0,103,0,0
103,0,-1.0,203,0,1
203,1,-1.0,103,0,1
103,1,-1.0,3,0,4
3,4,-1.0,19,0,0
19,0,-1.0,119,0,3
119,3,-1.0,119,0,0
119,0,-1.0,219,0,2
219,2,-1.0,239,0,2
239,2,-1.0,259,0,2
259,2,-1.0,279,0,1
279,1,-1.0,179,0,0
179,0,-1.0,279,0,0
279,0,-1.0,379,0,0
379,0,-1.0,479,0,5
479,5,20.0,475,1,0
91,3,-1.0,71,0,0
71,0,-1.0,171,0,0
171,0,-1.0,271,0,3
271,3,-1.0,251,0,3
251,3,-1.0,231,0,3
231,3,-1.0,211,0,0
211,0,-1.0,311,0,0
311,0,-1.0,411,0,4
411,4,-1.0,419,0,1
419,1,-1.0,319,0,1
319,1,-1.0,219,0,2
219,2,-1.0,239,0,2
239,2,-1.0,259,0,2
259,2,-1.0,279,0,0
279,0,-1.0,379,0,0
379,0,-1.0,479,0,5
479,5,20.0,475,1,0
284,1,-1.0,184,0,1
184,1,-1.0,84,0,4
84,4,-1.0,96,0,0
96,0,-1.0,196,0,3
196,3,-1.0,176,0,0
176,0,-1.0,276,0,3
276,3,-1.0,256,0,2
256,2,-1.0,276,0,3
276,3,-1.0,256,0,0
256,0,-1.0,356,0,1
356,1,-1.0,256,0,3
256,3,-1.0,236,0,1
236,1,-1.0,136,0,3
136,3,-1.0,116,0,1
116,1,-1.0,16,0,5
16,5,20.0,0,1,0
143,0,-1.0,243,0,3
243,3,-1.0,223,0,1
223,1,-1.0,123,0,3
123,3,-1.0,103,0,1
103,1,-1.0,3,0,4
3,4,-1.0,19,0,0
19,0,-1.0,119,0,0
119,0,-1.0,219,0,3
219,3,-1.0,219,0,2
219,2,-1.0,239,0,2
239,2,-1.0,259,0,5
259,5,-10.0,259,0,4
259,4,-10.0,259,0,2
259,2,-1.0,279,0,0
279,0,-1.0,379,0,0
379,0,-1.0,479,0,5
479,5,20.0,475,1,0
454,1,-1.0,354,0,3
354,3,-1.0,334,0,2
334,2,-1.0,354,0,1
354,1,-1.0,254,0,2
254,2,-1.0,274,0,0
274,0,-1.0,374,0,0
374,0,-1.0,474,0,4
474,4,-1.0,478,0,1
478,1,-1.0,378,0,1
378,1,-1.0,278,0,3
278,3,-1.0,258,0,3
258,3,-1.0,238,0,3
238,3,-1.0,218,0,0
218,0,-1.0,318,0,0
318,0,-1.0,418,0,5
418,5,20.0,410,1,0
232,2,-1.0,252,0,2
252,2,-1.0,272,0,0
272,0,-1.0,372,0,0
372,0,-1.0,472,0,4
472,4,-1.0,476,0,1
476,1,-1.0,376,0,1
376,1,-1.0,276,0,3
276,3,-1.0,256,0,3
256,3,-1.0,236,0,1
236,1,-1.0,136,0,3
136,3,-1.0,116,0,1
116,1,-1.0,16,0,5
16,5,20.0,0,1,0
211,0,-1.0,311,0,0
311,0,-1.0,411,0,4
411,4,-1.0,419,0,5
419,5,-1.0,411,0,4
411,4,-1.0,419,0,1
419,1,-1.0,319,0,1
319,1,-1.0,219,0,2
219,2,-1.0,239,0,2
239,2,-1.0,259,0,2
259,2,-1.0,279,0,0
279,0,-1.0,379,0,0
379,0,-1.0,479,0,5
479,5,20.0,475,1,0
231,3,-1.0,211,0,3
211,3,-1.0,211,0,0
211,0,-1.0,311,0,1
311,1,-1.0,211,0,0
211,0,-1.0,311,0,0
311,0,-1.0,411,0,4
411,4,-1.0,419,0,1
419,1,-1.0,319,0,1
319,1,-1.0,219,0,2
219,2,-1.0,239,0,2
239,2,-1.0,259,0,2
259,2,-1.0,279,0,0
279,0,-1.0,379,0,0
379,0,-1.0,479,0,5
479,5,20.0,475,1,0
49,0,-1.0,149,0,0
149,0,-1.0,249,0,3
249,3,-1.0,229,0,3
229,3,-1.0,209,0,0
209,0,-1.0,309,0,0
309,0,-1.0,409,0,4
409,4,-1.0,417,0,1
417,1,-1.0,317,0,1
317,1,-1.0,217,0,1
217,1,-1.0,117,0,2
117,2,-1.0,137,0,0
137,0,-1.0,237,0,2
237,2,-1.0,257,0,1
257,1,-1.0,157,0,2
157,2,-1.0,177,0,2
177,2,-1.0,197,0,1
197,1,-1.0,97,0,3
97,3,-1.0,77,0,2
77,2,-1.0,97,0,5
97,5,20.0,85,1,0
433,1,-1.0,333,0,2
333,2,-1.0,353,0,1
353,1,-1.0,253,0,2
253,2,-1.0,273,0,4
273,4,-10.0,273,0,0
273,0,-1.0,373,0,0
373,0,-1.0,473,0,4
473,4,-1.0,477,0,2
477,2,-1.0,497,0,1
497,1,-1.0,397,0,1
397,1,-1.0,297,0,1
297,1,-1.0,197,0,1
197,1,-1.0,97,0,5
97,5,20.0,85,1,0
222,1,-1.0,122,0,3
122,3,-1.0,102,0,1
102,1,-1.0,2,0,4
2,4,-1.0,18,0,0
18,0,-1.0,118,0,0
118,0,-1.0,218,0,0
218,0,-1.0,318,0,0
318,0,-1.0,418,0,5
418,5,20.0,410,1,0
272,0,-1.0,372,0,0
372,0,-1.0,472,0,4
472,4,-1.0,476,0,1
476,1,-1.0,376,0,1
376,1,-1.0,276,0,3
276,3,-1.0,256,0,3
256,3,-1.0,236,0,1
236,1,-1.0,136,0,3
136,3,-1.0,116,0,1
116,1,-1.0,16,0,5
16,5,20.0,0,1,0
104,2,-1.0,124,0,0
124,0,-1.0,224,0,2
224,2,-1.0,244,0,1
244,1,-1.0,144,0,2
144,2,-1.0,164,0,4
164,4,-10.0,164,0,0
164,0,-1.0,264,0,2
264,2,-1.0,284,0,1
284,1,-1.0,184,0,1
184,1,-1.0,84,0,4
84,4,-1.0,96,0,0
96,0,-1.0,196,0,3
196,3,-1.0,176,0,0
176,0,-1.0,276,0,3
276,3,-1.0,256,0,3
256,3,-1.0,236,0,1
236,1,-1.0,136,0,3
136,3,-1.0,116,0,1
116,1,-1.0,16,0,5
16,5,20.0,0,1,0
387,1,-1.0,287,0,1
287,1,-1.0,187,0,1
187,1,-1.0,87,0,4
87,4,-1.0,99,0,2
99,2,-1.0,99,0,3
99,3,-1.0,79,0,0
79,0,-1.0,179,0,4
179,4,-10.0,179,0,0
179,0,-1.0,279,0,0
279,0,-1.0,379,0,0
379,0,-1.0,479,0,2
479,2,-1.0,499,0,3
499,3,-1.0,479,0,5
479,5,20.0,475,1,0
403,1,-1.0,303,0,1
303,1,-1.0,203,0,1
203,1,-1.0,103,0,1
103,1,-1.0,3,0,4
3,4,-1.0,19,0,0
19,0,-1.0,119,0,0
119,0,-1.0,219,0,2
219,2,-1.0,239,0,2
239,2,-1.0,259,0,2
259,2,-1.0,279,0,0
279,0,-1.0,379,0,0
379,0,-1.0,479,0,5
479,5,20.0,475,1,0
121,1,-1.0,21,0,3
21,3,-1.0,1,0,4
1,4,-1.0,17,0,0
17,0,-1.0,117,0,2
117,2,-1.0,137,0,0
137,0,-1.0,237,0,3
237,3,-1.0,217,0,2
217,2,-1.0,237,0,2
237,2,-1.0,257,0,1
257,1,-1.0,157,0,2
157,2,-1.0,177,0,2
177,2,-1.0,197,0,1
197,1,-1.0,97,0,5
97,5,20.0,85,1,0
441,1,-1.0,341,0,1
341,1,-1.0,241,0,3
241,3,-1.0,221,0,1
221,1,-1.0,121,0,1
121,1,-1.0,21,0,3
21,3,-1.0,1,0,4
1,4,-1.0,17,0,0
17,0,-1.0,117,0,2
117,2,-1.0,137,0,0
137,0,-1.0,237,0,2
237,2,-1.0,257,0,1
257,1,-1.0,157,0,2
157,2,-1.0,177,0,2
177,2,-1.0,197,0,1
197,1,-1.0,97,0,5
97,5,20.0,85,1,0
73,0,-1.0,173,0,0
173,0,-1.0,273,0,1
273,1,-1.0,173,0,0
173,0,-1.0,273,0,0
273,0,-1.0,373,0,0
373,0,-1.0,473,0,4
473,4,-1.0,477,0,2
477,2,-1.0,497,0,1
497,1,-1.0,397,0,1
397,1,-1.0,297,0,1
297,1,-1.0,197,0,4
197,4,-10.0,197,0,1
197,1,-1.0,97,0,5
97,5,20.0,85,1,0
367,2,-1.0,387,0,0
387,0,-1.0,487,0,1
487,1,-1.0,387,0,1
387,1,-1.0,287,0,1
287,1,-1.0,187,0,1
187,1,-1.0,87,0,4
87,4,-1.0,99,0,3
99,3,-1.0,79,0,0
79,0,-1.0,179,0,0
179,0,-1.0,279,0,0
279,0,-1.0,379,0,0
379,0,-1.0,479,0,5
479,5,20.0,475,1,0
422,1,-1.0,322,0,1
322,1,-1.0,222,0,1
222,1,-1.0,122,0,3
122,3,-1.0,102,0,1
102,1,-1.0,2,0,4
2,4,-1.0,18,0,0
18,0,-1.0,118,0,0
118,0,-1.0,218,0,0
218,0,-1.0,318,0,0
318,0,-1.0,418,0,5
418,5,20.0,410,1,0
401,1,-1.0,301,0,2
301,2,-1.0,301,0,1
301,1,-1.0,201,0,1
201,1,-1.0,101,0,1
101,1,-1.0,1,0,4
1,4,-1.0,17,0,0
17,0,-1.0,117,0,2
117,2,-1.0,137,0,0
137,0,-1.0,237,0,2
237,2,-1.0,257,0,1
257,1,-1.0,157,0,2
157,2,-1.0,177,0,2
177,2,-1.0,197,0,1
197,1,-1.0,97,0,2
97,2,-1.0,97,0,5
97,5,20.0,85,1,0
102,1,-1.0,2,0,4
2,4,-1.0,18,0,0
18,0,-1.0,118,0,0
118,0,-1.0,218,0,0
218,0,-1.0,318,0,0
318,0,-1.0,418,0,5
418,5,20.0,410,1,0
2,4,-1.0,18,0,0
18,0,-1.0,118,0,0
118,0,-1.0,218,0,0
218,0,-1.0,318,0,0
318,0,-1.0,418,0,5
418,5,20.0,410,1,0
251,3,-1.0,231,0,3
231,3,-1.0,211,0,0
211,0,-1.0,311,0,0
311,0,-1.0,411,0,4
411,4,-1.0,419,0,1
419,1,-1.0,319,0,1
319,1,-1.0,219,0,2
219,2,-1.0,239,0,2
239,2,-1.0,259,0,2
259,2,-1.0,279,0,0
279,0,-1.0,379,0,0
379,0,-1.0,479,0,5
479,5,20.0,475,1,0
469,1,-1.0,369,0,3
369,3,-1.0,369,0,1
369,1,-1.0,269,0,3
269,3,-1.0,249,0,3
249,3,-1.0,229,0,3
229,3,-1.0,209,0,0
209,0,-1.0,309,0,0
309,0,-1.0,409,0,4
409,4,-1.0,417,0,1
417,1,-1.0,317,0,1
317,1,-1.0,217,0,2
217,2,-1.0,237,0,5
237,5,-10.0,237,0,2
237,2,-1.0,257,0,1
257,1,-1.0,157,0,2
157,2,-1.0,177,0,2
177,2,-1.0,197,0,1
197,1,-1.0,97,0,5
97,5,20.0,85,1,0
68,0,-1.0,168,0,0
168,0,-1.0,268,0,3
268,3,-1.0,248,0,3
248,3,-1.0,228,0,3
228,3,-1.0,208,0,0
208,0,-1.0,308,0,0
308,0,-1.0,408,0,4
408,4,-1.0,416,0,1
416,1,-1.0,316,0,1
316,1,-1.0,216,0,1
216,1,-1.0,116,0,1
116,1,-1.0,16,0,5
16,5,20.0,0,1,0
362,1,-1.0,262,0,3
262,3,-1.0,242,0,3
242,3,-1.0,222,0,1
222,1,-1.0,122,0,3
122,3,-1.0,102,0,1
102,1,-1.0,2,0,4
2,4,-1.0,18,0,0
18,0,-1.0,118,0,0
118,0,-1.0,218,0,0
218,0,-1.0,318,0,0
318,0,-1.0,418,0,5
418,5,20.0,410,1,0
324,1,-1.0,224,0,2
224,2,-1.0,244,0,1
244,1,-1.0,144,0,2
144,2,-1.0,164,0,2
164,2,-1.0,184,0,1
184,1,-1.0,84,0,4
84,4,-1.0,96,0,2
96,2,-1.0,96,0,0
96,0,-1.0,196,0,3
196,3,-1.0,176,0,0
176,0,-1.0,276,0,3
276,3,-1.0,256,0,3
256,3,-1.0,236,0,1
236,1,-1.0,136,0,3
136,3,-1.0,116,0,1
116,1,-1.0,16,0,2
16,2,-1.0,36,0,3
36,3,-1.0,16,0,4
16,4,-10.0,16,0,5
16,5,20.0,0,1,0
393,3,-1.0,373,0,0
373,0,-1.0,473,0,4
473,4,-1.0,477,0,2
477,2,-1.0,497,0,1
497,1,-1.0,397,0,2
397,2,-1.0,397,0,1
397,1,-1.0,297,0,1
297,1,-1.0,197,0,1
197,1,-1.0,97,0,5
97,5,20.0,85,1,0
489,3,-1.0,469,0,1
469,1,-1.0,369,0,1
369,1,-1.0,269,0,3
269,3,-1.0,249,0,3
249,3,-1.0,229,0,3
229,3,-1.0,209,0,0
209,0,-1.0,309,0,0
309,0,-1.0,409,0,4
409,4,-1.0,417,0,0
417,0,-1.0,417,0,1
417,1,-1.0,317,0,1
317,1,-1.0,217,0,2
217,2,-1.0,237,0,2
237,2,-1.0,257,0,1
257,1,-1.0,157,0,2
157,2,-1.0,177,0,2
177,2,-1.0,197,0,2
197,2,-1.0,197,0,1
197,1,-1.0,97,0,5
97,5,20.0,85,1,0
212,2,-1.0,232,0,2
232,2,-1.0,252,0,2
252,2,-1.0,272,0,0
272,0,-1.0,372,0,0
372,0,-1.0,472,0,4
472,4,-1.0,476,0,1
476,1,-1.0,376,0,1
376,1,-1.0,276,0,3
276,3,-1.0,256,0,3
256,3,-1.0,236,0,1
236,1,-1.0,136,0,3
136,3,-1.0,116,0,1
116,1,-1.0,16,0,5
16,5,20.0,0,1,0
374,0,-1.0,474,0,3
474,3,-1.0,474,0,4
474,4,-1.0,478,0,1
478,1,-1.0,378,0,5
378,5,-10.0,378,0,1
378,1,-1.0,278,0,3
278,3,-1.0,258,0,3
258,3,-1.0,238,0,3
238,3,-1.0,218,0,0
218,0,-1.0,318,0,0
318,0,-1.0,418,0,5
418,5,20.0,410,1,0
194,3,-1.0,174,0,0
174,0,-1.0,274,0,0
274,0,-1.0,374,0,3
374,3,-1.0,374,0,0
374,0,-1.0,474,0,0
474,0,-1.0,474,0,4
474,4,-1.0,478,0,1
478,1,-1.0,378,0,1
378,1,-1.0,278,0,3
278,3,-1.0,258,0,3
258,3,-1.0,238,0,3
238,3,-1.0,218,0,0
218,0,-1.0,318,0,0
318,0,-1.0,418,0,5
418,5,20.0,410,1,0
329,1,-1.0,229,0,3
229,3,-1.0,209,0,0
209,0,-1.0,309,0,0
309,0,-1.0,409,0,4
409,4,-1.0,417,0,1
417,1,-1.0,317,0,1
317,1,-1.0,217,0,2
217,2,-1.0,237,0,2
237,2,-1.0,257,0,1
257,1,-1.0,157,0,2
157,2,-1.0,177,0,2
177,2,-1.0,197,0,1
197,1,-1.0,97,0,5
97,5,20.0,85,1,0
11,0,-1.0,111,0,0
111,0,-1.0,211,0,0
211,0,-1.0,311,0,0
311,0,-1.0,411,0,4
411,4,-1.0,419,0,1
419,1,-1.0,319,0,1
319,1,-1.0,219,0,2
219,2,-1.0,239,0,2
239,2,-1.0,259,0,2
259,2,-1.0,279,0,0
279,0,-1.0,379,0,0
379,0,-1.0,479,0,5
479,5,20.0,475,1,0
152,2,-1.0,172,0,3
172,3,-1.0,152,0,2
152,2,-1.0,172,0,5
172,5,-10.0,172,0,0
172,0,-1.0,272,0,0
272,0,-1.0,372,0,2
372,2,-1.0,392,0,3
392,3,-1.0,372,0,0
372,0,-1.0,472,0,4
472,4,-1.0,476,0,1
476,1,-1.0,376,0,1
376,1,-1.0,276,0,3
276,3,-1.0,256,0,3
256,3,-1.0,236,0,1
236,1,-1.0,136,0,3
136,3,-1.0,116,0,1
116,1,-1.0,16,0,5
16,5,20.0,0,1,0
411,4,-1.0,419,0,1
419,1,-1.0,319,0,1
319,1,-1.0,219,0,2
219,2,-1.0,239,0,2
239,2,-1.0,259,0,2
259,2,-1.0,279,0,0
279,0,-1.0,379,0,0
379,0,-1.0,479,0,5
479,5,20.0,475,1,0
449,1,-1.0,349,0,1
349,1,-1.0,249,0,3
249,3,-1.0,229,0,3
229,3,-1.0,209,0,0
209,0,-1.0,309,0,0
309,0,-1.0,409,0,4
409,4,-1.0,417,0,1
417,1,-1.0,317,0,1
317,1,-1.0,217,0,2
217,2,-1.0,237,0,2
237,2,-1.0,257,0,1
257,1,-1.0,157,0,2
157,2,-1.0,177,0,3
177,3,-1.0,157,0,2
157,2,-1.0,177,0,2
177,2,-1.0,197,0,1
197,1,-1.0,97,0,5
97,5,20.0,85,1,0
263,3,-1.0,243,0,3
243,3,-1.0,223,0,1
223,1,-1.0,123,0,3
123,3,-1.0,103,0,1
103,1,-1.0,3,0,4
3,4,-1.0,19,0,5
19,5,-1.0,3,0,4
3,4,-1.0,19,0,0
19,0,-1.0,119,0,0
119,0,-1.0,219,0,4
219,4,-10.0,219,0,5
219,5,-10.0,219,0,2
219,2,-1.0,239,0,2
239,2,-1.0,259,0,2
259,2,-1.0,279,0,0
279,0,-1.0,379,0,0
379,0,-1.0,479,0,2
479,2,-1.0,499,0,3
499,3,-1.0,479,0,5
479,5,20.0,475,1,0
392,0,-1.0,492,0,3
492,3,-1.0,472,0,4
472,4,-1.0,476,0,0
476,0,-1.0,476,0,1
476,1,-1.0,376,0,1
376,1,-1.0,276,0,3
276,3,-1.0,256,0,3
256,3,-1.0,236,0,1
236,1,-1.0,136,0,3
136,3,-1.0,116,0,1
116,1,-1.0,16,0,5
16,5,20.0,0,1,0
346,1,-1.0,246,0,2
246,2,-1.0,266,0,2
266,2,-1.0,286,0,1
286,1,-1.0,186,0,1
186,1,-1.0,86,0,0
86,0,-1.0,186,0,1
186,1,-1.0,86,0,4
86,4,-1.0,98,0,0
98,0,-1.0,198,0,0
198,0,-1.0,298,0,3
298,3,-1.0,278,0,3
278,3,-1.0,258,0,3
258,3,-1.0,238,0,3
238,3,-1.0,218,0,0
218,0,-1.0,318,0,0
318,0,-1.0,418,0,2
418,2,-1.0,418,0,5
418,5,20.0,410,1,0
206,2,-1.0,226,0,2
226,2,-1.0,246,0,2
246,2,-1.0,266,0,2
266,2,-1.0,286,0,1
286,1,-1.0,186,0,1
186,1,-1.0,86,0,4
86,4,-1.0,98,0,0
98,0,-1.0,198,0,0
198,0,-1.0,298,0,3
298,3,-1.0,278,0,3
278,3,-1.0,258,0,3
258,3,-1.0,238,0,3
238,3,-1.0,218,0,0
218,0,-1.0,318,0,0
318,0,-1.0,418,0,5
418,5,20.0,410,1,0
201,1,-1.0,101,0,1
101,1,-1.0,1,0,4
1,4,-1.0,17,0,0
17,0,-1.0,117,0,2
117,2,-1.0,137,0,0
137,0,-1.0,237,0,2
237,2,-1.0,257,0,1
257,1,-1.0,157,0,2
157,2,-1.0,177,0,2
177,2,-1.0,197,0,1
197,1,-1.0,97,0,5
97,5,20.0,85,1,0
292,3,-1.0,272,0,0
272,0,-1.0,372,0,0
372,0,-1.0,472,0,2
472,2,-1.0,492,0,3
492,3,-1.0,472,0,4
472,4,-1.0,476,0,1
476,1,-1.0,376,0,3
376,3,-1.0,376,0,1
376,1,-1.0,276,0,3
276,3,-1.0,256,0,3
256,3,-1.0,236,0,1
236,1,-1.0,136,0,3
136,3,-1.0,116,0,1
116,1,-1.0,16,0,5
16,5,20.0,0,1,0
181,3,-1.0,161,0,3
161,3,-1.0,141,0,4
141,4,-10.0,141,0,0
141,0,-1.0,241,0,3
241,3,-1.0,221,0,1
221,1,-1.0,121,0,1
121,1,-1.0,21,0,3
21,3,-1.0,1,0,4
1,4,-1.0,17,0,3
17,3,-1.0,17,0,0
17,0,-1.0,117,0,2
117,2,-1.0,137,0,0
137,0,-1.0,237,0,2
237,2,-1.0,257,0,1
257,1,-1.0,157,0,2
157,2,-1.0,177,0,2
177,2,-1.0,197,0,2
197,2,-1.0,197,0,1
197,1,-1.0,97,0,5
97,5,20.0,85,1,0
214,2,-1.0,234,0,2
234,2,-1.0,254,0,2
254,2,-1.0,274,0,0
274,0,-1.0,374,0,4
374,4,-10.0,374,0,0
374,0,-1.0,474,0,4
474,4,-1.0,478,0,1
478,1,-1.0,378,0,1
378,1,-1.0,278,0,3
278,3,-1.0,258,0,3
258,3,-1.0,238,0,3
238,3,-1.0,218,0,0
218,0,-1.0,318,0,0
318,0,-1.0,418,0,5
418,5,20.0,410,1,0
181,3,-1.0,161,0,3
161,3,-1.0,141,0,0
141,0,-1.0,241,0,3
241,3,-1.0,221,0,1
221,1,-1.0,121,0,1
121,1,-1.0,21,0,3
21,3,-1.0,1,0,4
1,4,-1.0,17,0,5
17,5,-1.0,1,0,4
1,4,-1.0,17,0,0
17,0,-1.0,117,0,2
117,2,-1.0,137,0,0
137,0,-1.0,237,0,2
237,2,-1.0,257,0,1
257,1,-1.0,157,0,2
157,2,-1.0,177,0,2
177,2,-1.0,197,0,1
197,1,-1.0,97,0,5
97,5,20.0,85,1,0
326,1,-1.0,226,0,2
226,2,-1.0,246,0,2
246,2,-1.0,266,0,2
266,2,-1.0,286,0,1
286,1,-1.0,186,0,1
186,1,-1.0,86,0,4
86,4,-1.0,98,0,0
98,0,-1.0,198,0,0
198,0,-1.0,298,0,3
298,3,-1.0,278,0,3
278,3,-1.0,258,0,3
258,3,-1.0,238,0,3
238,3,-1.0,218,0,0
218,0,-1.0,318,0,0
318,0,-1.0,418,0,5
418,5,20.0,410,1,0
166,2,-1.0,186,0,1
186,1,-1.0,86,0,4
86,4,-1.0,98,0,5
98,5,-1.0,86,0,4
86,4,-1.0,98,0,0
98,0,-1.0,198,0,0
198,0,-1.0,298,0,0
298,0,-1.0,398,0,1
398,1,-1.0,298,0,3
298,3,-1.0,278,0,3
278,3,-1.0,258,0,3
258,3,-1.0,238,0,3
238,3,-1.0,218,0,0
218,0,-1.0,318,0,0
318,0,-1.0,418,0,4
418,4,-10.0,418,0,5
418,5,20.0,410,1,0
69,0,-1.0,169,0,3
169,3,-1.0,149,0,4
149,4,-10.0,149,0,0
149,0,-1.0,249,0,3
249,3,-1.0,229,0,3
229,3,-1.0,209,0,0
209,0,-1.0,309,0,0
309,0,-1.0,409,0,4
409,4,-1.0,417,0,1
417,1,-1.0,317,0,1
317,1,-1.0,217,0,2
217,2,-1.0,237,0,4
237,4,-10.0,237,0,2
237,2,-1.0,257,0,1
257,1,-1.0,157,0,2
157,2,-1.0,177,0,2
177,2,-1.0,197,0,1
197,1,-1.0,97,0,5
97,5,20.0,85,1,0
184,1,-1.0,84,0,4
84,4,-1.0,96,0,0
96,0,-1.0,196,0,3
196,3,-1.0,176,0,0
176,0,-1.0,276,0,3
276,3,-1.0,256,0,3
256,3,-1.0,236,0,1
236,1,-1.0,136,0,3
136,3,-1.0,116,0,1
116,1,-1.0,16,0,5
16,5,20.0,0,1,0
403,1,-1.0,303,0,2
303,2,-1.0,303,0,1
303,1,-1.0,203,0,1
203,1,-1.0,103,0,1
103,1,-1.0,3,0,4
3,4,-1.0,19,0,0
19,0,-1.0,119,0,1
119,1,-1.0,19,0,0
19,0,-1.0,119,0,3
119,3,-1.0,119,0,0
119,0,-1.0,219,0,2
219,2,-1.0,239,0,2
239,2,-1.0,259,0,2
259,2,-1.0,279,0,0
279,0,-1.0,379,0,0
379,0,-1.0,479,0,5
479,5,20.0,475,1,0
427,1,-1.0,327,0,2
327,2,-1.0,347,0,1
347,1,-1.0,247,0,2
247,2,-1.0,267,0,2
267,2,-1.0,287,0,1
287,1,-1.0,187,0,1
187,1,-1.0,87,0,4
87,4,-1.0,99,0,3
99,3,-1.0,79,0,0
79,0,-1.0,179,0,3
179,3,-1.0,159,0,0
159,0,-1.0,259,0,2
259,2,-1.0,279,0,0
279,0,-1.0,379,0,0
379,0,-1.0,479,0,5
479,5,20.0,475,1,0
12,0,-1.0,112,0,0
112,0,-1.0,212,0,2
212,2,-1.0,232,0,2
232,2,-1.0,252,0,0
252,0,-1.0,352,0,1
352,1,-1.0,252,0,2
252,2,-1.0,272,0,0
272,0,-1.0,372,0,0
372,0,-1.0,472,0,4
472,4,-1.0,476,0,1
476,1,-1.0,376,0,1
376,1,-1.0,276,0,3
276,3,-1.0,256,0,5
256,5,-10.0,256,0,3
256,3,-1.0,236,0,1
236,1,-1.0,136,0,0
136,0,-1.0,236,0,1
236,1,-1.0,136,0,3
136,3,-1.0,116,0,1
116,1,-1.0,16,0,5
16,5,20.0,0,1,0
462,1,-1.0,362,0,1
362,1,-1.0,262,0,3
262,3,-1.0,242,0,3
242,3,-1.0,222,0,1
222,1,-1.0,122,0,3
122,3,-1.0,102,0,1
102,1,-1.0,2,0,4
2,4,-1.0,18,0,0
18,0,-1.0,118,0,0
118,0,-1.0,218,0,0
218,0,-1.0,318,0,0
318,0,-1.0,418,0,5
418,5,20.0,410,1,0
7,2,-1.0,27,0,0
27,0,-1.0,127,0,0
127,0,-1.0,227,0,2
227,2,-1.0,247,0,2
247,2,-1.0,267,0,0
267,0,-1.0,367,0,2
367,2,-1.0,387,0,1
387,1,-1.0,287,0,1
287,1,-1.0,187,0,1
187,1,-1.0,87,0,4
87,4,-1.0,99,0,3
99,3,-1.0,79,0,0
79,0,-1.0,179,0,0
179,0,-1.0,279,0,0
279,0,-1.0,379,0,0
379,0,-1.0,479,0,5
479,5,20.0,475,1,0
421,1,-1.0,321,0,1
321,1,-1.0,221,0,1
221,1,-1.0,121,0,1
121,1,-1.0,21,0,5
21,5,-10.0,21,0,3
21,3,-1.0,1,0,4
1,4,-1.0,17,0,0
17,0,-1.0,117,0,2
117,2,-1.0,137,0,0
137,0,-1.0,237,0,2
237,2,-1.0,257,0,1
257,1,-1.0,157,0,2
157,2,-1.0,177,0,2
177,2,-1.0,197,0,1
197,1,-1.0,97,0,5
97,5,20.0,85,1,0
41,0,-1.0,141,0,0
141,0,-1.0,241,0,3
241,3,-1.0,221,0,1
221,1,-1.0,121,0,1
121,1,-1.0,21,0,3
21,3,-1.0,1,0,4
1,4,-1.0,17,0,0
17,0,-1.0,117,0,2
117,2,-1.0,137,0,2
137,2,-1.0,137,0,0
137,0,-1.0,237,0,2
237,2,-1.0,257,0,1
257,1,-1.0,157,0,2
157,2,-1.0,177,0,2
177,2,-1.0,197,0,1
197,1,-1.0,97,0,5
97,5,20.0,85,1,0
54,2,-1.0,74,0,0
74,0,-1.0,174,0,0
174,0,-1.0,274,0,0
274,0,-1.0,374,0,5
374,5,-10.0,374,0,0
374,0,-1.0,474,0,4
474,4,-1.0,478,0,1
478,1,-1.0,378,0,1
378,1,-1.0,278,0,0
278,0,-1.0,378,0,1
378,1,-1.0,278,0,3
278,3,-1.0,258,0,3
258,3,-1.0,238,0,5
238,5,-10.0,238,0,3
238,3,-1.0,218,0,0
218,0,-1.0,318,0,4
318,4,-10.0,318,0,0
318,0,-1.0,418,0,5
418,5,20.0,410,1,0
202,1,-1.0,102,0,1
102,1,-1.0,2,0,4
2,4,-1.0,18,0,0
18,0,-1.0,118,0,5
118,5,-10.0,118,0,0
118,0,-1.0,218,0,0
218,0,-1.0,318,0,0
318,0,-1.0,418,0,5
418,5,20.0,410,1,0
374,0,-1.0,474,0,4
474,4,-1.0,478,0,3
478,3,-1.0,478,0,1
478,1,-1.0,378,0,1
378,1,-1.0,278,0,1
278,1,-1.0,178,0,0
178,0,-1.0,278,0,5
278,5,-10.0,278,0,0
278,0,-1.0,378,0,1
378,1,-1.0,278,0,1
278,1,-1.0,178,0,0
178,0,-1.0,278,0,3
278,3,-1.0,258,0,3
258,3,-1.0,238,0,3
238,3,-1.0,218,0,0
218,0,-1.0,318,0,0
318,0,-1.0,418,0,5
418,5,20.0,410,1,0
83,0,-1.0,183,0,3
183,3,-1.0,163,0,0
163,0,-1.0,263,0,3
263,3,-1.0,243,0,3
243,3,-1.0,223,0,1
223,1,-1.0,123,0,3
123,3,-1.0,103,0,1
103,1,-1.0,3,0,4
3,4,-1.0,19,0,0
19,0,-1.0,119,0,0
119,0,-1.0,219,0,2
219,2,-1.0,239,0,2
239,2,-1.0,259,0,2
259,2,-1.0,279,0,0
279,0,-1.0,379,0,0
379,0,-1.0,479,0,3
479,3,-1.0,479,0,3
479,3,-1.0,479,0,5
479,5,20.0,475,1,0
9,0,-1.0,109,0,0
109,0,-1.0,209,0,0
209,0,-1.0,309,0,0
309,0,-1.0,409,0,4
409,4,-1.0,417,0,1
417,1,-1.0,317,0,2
317,2,-1.0,317,0,1
317,1,-1.0,217,0,2
217,2,-1.0,237,0,2
237,2,-1.0,257,0,1
257,1,-1.0,157,0,2
157,2,-1.0,177,0,2
177,2,-1.0,197,0,1
197,1,-1.0,97,0,5
97,5,20.0,85,1,0
451,1,-1.0,351,0,1
351,1,-1.0,251,0,3
251,3,-1.0,231,0,3
231,3,-1.0,211,0,0
211,0,-1.0,311,0,0
311,0,-1.0,411,0,4
411,4,-1.0,419,0,1
419,1,-1.0,319,0,1
319,1,-1.0,219,0,2
219,2,-1.0,239,0,2
239,2,-1.0,259,0,2
259,2,-1.0,279,0,0
279,0,-1.0,379,0,0
379,0,-1.0,479,0,5
479,5,20.0,475,1,0
128,0,-1.0,228,0,3
228,3,-1.0,208,0,0
208,0,-1.0,308,0,0
308,0,-1.0,408,0,4
408,4,-1.0,416,0,1
416,1,-1.0,316,0,1
316,1,-1.0,216,0,1
216,1,-1.0,116,0,1
116,1,-1.0,16,0,5
16,5,20.0,0,1,0
22,3,-1.0,2,0,4
2,4,-1.0,18,0,0
18,0,-1.0,118,0,0
118,0,-1.0,218,0,0
218,0,-1.0,318,0,0
318,0,-1.0,418,0,5
418,5,20.0,410,1,0
487,0,-1.0,487,0,1
487,1,-1.0,387,0,1
387,1,-1.0,287,0,1
287,1,-1.0,187,0,1
187,1,-1.0,87,0,4
87,4,-1.0,99,0,3
99,3,-1.0,79,0,0
79,0,-1.0,179,0,0
179,0,-1.0,279,0,0
279,0,-1.0,379,0,0
379,0,-1.0,479,0,5
479,5,20.0,475,1,0
366,2,-1.0,386,0,1
386,1,-1.0,286,0,1
286,1,-1.0,186,0,1
186,1,-1.0,86,0,4
86,4,-1.0,98,0,2
98,2,-1.0,98,0,0
98,0,-1.0,198,0,0
198,0,-1.0,298,0,3
298,3,-1.0,278,0,3
278,3,-1.0,258,0,3
258,3,-1.0,238,0,3
238,3,-1.0,218,0,0
218,0,-1.0,318,0,0
318,0,-1.0,418,0,5
418,5,20.0,410,1,0
67,2,-1.0,87,0,4
87,4,-1.0,99,0,3
99,3,-1.0,79,0,0
79,0,-1.0,179,0,0
179,0,-1.0,279,0,0
279,0,-1.0,379,0,0
379,0,-1.0,479,0,0
479,0,-1.0,479,0,5
479,5,20.0,475,1,0
494,3,-1.0,474,0,4
474,4,-1.0,478,0,1
478,1,-1.0,378,0,1
378,1,-1.0,278,0,3
278,3,-1.0,258,0,3
258,3,-1.0,238,0,3
238,3,-1.0,218,0,0
218,0,-1.0,318,0,0
318,0,-1.0,418,0,5
418,5,20.0,410,1,0
432,1,-1.0,332,0,1
332,1,-1.0,232,0,2
232,2,-1.0,252,0,2
252,2,-1.0,272,0,0
272,0,-1.0,372,0,0
372,0,-1.0,472,0,4
472,4,-1.0,476,0,1
476,1,-1.0,376,0,1
376,1,-1.0,276,0,3
276,3,-1.0,256,0,3
256,3,-1.0,236,0,1
236,1,-1.0,136,0,3
136,3,-1.0,116,0,1
116,1,-1.0,16,0,5
16,5,20.0,0,1,0
431,1,-1.0,331,0,1
331,1,-1.0,231,0,3
231,3,-1.0,211,0,0
211,0,-1.0,311,0,0
311,0,-1.0,411,0,4
411,4,-1.0,419,0,1
419,1,-1.0,319,0,1
319,1,-1.0,219,0,2
219,2,-1.0,239,0,2
239,2,-1.0,259,0,2
259,2,-1.0,279,0,0
279,0,-1.0,379,0,0
379,0,-1.0,479,0,5
479,5,20.0,475,1,0
284,1,-1.0,184,0,5
184,5,-10.0,184,0,1
184,1,-1.0,84,0,4
84,4,-1.0,96,0,0
96,0,-1.0,196,0,3
196,3,-1.0,176,0,1
176,1,-1.0,76,0,0
76,0,-1.0,176,0,0
176,0,-1.0,276,0,3
276,3,-1.0,256,0,3
256,3,-1.0,236,0,1
236,1,-1.0,136,0,3
136,3,-1.0,116,0,1
116,1,-1.0,16,0,5
16,5,20.0,0,1,0
174,0,-1.0,274,0,0
274,0,-1.0,374,0,0
374,0,-1.0,474,0,4
474,4,-1.0,478,0,1
478,1,-1.0,378,0,1
378,1,-1.0,278,0,3
278,3,-1.0,258,0,3
258,3,-1.0,238,0,3
238,3,-1.0,218,0,0
218,0,-1.0,318,0,0
318,0,-1.0,418,0,5
418,5,20.0,410,1,0
49,0,-1.0,149,0,0
149,0,-1.0,249,0,3
249,3,-1.0,229,0,3
229,3,-1.0,209,0,0
209,0,-1.0,309,0,0
309,0,-1.0,409,0,4
409,4,-1.0,417,0,1
417,1,-1.0,317,0,1
317,1,-1.0,217,0,2
217,2,-1.0,237,0,2
237,2,-1.0,257,0,1
257,1,-1.0,157,0,2
157,2,-1.0,177,0,2
177,2,-1.0,197,0,1
197,1,-1.0,97,0,2
97,2,-1.0,97,0,5
97,5,20.0,85,1,0
33,0,-1.0,133,0,0
133,0,-1.0,233,0,2
233,2,-1.0,253,0,2
253,2,-1.0,273,0,0
273,0,-1.0,373,0,0
373,0,-1.0,473,0,4
473,4,-1.0,477,0,2
477,2,-1.0,497,0,1
497,1,-1.0,397,0,2
397,2,-1.0,397,0,4
397,4,-10.0,397,0,1
397,1,-1.0,297,0,1
297,1,-1.0,197,0,1
197,1,-1.0,97,0,5
97,5,20.0,85,1,0
227,2,-1.0,247,0,2
247,2,-1.0,267,0,2
267,2,-1.0,287,0,1
287,1,-1.0,187,0,1
187,1,-1.0,87,0,4
87,4,-1.0,99,0,3
99,3,-1.0,79,0,0
79,0,-1.0,179,0,0
179,0,-1.0,279,0,0
279,0,-1.0,379,0,0
379,0,-1.0,479,0,5
479,5,20.0,475,1,0
106,0,-1.0,206,0,2
206,2,-1.0,226,0,2
226,2,-1.0,246,0,2
246,2,-1.0,266,0,2
266,2,-1.0,286,0,1
286,1,-1.0,186,0,4
186,4,-10.0,186,0,1
186,1,-1.0,86,0,4
86,4,-1.0,98,0,0
98,0,-1.0,198,0,5
198,5,-10.0,198,0,0
198,0,-1.0,298,0,3
298,3,-1.0,278,0,3
278,3,-1.0,258,0,3
258,3,-1.0,238,0,3
238,3,-1.0,218,0,0
218,0,-1.0,318,0,2
318,2,-1.0,318,0,0
318,0,-1.0,418,0,5
418,5,20.0,410,1,0
32,0,-1.0,132,0,0
132,0,-1.0,232,0,2
232,2,-1.0,252,0,2
252,2,-1.0,272,0,0
272,0,-1.0,372,0,0
372,0,-1.0,472,0,4
472,4,-1.0,476,0,1
476,1,-1.0,376,0,1
376,1,-1.0,276,0,3
276,3,-1.0,256,0,3
256,3,-1.0,236,0,1
236,1,-1.0,136,0,3
136,3,-1.0,116,0,1
116,1,-1.0,16,0,0
16,0,-1.0,116,0,1
116,1,-1.0,16,0,5
16,5,20.0,0,1,0
441,1,-1.0,341,0,2
341,2,-1.0,341,0,1
341,1,-1.0,241,0,3
241,3,-1.0,221,0,1
221,1,-1.0,121,0,1
121,1,-1.0,21,0,3
21,3,-1.0,1,0,4
1,4,-1.0,17,0,0
17,0,-1.0,117,0,2
117,2,-1.0,137,0,0
137,0,-1.0,237,0,2
237,2,-1.0,257,0,0
257,0,-1.0,357,0,1
357,1,-1.0,257,0,1
257,1,-1.0,157,0,2
157,2,-1.0,177,0,2
177,2,-1.0,197,0,1
197,1,-1.0,97,0,5
97,5,20.0,85,1,0
202,1,-1.0,102,0,1
102,1,-1.0,2,0,4
2,4,-1.0,18,0,0
18,0,-1.0,118,0,0
118,0,-1.0,218,0,0
218,0,-1.0,318,0,0
318,0,-1.0,418,0,5
418,5,20.0,410,1,0
26,0,-1.0,126,0,0
126,0,-1.0,226,0,2
226,2,-1.0,246,0,2
246,2,-1.0,266,0,2
266,2,-1.0,286,0,1
286,1,-1.0,186,0,1
186,1,-1.0,86,0,4
86,4,-1.0,98,0,0
98,0,-1.0,198,0,0
198,0,-1.0,298,0,3
298,3,-1.0,278,0,3
278,3,-1.0,258,0,3
258,3,-1.0,238,0,3
238,3,-1.0,218,0,0
218,0,-1.0,318,0,0
318,0,-1.0,418,0,1
418,1,-1.0,318,0,0
318,0,-1.0,418,0,5
418,5,20.0,410,1,0
451,1,-1.0,351,0,1
351,1,-1.0,251,0,3
251,3,-1.0,231,0,3
231,3,-1.0,211,0,0
211,0,-1.0,311,0,0
311,0,-1.0,411,0,4
411,4,-1.0,419,0,1
419,1,-1.0,319,0,5
319,5,-10.0,319,0,1
319,1,-1.0,219,0,2
219,2,-1.0,239,0,2
239,2,-1.0,259,0,2
259,2,-1.0,279,0,0
279,0,-1.0,379,0,4
379,4,-10.0,379,0,0
379,0,-1.0,479,0,2
479,2,-1.0,499,0,3
499,3,-1.0,479,0,5
479,5,20.0,475,1,0
2,4,-1.0,18,0,0
18,0,-1.0,118,0,0
118,0,-1.0,218,0,0
218,0,-1.0,318,0,3
318,3,-1.0,318,0,0
318,0,-1.0,418,0,5
418,5,20.0,410,1,0
294,3,-1.0,274,0,0
274,0,-1.0,374,0,0
374,0,-1.0,474,0,4
474,4,-1.0,478,0,1
478,1,-1.0,378,0,1
378,1,-1.0,278,0,3
278,3,-1.0,258,0,3
258,3,-1.0,238,0,3
238,3,-1.0,218,0,0
218,0,-1.0,318,0,3
318,3,-1.0,318,0,0
318,0,-1.0,418,0,5
418,5,20.0,410,1,0
82,1,-1.0,82,0,5
82,5,-10.0,82,0,0
82,0,-1.0,182,0,0
182,0,-1.0,282,0,3
282,3,-1.0,262,0,3
262,3,-1.0,242,0,3
242,3,-1.0,222,0,1
222,1,-1.0,122,0,3
122,3,-1.0,102,0,1
102,1,-1.0,2,0,4
2,4,-1.0,18,0,0
18,0,-1.0,118,0,0
118,0,-1.0,218,0,0
218,0,-1.0,318,0,2
318,2,-1.0,318,0,0
318,0,-1.0,418,0,5
418,5,20.0,410,1,0
389,0,-1.0,489,0,1
489,1,-1.0,389,0,1
389,1,-1.0,289,0,3
289,3,-1.0,269,0,3
269,3,-1.0,249,0,3
249,3,-1.0,229,0,3
229,3,-1.0,209,0,0
209,0,-1.0,309,0,0
309,0,-1.0,409,0,4
409,4,-1.0,417,0,1
417,1,-1.0,317,0,5
317,5,-10.0,317,0,1
317,1,-1.0,217,0,2
217,2,-1.0,237,0,2
237,2,-1.0,257,0,1
257,1,-1.0,157,0,2
157,2,-1.0,177,0,2
177,2,-1.0,197,0,1
197,1,-1.0,97,0,0
97,0,-1.0,197,0,1
197,1,-1.0,97,0,5
97,5,20.0,85,1,0
272,0,-1.0,372,0,4
372,4,-10.0,372,0,0
372,0,-1.0,472,0,0
472,0,-1.0,472,0,4
472,4,-1.0,476,0,1
476,1,-1.0,376,0,1
376,1,-1.0,276,0,3
276,3,-1.0,256,0,3
256,3,-1.0,236,0,1
236,1,-1.0,136,0,3
136,3,-1.0,116,0,1
116,1,-1.0,16,0,5
16,5,20.0,0,1,0
312,1,-1.0,212,0,2
212,2,-1.0,232,0,2
232,2,-1.0,252,0,2
252,2,-1.0,272,0,0
272,0,-1.0,372,0,0
372,0,-1.0,472,0,4
472,4,-1.0,476,0,1
476,1,-1.0,376,0,1
376,1,-1.0,276,0,3
276,3,-1.0,256,0,3
256,3,-1.0,236,0,1
236,1,-1.0,136,0,3
136,3,-1.0,116,0,2
116,2,-1.0,136,0,3
136,3,-1.0,116,0,1
116,1,-1.0,16,0,5
16,5,20.0,0,1,0
203,1,-1.0,103,0,1
103,1,-1.0,3,0,4
3,4,-1.0,19,0,0
19,0,-1.0,119,0,0
119,0,-1.0,219,0,1
219,1,-1.0,119,0,0
119,0,-1.0,219,0,2
219,2,-1.0,239,0,4
239,4,-10.0,239,0,2
239,2,-1.0,259,0,2
259,2,-1.0,279,0,0
279,0,-1.0,379,0,0
379,0,-1.0,479,0,5
479,5,20.0,475,1,0
173,0,-1.0,273,0,0
273,0,-1.0,373,0,0
373,0,-1.0,473,0,4
473,4,-1.0,477,0,0
477,0,-1.0,477,0,2
477,2,-1.0,497,0,1
497,1,-1.0,397,0,1
397,1,-1.0,297,0,1
297,1,-1.0,197,0,1
197,1,-1.0,97,0,5
97,5,20.0,85,1,0
133,0,-1.0,233,0,4
233,4,-10.0,233,0,2
233,2,-1.0,253,0,4
253,4,-10.0,253,0,2
253,2,-1.0,273,0,1
273,1,-1.0,173,0,0
173,0,-1.0,273,0,0
273,0,-1.0,373,0,0
373,0,-1.0,473,0,4
473,4,-1.0,477,0,2
477,2,-1.0,497,0,1
497,1,-1.0,397,0,1
397,1,-1.0,297,0,1
297,1,-1.0,197,0,1
197,1,-1.0,97,0,5
97,5,20.0,85,1,0
193,0,-1.0,293,0,3
293,3,-1.0,273,0,0
273,0,-1.0,373,0,5
373,5,-10.0,373,0,0
373,0,-1.0,473,0,4
473,4,-1.0,477,0,2
477,2,-1.0,497,0,1
497,1,-1.0,397,0,1
397,1,-1.0,297,0,1
297,1,-1.0,197,0,1
197,1,-1.0,97,0,5
97,5,20.0,85,1,0
111,4,-10.0,111,0,0
111,0,-1.0,211,0,0
211,0,-1.0,311,0,1
311,1,-1.0,211,0,0
211,0,-1.0,311,0,0
311,0,-1.0,411,0,4
411,4,-1.0,419,0,1
419,1,-1.0,319,0,1
319,1,-1.0,219,0,2
219,2,-1.0,239,0,2
239,2,-1.0,259,0,2
259,2,-1.0,279,0,0
279,0,-1.0,379,0,4
379,4,-10.0,379,0,0
379,0,-1.0,479,0,5
479,5,20.0,475,1,0
422,0,-1.0,422,0,1
422,1,-1.0,322,0,1
322,1,-1.0,222,0,1
222,1,-1.0,122,0,3
122,3,-1.0,102,0,5
102,5,-10.0,102,0,1
102,1,-1.0,2,0,4
2,4,-1.0,18,0,0
18,0,-1.0,118,0,0
118,0,-1.0,218,0,0
218,0,-1.0,318,0,0
318,0,-1.0,418,0,5
418,5,20.0,410,1,0
274,0,-1.0,374,0,0
374,0,-1.0,474,0,4
474,4,-1.0,478,0,1
478,1,-1.0,378,0,1
378,1,-1.0,278,0,3
278,3,-1.0,258,0,3
258,3,-1.0,238,0,3
238,3,-1.0,218,0,0
218,0,-1.0,318,0,0
318,0,-1.0,418,0,5
418,5,20.0,410,1,0
411,4,-1.0,419,0,1
419,1,-1.0,319,0,3
319,3,-1.0,319,0,1
319,1,-1.0,219,0,4
219,4,-10.0,219,0,2
219,2,-1.0,239,0,2
239,2,-1.0,259,0,2
259,2,-1.0,279,0,0
279,0,-1.0,379,0,0
379,0,-1.0,479,0,5
479,5,20.0,475,1,0
408,4,-1.0,416,0,1
416,1,-1.0,316,0,1
316,1,-1.0,216,0,1
216,1,-1.0,116,0,1
116,1,-1.0,16,0,5
16,5,20.0,0,1,0
344,1,-1.0,244,0,1
244,1,-1.0,144,0,2
144,2,-1.0,164,0,2
164,2,-1.0,184,0,4
184,4,-10.0,184,0,1
184,1,-1.0,84,0,4
84,4,-1.0,96,0,0
96,0,-1.0,196,0,3
196,3,-1.0,176,0,4
176,4,-10.0,176,0,0
176,0,-1.0,276,0,3
276,3,-1.0,256,0,3
256,3,-1.0,236,0,1
236,1,-1.0,136,0,3
136,3,-1.0,116,0,1
116,1,-1.0,16,0,5
16,5,20.0,0,1,0
431,1,-1.0,331,0,1
331,1,-1.0,231,0,3
231,3,-1.0,211,0,5
211,5,-10.0,211,0,0
211,0,-1.0,311,0,0
311,0,-1.0,411,0,5
411,5,-10.0,411,0,4
411,4,-1.0,419,0,1
419,1,-1.0,319,0,1
319,1,-1.0,219,0,2
219,2,-1.0,239,0,2
239,2,-1.0,259,0,2
259,2,-1.0,279,0,0
279,0,-1.0,379,0,0
379,0,-1.0,479,0,5
479,5,20.0,475,1,0
124,0,-1.0,224,0,2
224,2,-1.0,244,0,1
244,1,-1.0,144,0,2
144,2,-1.0,164,0,2
164,2,-1.0,184,0,1
184,1,-1.0,84,0,4
84,4,-1.0,96,0,0
96,0,-1.0,196,0,3
196,3,-1.0,176,0,0
176,0,-1.0,276,0,3
276,3,-1.0,256,0,3
256,3,-1.0,236,0,1
236,1,-1.0,136,0,3
136,3,-1.0,116,0,1
116,1,-1.0,16,0,5
16,5,20.0,0,1,0
447,1,-1.0,347,0,1
347,1,-1.0,247,0,2
247,2,-1.0,267,0,2
267,2,-1.0,287,0,1
287,1,-1.0,187,0,1
187,1,-1.0,87,0,1
87,1,-1.0,87,0,4
87,4,-1.0,99,0,3
99,3,-1.0,79,0,0
79,0,-1.0,179,0,0
179,0,-1.0,279,0,0
279,0,-1.0,379,0,0
379,0,-1.0,479,0,5
479,5,20.0,475,1,0
449,1,-1.0,349,0,1
349,1,-1.0,249,0,3
249,3,-1.0,229,0,3
229,3,-1.0,209,0,0
209,0,-1.0,309,0,0
309,0,-1.0,409,0,4
409,4,-1.0,417,0,1
417,1,-1.0,317,0,1
317,1,-1.0,217,0,2
217,2,-1.0,237,0,2
237,2,-1.0,257,0,1
257,1,-1.0,157,0,2
157,2,-1.0,177,0,2
177,2,-1.0,197,0,1
197,1,-1.0,97,0,5
97,5,20.0,85,1,0
93,0,-1.0,193,0,0
193,0,-1.0,293,0,3
293,3,-1.0,273,0,0
273,0,-1.0,373,0,0
373,0,-1.0,473,0,4
473,4,-1.0,477,0,2
477,2,-1.0,497,0,1
497,1,-1.0,397,0,1
397,1,-1.0,297,0,1
297,1,-1.0,197,0,1
197,1,-1.0,97,0,5
97,5,20.0,85,1,0
363,1,-1.0,263,0,3
263,3,-1.0,243,0,3
243,3,-1.0,223,0,1
223,1,-1.0,123,0,5
123,5,-10.0,123,0,3
123,3,-1.0,103,0,1
103,1,-1.0,3,0,4
3,4,-1.0,19,0,0
19,0,-1.0,119,0,0
119,0,-1.0,219,0,2
219,2,-1.0,239,0,2
239,2,-1.0,259,0,2
259,2,-1.0,279,0,0
279,0,-1.0,379,0,0
379,0,-1.0,479,0,5
479,5,20.0,475,1,0
192,0,-1.0,292,0,3
292,3,-1.0,272,0,0
272,0,-1.0,372,0,0
372,0,-1.0,472,0,2
472,2,-1.0,492,0,3
492,3,-1.0,472,0,4
472,4,-1.0,476,0,1
476,1,-1.0,376,0,1
376,1,-1.0,276,0,3
276,3,-1.0,256,0,3
256,3,-1.0,236,0,1
236,1,-1.0,136,0,3
136,3,-1.0,116,0,1
116,1,-1.0,16,0,5
16,5,20.0,0,1,0
84,4,-1.0,96,0,5
96,5,-1.0,84,0,4
84,4,-1.0,96,0,0
96,0,-1.0,196,0,3
196,3,-1.0,176,0,0
176,0,-1.0,276,0,3
276,3,-1.0,256,0,3
256,3,-1.0,236,0,1
236,1,-1.0,136,0,3
136,3,-1.0,116,0,1
116,1,-1.0,16,0,5
16,5,20.0,0,1,0
401,3,-1.0,401,0,1
401,1,-1.0,301,0,1
301,1,-1.0,201,0,1
201,1,-1.0,101,0,1
101,1,-1.0,1,0,4
1,4,-1.0,17,0,0
17,0,-1.0,117,0,1
117,1,-1.0,17,0,0
17,0,-1.0,117,0,2
117,2,-1.0,137,0,0
137,0,-1.0,237,0,2
237,2,-1.0,257,0,1
257,1,-1.0,157,0,2
157,2,-1.0,177,0,2
177,2,-1.0,197,0,1
197,1,-1.0,97,0,5
97,5,20.0,85,1,0
373,0,-1.0,473,0,4
473,4,-1.0,477,0,2
477,2,-1.0,497,0,1
497,1,-1.0,397,0,1
397,1,-1.0,297,0,1
297,1,-1.0,197,0,1
197,1,-1.0,97,0,5
97,5,20.0,85,1,0
263,3,-1.0,243,0,3
243,3,-1.0,223,0,1
223,1,-1.0,123,0,3
123,3,-1.0,103,0,1
103,1,-1.0,3,0,4
3,4,-1.0,19,0,0
19,0,-1.0,119,0,0
119,0,-1.0,219,0,2
219,2,-1.0,239,0,2
239,2,-1.0,259,0,2
259,2,-1.0,279,0,0
279,0,-1.0,379,0,0
379,0,-1.0,479,0,5
479,5,20.0,475,1,0
113,0,-1.0,213,0,2
213,2,-1.0,233,0,2
233,2,-1.0,253,0,2
253,2,-1.0,273,0,0
273,0,-1.0,373,0,1
373,1,-1.0,273,0,0
273,0,-1.0,373,0,0
373,0,-1.0,473,0,4
473,4,-1.0,477,0,2
477,2,-1.0,497,0,1
497,1,-1.0,397,0,1
397,1,-1.0,297,0,1
297,1,-1.0,197,0,1
197,1,-1.0,97,0,5
97,5,20.0,85,1,0
284,1,-1.0,184,0,3
184,3,-1.0,164,0,2
164,2,-1.0,184,0,1
184,1,-1.0,84,0,0
84,0,-1.0,184,0,1
184,1,-1.0,84,0,4
84,4,-1.0,96,0,0
96,0,-1.0,196,0,3
196,3,-1.0,176,0,4
176,4,-10.0,176,0,0
176,0,-1.0,276,0,3
276,3,-1.0,256,0,3
256,3,-1.0,236,0,1
236,1,-1.0,136,0,3
136,3,-1.0,116,0,1
116,1,-1.0,16,0,5
16,5,20.0,0,1,0
94,3,-1.0,74,0,0
74,0,-1.0,174,0,0
174,0,-1.0,274,0,0
274,0,-1.0,374,0,0
374,0,-1.0,474,0,4
474,4,-1.0,478,0,1
478,1,-1.0,378,0,1
378,1,-1.0,278,0,3
278,3,-1.0,258,0,3
258,3,-1.0,238,0,3
238,3,-1.0,218,0,0
218,0,-1.0,318,0,0
318,0,-1.0,418,0,5
418,5,20.0,410,1,0
293,3,-1.0,273,0,0
273,0,-1.0,373,0,0
373,0,-1.0,473,0,4
473,4,-1.0,477,0,2
477,2,-1.0,497,0,1
497,1,-1.0,397,0,1
397,1,-1.0,297,0,1
297,1,-1.0,197,0,2
197,2,-1.0,197,0,1
197,1,-1.0,97,0,5
97,5,20.0,85,1,0
13,0,-1.0,113,0,0
113,0,-1.0,213,0,2
213,2,-1.0,233,0,2
233,2,-1.0,253,0,2
253,2,-1.0,273,0,0
273,0,-1.0,373,0,0
373,0,-1.0,473,0,4
473,4,-1.0,477,0,0
477,0,-1.0,477,0,2
477,2,-1.0,497,0,1
497,1,-1.0,397,0,1
397,1,-1.0,297,0,1
297,1,-1.0,197,0,1
197,1,-1.0,97,0,5
97,5,20.0,85,1,0
466,1,-1.0,366,0,2
366,2,-1.0,386,0,1
386,1,-1.0,286,0,1
286,1,-1.0,186,0,1
186,1,-1.0,86,0,4
86,4,-1.0,98,0,3
98,3,-1.0,78,0,3
78,3,-1.0,58,0,0
58,0,-1.0,158,0,0
158,0,-1.0,258,0,3
258,3,-1.0,238,0,3
238,3,-1.0,218,0,0
218,0,-1.0,318,0,0
318,0,-1.0,418,0,5
418,5,20.0,410,1,0
352,1,-1.0,252,0,2
252,2,-1.0,272,0,0
272,0,-1.0,372,0,0
372,0,-1.0,472,0,4
472,4,-1.0,476,0,4
476,4,-10.0,476,0,1
476,1,-1.0,376,0,5
376,5,-10.0,376,0,1
376,1,-1.0,276,0,3
276,3,-1.0,256,0,3
256,3,-1.0,236,0,1
236,1,-1.0,136,0,3
136,3,-1.0,116,0,1
116,1,-1.0,16,0,2
16,2,-1.0,36,0,3
36,3,-1.0,16,0,5
16,5,20.0,0,1,0
411,4,-1.0,419,0,1
419,1,-1.0,319,0,3
319,3,-1.0,319,0,1
319,1,-1.0,219,0,2
219,2,-1.0,239,0,2
239,2,-1.0,259,0,2
259,2,-1.0,279,0,0
279,0,-1.0,379,0,0
379,0,-1.0,479,0,5
479,5,20.0,475,1,0
327,2,-1.0,347,0,1
347,1,-1.0,247,0,2
247,2,-1.0,267,0,2
267,2,-1.0,287,0,0
287,0,-1.0,387,0,1
387,1,-1.0,287,0,1
287,1,-1.0,187,0,1
187,1,-1.0,87,0,4
87,4,-1.0,99,0,3
99,3,-1.0,79,0,0
79,0,-1.0,179,0,0
179,0,-1.0,279,0,0
279,0,-1.0,379,0,1
379,1,-1.0,279,0,0
279,0,-1.0,379,0,0
379,0,-1.0,479,0,5
479,5,20.0,475,1,0
309,0,-1.0,409,0,4
409,4,-1.0,417,0,1
417,1,-1.0,317,0,1
317,1,-1.0,217,0,2
217,2,-1.0,237,0,2
237,2,-1.0,257,0,1
257,1,-1.0,157,0,2
157,2,-1.0,177,0,2
177,2,-1.0,197,0,1
197,1,-1.0,97,0,5
97,5,20.0,85,1,0
421,1,-1.0,321,0,1
321,1,-1.0,221,0,1
221,1,-1.0,121,0,1
121,1,-1.0,21,0,3
21,3,-1.0,1,0,4
1,4,-1.0,17,0,5
17,5,-1.0,1,0,4
1,4,-1.0,17,0,0
17,0,-1.0,117,0,2
117,2,-1.0,137,0,0
137,0,-1.0,237,0,2
237,2,-1.0,257,0,1
257,1,-1.0,157,0,2
157,2,-1.0,177,0,2
177,2,-1.0,197,0,1
197,1,-1.0,97,0,5
97,5,20.0,85,1,0
123,3,-1.0,103,0,1
103,1,-1.0,3,0,4
3,4,-1.0,19,0,0
19,0,-1.0,119,0,0
119,0,-1.0,219,0,2
219,2,-1.0,239,0,2
239,2,-1.0,259,0,2
259,2,-1.0,279,0,0
279,0,-1.0,379,0,0
379,0,-1.0,479,0,5
479,5,20.0,475,1,0
147,2,-1.0,167,0,2
167,2,-1.0,187,0,1
187,1,-1.0,87,0,0
87,0,-1.0,187,0,1
187,1,-1.0,87,0,4
87,4,-1.0,99,0,3
99,3,-1.0,79,0,0
79,0,-1.0,179,0,0
179,0,-1.0,279,0,0
279,0,-1.0,379,0,0
379,0,-1.0,479,0,5
479,5,20.0,475,1,0
432,1,-1.0,332,0,1
332,1,-1.0,232,0,2
232,2,-1.0,252,0,2
252,2,-1.0,272,0,0
272,0,-1.0,372,0,0
372,0,-1.0,472,0,4
472,4,-1.0,476,0,1
476,1,-1.0,376,0,1
376,1,-1.0,276,0,3
276,3,-1.0,256,0,3
256,3,-1.0,236,0,1
236,1,-1.0,136,0,3
136,3,-1.0,116,0,1
116,1,-1.0,16,0,5
16,5,20.0,0,1,0
342,1,-1.0,242,0,3
242,3,-1.0,222,0,1
222,1,-1.0,122,0,3
122,3,-1.0,102,0,1
102,1,-1.0,2,0,4
2,4,-1.0,18,0,0
18,0,-1.0,118,0,0
118,0,-1.0,218,0,0
218,0,-1.0,318,0,0
318,0,-1.0,418,0,5
418,5,20.0,410,1,0
352,1,-1.0,252,0,2
252,2,-1.0,272,0,0
272,0,-1.0,372,0,0
372,0,-1.0,472,0,4
472,4,-1.0,476,0,1
476,1,-1.0,376,0,1
376,1,-1.0,276,0,1
276,1,-1.0,176,0,0
176,0,-1.0,276,0,3
276,3,-1.0,256,0,3
256,3,-1.0,236,0,1
236,1,-1.0,136,0,3
136,3,-1.0,116,0,1
116,1,-1.0,16,0,5
16,5,20.0,0,1,0
353,1,-1.0,253,0,2
253,2,-1.0,273,0,0
273,0,-1.0,373,0,0
373,0,-1.0,473,0,4
473,4,-1.0,477,0,2
477,2,-1.0,497,0,1
497,1,-1.0,397,0,1
397,1,-1.0,297,0,1
297,1,-1.0,197,0,1
197,1,-1.0,97,0,5
97,5,20.0,85,1,0
163,0,-1.0,263,0,3
263,3,-1.0,243,0,1
243,1,-1.0,143,0,0
143,0,-1.0,243,0,3
243,3,-1.0,223,0,1
223,1,-1.0,123,0,3
123,3,-1.0,103,0,1
103,1,-1.0,3,0,4
3,4,-1.0,19,0,1
19,1,-1.0,19,0,0
19,0,-1.0,119,0,0
119,0,-1.0,219,0,2
219,2,-1.0,239,0,2
239,2,-1.0,259,0,0
259,0,-1.0,359,0,1
359,1,-1.0,259,0,2
259,2,-1.0,279,0,0
279,0,-1.0,379,0,0
379,0,-1.0,479,0,5
479,5,20.0,475,1,0
123,3,-1.0,103,0,1
103,1,-1.0,3,0,4
3,4,-1.0,19,0,0
19,0,-1.0,119,0,0
119,0,-1.0,219,0,2
219,2,-1.0,239,0,2
239,2,-1.0,259,0,2
259,2,-1.0,279,0,0
279,0,-1.0,379,0,0
379,0,-1.0,479,0,5
479,5,20.0,475,1,0
442,3,-1.0,422,0,1
422,1,-1.0,322,0,1
322,1,-1.0,222,0,1
222,1,-1.0,122,0,3
122,3,-1.0,102,0,1
102,1,-1.0,2,0,4
2,4,-1.0,18,0,0
18,0,-1.0,118,0,0
118,0,-1.0,218,0,0
218,0,-1.0,318,0,0
318,0,-1.0,418,0,5
418,5,20.0,410,1,0
241,3,-1.0,221,0,1
221,1,-1.0,121,0,1
121,1,-1.0,21,0,3
21,3,-1.0,1,0,4
1,4,-1.0,17,0,0
17,0,-1.0,117,0,2
117,2,-1.0,137,0,2
137,2,-1.0,137,0,0
137,0,-1.0,237,0,5
237,5,-10.0,237,0,2
237,2,-1.0,257,0,1
257,1,-1.0,157,0,2
157,2,-1.0,177,0,2
177,2,-1.0,197,0,1
197,1,-1.0,97,0,5
97,5,20.0,85,1,0
344,1,-1.0,244,0,1
244,1,-1.0,144,0,2
144,2,-1.0,164,0,2
164,2,-1.0,184,0,1
184,1,-1.0,84,0,4
84,4,-1.0,96,0,0
96,0,-1.0,196,0,3
196,3,-1.0,176,0,0
176,0,-1.0,276,0,1
276,1,-1.0,176,0,0
176,0,-1.0,276,0,3
276,3,-1.0,256,0,3
256,3,-1.0,236,0,1
236,1,-1.0,136,0,3
136,3,-1.0,116,0,1
116,1,-1.0,16,0,5
16,5,20.0,0,1,0
192,0,-1.0,292,0,3
292,3,-1.0,272,0,0
272,0,-1.0,372,0,0
372,0,-1.0,472,0,4
472,4,-1.0,476,0,1
476,1,-1.0,376,0,1
376,1,-1.0,276,0,3
276,3,-1.0,256,0,4
256,4,-10.0,256,0,3
256,3,-1.0,236,0,1
236,1,-1.0,136,0,3
136,3,-1.0,116,0,1
116,1,-1.0,16,0,5
16,5,20.0,0,1,0
121,1,-1.0,21,0,3
21,3,-1.0,1,0,4
1,4,-1.0,17,0,0
17,0,-1.0,117,0,5
117,5,-10.0,117,0,2
117,2,-1.0,137,0,5
137,5,-10.0,137,0,0
137,0,-1.0,237,0,2
237,2,-1.0,257,0,1
257,1,-1.0,157,0,2
157,2,-1.0,177,0,2
177,2,-1.0,197,0,1
197,1,-1.0,97,0,5
97,5,20.0,85,1,0
244,1,-1.0,144,0,2
144,2,-1.0,164,0,2
164,2,-1.0,184,0,1
184,1,-1.0,84,0,4
84,4,-1.0,96,0,0
96,0,-1.0,196,0,3
196,3,-1.0,176,0,0
176,0,-1.0,276,0,3
276,3,-1.0,256,0,3
256,3,-1.0,236,0,1
236,1,-1.0,136,0,3
136,3,-1.0,116,0,1
116,1,-1.0,16,0,5
16,5,20.0,0,1,0
404,1,-1.0,304,0,1
304,1,-1.0,204,0,2
204,2,-1.0,224,0,2
224,2,-1.0,244,0,1
244,1,-1.0,144,0,2
144,2,-1.0,164,0,2
164,2,-1.0,184,0,1
184,1,-1.0,84,0,4
84,4,-1.0,96,0,3
96,3,-1.0,76,0,0
76,0,-1.0,176,0,0
176,0,-1.0,276,0,3
276,3,-1.0,256,0,3
256,3,-1.0,236,0,1
236,1,-1.0,136,0,3
136,3,-1.0,116,0,1
116,1,-1.0,16,0,5
16,5,20.0,0,1,0
14,0,-1.0,114,0,2
114,2,-1.0,134,0,0
134,0,-1.0,234,0,2
234,2,-1.0,254,0,2
254,2,-1.0,274,0,0
274,0,-1.0,374,0,0
374,0,-1.0,474,0,4
474,4,-1.0,478,0,1
478,1,-1.0,378,0,1
378,1,-1.0,278,0,3
278,3,-1.0,258,0,3
258,3,-1.0,238,0,3
238,3,-1.0,218,0,0
218,0,-1.0,318,0,3
318,3,-1.0,318,0,0
318,0,-1.0,418,0,5
418,5,20.0,410,1,0
452,1,-1.0,352,0,1
352,1,-1.0,252,0,2
252,2,-1.0,272,0,4
272,4,-10.0,272,0,0
272,0,-1.0,372,0,0
372,0,-1.0,472,0,4
472,4,-1.0,476,0,1
476,1,-1.0,376,0,1
376,1,-1.0,276,0,4
276,4,-10.0,276,0,3
276,3,-1.0,256,0,3
256,3,-1.0,236,0,1
236,1,-1.0,136,0,3
136,3,-1.0,116,0,1
116,1,-1.0,16,0,5
16,5,20.0,0,1,0
353,1,-1.0,253,0,3
253,3,-1.0,233,0,2
233,2,-1.0,253,0,3
253,3,-1.0,233,0,2
233,2,-1.0,253,0,2
253,2,-1.0,273,0,0
273,0,-1.0,373,0,0
373,0,-1.0,473,0,4
473,4,-1.0,477,0,2
477,2,-1.0,497,0,1
497,1,-1.0,397,0,1
397,1,-1.0,297,0,1
297,1,-1.0,197,0,1
197,1,-1.0,97,0,5
97,5,20.0,85,1,0
431,1,-1.0,331,0,1
331,1,-1.0,231,0,3
231,3,-1.0,211,0,0
211,0,-1.0,311,0,0
311,0,-1.0,411,0,4
411,4,-1.0,419,0,1
419,1,-1.0,319,0,1
319,1,-1.0,219,0,2
219,2,-1.0,239,0,3
239,3,-1.0,219,0,2
219,2,-1.0,239,0,2
239,2,-1.0,259,0,2
259,2,-1.0,279,0,3
279,3,-1.0,259,0,2
259,2,-1.0,279,0,0
279,0,-1.0,379,0,0
379,0,-1.0,479,0,5
479,5,20.0,475,1,0
89,3,-1.0,69,0,0
69,0,-1.0,169,0,3
169,3,-1.0,149,0,0
149,0,-1.0,249,0,3
249,3,-1.0,229,0,3
229,3,-1.0,209,0,0
209,0,-1.0,309,0,0
309,0,-1.0,409,0,4
409,4,-1.0,417,0,1
417,1,-1.0,317,0,1
317,1,-1.0,217,0,2
217,2,-1.0,237,0,2
237,2,-1.0,257,0,4
257,4,-10.0,257,0,1
257,1,-1.0,157,0,2
157,2,-1.0,177,0,2
177,2,-1.0,197,0,1
197,1,-1.0,97,0,5
97,5,20.0,85,1,0
269,3,-1.0,249,0,3
249,3,-1.0,229,0,3
229,3,-1.0,209,0,0
209,0,-1.0,309,0,0
309,0,-1.0,409,0,4
409,4,-1.0,417,0,1
417,1,-1.0,317,0,1
317,1,-1.0,217,0,2
217,2,-1.0,237,0,2
237,2,-1.0,257,0,1
257,1,-1.0,157,0,2
157,2,-1.0,177,0,2
177,2,-1.0,197,0,1
197,1,-1.0,97,0,5
97,5,20.0,85,1,0
121,1,-1.0,21,0,3
21,3,-1.0,1,0,4
1,4,-1.0,17,0,0
17,0,-1.0,117,0,2
117,2,-1.0,137,0,0
137,0,-1.0,237,0,2
237,2,-1.0,257,0,1
257,1,-1.0,157,0,2
157,2,-1.0,177,0,2
177,2,-1.0,197,0,1
197,1,-1.0,97,0,5
97,5,20.0,85,1,0
81,1,-1.0,81,0,3
81,3,-1.0,61,0,0
61,0,-1.0,161,0,3
161,3,-1.0,141,0,0
141,0,-1.0,241,0,3
241,3,-1.0,221,0,1
221,1,-1.0,121,0,1
121,1,-1.0,21,0,3
21,3,-1.0,1,0,4
1,4,-1.0,17,0,0
17,0,-1.0,117,0,1
117,1,-1.0,17,0,0
17,0,-1.0,117,0,2
117,2,-1.0,137,0,0
137,0,-1.0,237,0,2
237,2,-1.0,257,0,1
257,1,-1.0,157,0,2
157,2,-1.0,177,0,2
177,2,-1.0,197,0,1
197,1,-1.0,97,0,5
97,5,20.0,85,1,0
123,3,-1.0,103,0,1
103,1,-1.0,3,0,4
3,4,-1.0,19,0,4
19,4,-10.0,19,0,0
19,0,-1.0,119,0,0
119,0,-1.0,219,0,2
219,2,-1.0,239,0,2
239,2,-1.0,259,0,2
259,2,-1.0,279,0,0
279,0,-1.0,379,0,0
379,0,-1.0,479,0,5
479,5,20.0,475,1,0
301,1,-1.0,201,0,1
201,1,-1.0,101,0,1
101,1,-1.0,1,0,4
1,4,-1.0,17,0,0
17,0,-1.0,117,0,2
117,2,-1.0,137,0,0
137,0,-1.0,237,0,2
237,2,-1.0,257,0,1
257,1,-1.0,157,0,2
157,2,-1.0,177,0,2
177,2,-1.0,197,0,1
197,1,-1.0,97,0,5
97,5,20.0,85,1,0
429,1,-1.0,329,0,1
329,1,-1.0,229,0,3
229,3,-1.0,209,0,0
209,0,-1.0,309,0,4
309,4,-10.0,309,0,0
309,0,-1.0,409,0,4
409,4,-1.0,417,0,1
417,1,-1.0,317,0,1
317,1,-1.0,217,0,2
217,2,-1.0,237,0,2
237,2,-1.0,257,0,1
257,1,-1.0,157,0,2
157,2,-1.0,177,0,2
177,2,-1.0,197,0,1
197,1,-1.0,97,0,5
97,5,20.0,85,1,0
214,1,-1.0,114,0,2
114,2,-1.0,134,0,0
134,0,-1.0,234,0,2
234,2,-1.0,254,0,2
254,2,-1.0,274,0,0
274,0,-1.0,374,0,0
374,0,-1.0,474,0,4
474,4,-1.0,478,0,1
478,1,-1.0,378,0,0
378,0,-1.0,478,0,1
478,1,-1.0,378,0,1
378,1,-1.0,278,0,3
278,3,-1.0,258,0,3
258,3,-1.0,238,0,3
238,3,-1.0,218,0,0
218,0,-1.0,318,0,0
318,0,-1.0,418,0,5
418,5,20.0,410,1,0
367,2,-1.0,387,0,1
387,1,-1.0,287,0,1
287,1,-1.0,187,0,1
187,1,-1.0,87,0,4
87,4,-1.0,99,0,1
99,1,-1.0,99,0,3
99,3,-1.0,79,0,0
79,0,-1.0,179,0,0
179,0,-1.0,279,0,0
279,0,-1.0,379,0,0
379,0,-1.0,479,0,5
479,5,20.0,475,1,0
289,3,-1.0,269,0,3
269,3,-1.0,249,0,3
249,3,-1.0,229,0,3
229,3,-1.0,209,0,0
209,0,-1.0,309,0,3
309,3,-1.0,309,0,0
309,0,-1.0,409,0,4
409,4,-1.0,417,0,1
417,1,-1.0,317,0,1
317,1,-1.0,217,0,2
217,2,-1.0,237,0,2
237,2,-1.0,257,0,1
257,1,-1.0,157,0,3
157,3,-1.0,157,0,2
157,2,-1.0,177,0,3
177,3,-1.0,157,0,2
157,2,-1.0,177,0,2
177,2,-1.0,197,0,1
197,1,-1.0,97,0,5
97,5,20.0,85,1,0
107,2,-1.0,127,0,1
127,1,-1.0,27,0,0
27,0,-1.0,127,0,0
127,0,-1.0,227,0,2
227,2,-1.0,247,0,2
247,2,-1.0,267,0,2
267,2,-1.0,287,0,1
287,1,-1.0,187,0,1
187,1,-1.0,87,0,4
87,4,-1.0,99,0,0
99,0,-1.0,199,0,0
199,0,-1.0,299,0,3
299,3,-1.0,279,0,5
279,5,-10.0,279,0,0
279,0,-1.0,379,0,0
379,0,-1.0,479,0,5
479,5,20.0,475,1,0
267,2,-1.0,287,0,1
287,1,-1.0,187,0,1
187,1,-1.0,87,0,5
87,5,-10.0,87,0,4
87,4,-1.0,99,0,3
99,3,-1.0,79,0,0
79,0,-1.0,179,0,0
179,0,-1.0,279,0,0
279,0,-1.0,379,0,0
379,0,-1.0,479,0,2
479,2,-1.0,499,0,3
499,3,-1.0,479,0,5
479,5,20.0,475,1,0
464,1,-1.0,364,0,1
364,1,-1.0,264,0,2
264,2,-1.0,284,0,1
284,1,-1.0,184,0,1
184,1,-1.0,84,0,4
84,4,-1.0,96,0,0
96,0,-1.0,196,0,3
196,3,-1.0,176,0,0
176,0,-1.0,276,0,3
276,3,-1.0,256,0,3
256,3,-1.0,236,0,1
236,1,-1.0,136,0,3
136,3,-1.0,116,0,1
116,1,-1.0,16,0,5
16,5,20.0,0,1,0
354,1,-1.0,254,0,2
254,2,-1.0,274,0,3
274,3,-1.0,254,0,2
254,2,-1.0,274,0,0
274,0,-1.0,374,0,0
374,0,-1.0,474,0,4
474,4,-1.0,478,0,1
478,1,-1.0,378,0,1
378,1,-1.0,278,0,3
278,3,-1.0,258,0,3
258,3,-1.0,238,0,3
238,3,-1.0,218,0,0
218,0,-1.0,318,0,0
318,0,-1.0,418,0,5
418,5,20.0,410,1,0
52,0,-1.0,152,0,2
152,2,-1.0,172,0,0
172,0,-1.0,272,0,0
272,0,-1.0,372,0,0
372,0,-1.0,472,0,4
472,4,-1.0,476,0,1
476,1,-1.0,376,0,1
376,1,-1.0,276,0,3
276,3,-1.0,256,0,3
256,3,-1.0,236,0,1
236,1,-1.0,136,0,3
136,3,-1.0,116,0,1
116,1,-1.0,16,0,5
16,5,20.0,0,1,0
183,3,-1.0,163,0,0
163,0,-1.0,263,0,3
263,3,-1.0,243,0,3
243,3,-1.0,223,0,1
223,1,-1.0,123,0,3
123,3,-1.0,103,0,1
103,1,-1.0,3,0,4
3,4,-1.0,19,0,0
19,0,-1.0,119,0,0
119,0,-1.0,219,0,2
219,2,-1.0,239,0,2
239,2,-1.0,259,0,2
259,2,-1.0,279,0,3
279,3,-1.0,259,0,2
259,2,-1.0,279,0,0
279,0,-1.0,379,0,0
379,0,-1.0,479,0,3
479,3,-1.0,479,0,5
479,5,20.0,475,1,0
482,3,-1.0,462,0,1
462,1,-1.0,362,0,1
362,1,-1.0,262,0,3
262,3,-1.0,242,0,3
242,3,-1.0,222,0,1
222,1,-1.0,122,0,3
122,3,-1.0,102,0,1
102,1,-1.0,2,0,4
2,4,-1.0,18,0,1
18,1,-1.0,18,0,0
18,0,-1.0,118,0,0
118,0,-1.0,218,0,0
218,0,-1.0,318,0,0
318,0,-1.0,418,0,5
418,5,20.0,410,1,0
151,3,-1.0,151,0,0
151,0,-1.0,251,0,3
251,3,-1.0,231,0,4
231,4,-10.0,231,0,3
231,3,-1.0,211,0,5
211,5,-10.0,211,0,0
211,0,-1.0,311,0,0
311,0,-1.0,411,0,4
411,4,-1.0,419,0,1
419,1,-1.0,319,0,1
319,1,-1.0,219,0,2
219,2,-1.0,239,0,2
239,2,-1.0,259,0,2
259,2,-1.0,279,0,0
279,0,-1.0,379,0,0
379,0,-1.0,479,0,5
479,5,20.0,475,1,0
273,0,-1.0,373,0,0
373,0,-1.0,473,0,4
473,4,-1.0,477,0,2
477,2,-1.0,497,0,1
497,1,-1.0,397,0,1
397,1,-1.0,297,0,1
297,1,-1.0,197,0,1
197,1,-1.0,97,0,5
97,5,20.0,85,1,0
128,1,-1.0,28,0,0
28,0,-1.0,128,0,0
128,0,-1.0,228,0,3
228,3,-1.0,208,0,0
208,0,-1.0,308,0,0
308,0,-1.0,408,0,4
408,4,-1.0,416,0,1
416,1,-1.0,316,0,5
316,5,-10.0,316,0,1
316,1,-1.0,216,0,1
216,1,-1.0,116,0,1
116,1,-1.0,16,0,5
16,5,20.0,0,1,0
492,3,-1.0,472,0,4
472,4,-1.0,476,0,1
476,1,-1.0,376,0,1
376,1,-1.0,276,0,3
276,3,-1.0,256,0,3
256,3,-1.0,236,0,1
236,1,-1.0,136,0,3
136,3,-1.0,116,0,1
116,1,-1.0,16,0,5
16,5,20.0,0,1,0
34,1,-1.0,34,0,0
34,0,-1.0,134,0,0
134,0,-1.0,234,0,2
234,2,-1.0,254,0,2
254,2,-1.0,274,0,0
274,0,-1.0,374,0,0
374,0,-1.0,474,0,4
474,4,-1.0,478,0,1
478,1,-1.0,378,0,1
378,1,-1.0,278,0,3
278,3,-1.0,258,0,3
258,3,-1.0,238,0,3
238,3,-1.0,218,0,0
218,0,-1.0,318,0,0
318,0,-1.0,418,0,5
418,5,20.0,410,1,0
348,1,-1.0,248,0,3
248,3,-1.0,228,0,1
228,1,-1.0,128,0,0
128,0,-1.0,228,0,3
228,3,-1.0,208,0,0
208,0,-1.0,308,0,0
308,0,-1.0,408,0,4
408,4,-1.0,416,0,0
416,0,-1.0,416,0,1
416,1,-1.0,316,0,1
316,1,-1.0,216,0,1
216,1,-1.0,116,0,1
116,1,-1.0,16,0,5
16,5,20.0,0,1,0
354,1,-1.0,254,0,2
254,2,-1.0,274,0,0
274,0,-1.0,374,0,0
374,0,-1.0,474,0,4
474,4,-1.0,478,0,1
478,1,-1.0,378,0,5
378,5,-10.0,378,0,1
378,1,-1.0,278,0,3
278,3,-1.0,258,0,3
258,3,-1.0,238,0,0
238,0,-1.0,338,0,1
338,1,-1.0,238,0,3
238,3,-1.0,218,0,0
218,0,-1.0,318,0,0
318,0,-1.0,418,0,5
418,5,20.0,410,1,0
262,3,-1.0,242,0,3
242,3,-1.0,222,0,1
222,1,-1.0,122,0,3
122,3,-1.0,102,0,1
102,1,-1.0,2,0,4
2,4,-1.0,18,0,0
18,0,-1.0,118,0,0
118,0,-1.0,218,0,0
218,0,-1.0,318,0,0
318,0,-1.0,418,0,5
418,5,20.0,410,1,0
488,1,-1.0,388,0,3
388,3,-1.0,368,0,1
368,1,-1.0,268,0,3
268,3,-1.0,248,0,3
248,3,-1.0,228,0,3
228,3,-1.0,208,0,0
208,0,-1.0,308,0,5
308,5,-10.0,308,0,0
308,0,-1.0,408,0,4
408,4,-1.0,416,0,1
416,1,-1.0,316,0,1
316,1,-1.0,216,0,1
216,1,-1.0,116,0,1
116,1,-1.0,16,0,5
16,5,20.0,0,1,0
123,2,-1.0,123,0,3
123,3,-1.0,103,0,3
103,3,-1.0,103,0,1
103,1,-1.0,3,0,4
3,4,-1.0,19,0,0
19,0,-1.0,119,0,2
119,2,-1.0,139,0,0
139,0,-1.0,239,0,2
239,2,-1.0,259,0,2
259,2,-1.0,279,0,0
279,0,-1.0,379,0,0
379,0,-1.0,479,0,5
479,5,20.0,475,1,0
223,1,-1.0,123,0,3
123,3,-1.0,103,0,1
103,1,-1.0,3,0,4
3,4,-1.0,19,0,0
19,0,-1.0,119,0,0
119,0,-1.0,219,0,2
219,2,-1.0,239,0,2
239,2,-1.0,259,0,2
259,2,-1.0,279,0,0
279,0,-1.0,379,0,0
379,0,-1.0,479,0,5
479,5,20.0,475,1,0
492,3,-1.0,472,0,4
472,4,-1.0,476,0,4
476,4,-10.0,476,0,1
476,1,-1.0,376,0,1
376,1,-1.0,276,0,3
276,3,-1.0,256,0,3
256,3,-1.0,236,0,1
236,1,-1.0,136,0,3
136,3,-1.0,116,0,1
116,1,-1.0,16,0,5
16,5,20.0,0,1,0
127,0,-1.0,227,0,2
227,2,-1.0,247,0,2
247,2,-1.0,267,0,2
267,2,-1.0,287,0,1
287,1,-1.0,187,0,1
187,1,-1.0,87,0,4
87,4,-1.0,99,0,3
99,3,-1.0,79,0,0
79,0,-1.0,179,0,0
179,0,-1.0,279,0,0
279,0,-1.0,379,0,0
379,0,-1.0,479,0,5
479,5,20.0,475,1,0
112,0,-1.0,212,0,2
212,2,-1.0,232,0,2
232,2,-1.0,252,0,2
252,2,-1.0,272,0,0
272,0,-1.0,372,0,0
372,0,-1.0,472,0,4
472,4,-1.0,476,0,1
476,1,-1.0,376,0,1
376,1,-1.0,276,0,3
276,3,-1.0,256,0,3
256,3,-1.0,236,0,1
236,1,-1.0,136,0,5
136,5,-10.0,136,0,3
136,3,-1.0,116,0,1
116,1,-1.0,16,0,5
16,5,20.0,0,1,0
107,2,-1.0,127,0,0
127,0,-1.0,227,0,2
227,2,-1.0,247,0,5
247,5,-10.0,247,0,2
247,2,-1.0,267,0,2
267,2,-1.0,287,0,1
287,1,-1.0,187,0,1
187,1,-1.0,87,0,4
87,4,-1.0,99,0,3
99,3,-1.0,79,0,0
79,0,-1.0,179,0,0
179,0,-1.0,279,0,2
279,2,-1.0,299,0,3
299,3,-1.0,279,0,0
279,0,-1.0,379,0,0
379,0,-1.0,479,0,5
479,5,20.0,475,1,0
231,3,-1.0,211,0,0
211,0,-1.0,311,0,0
311,0,-1.0,411,0,4
411,4,-1.0,419,0,1
419,1,-1.0,319,0,1
319,1,-1.0,219,0,2
219,2,-1.0,239,0,2
239,2,-1.0,259,0,2
259,2,-1.0,279,0,0
279,0,-1.0,379,0,0
379,0,-1.0,479,0,5
479,5,20.0,475,1,0
261,3,-1.0,241,0,3
241,3,-1.0,221,0,1
221,1,-1.0,121,0,1
121,1,-1.0,21,0,3
21,3,-1.0,1,0,4
1,4,-1.0,17,0,0
17,0,-1.0,117,0,2
117,2,-1.0,137,0,0
137,0,-1.0,237,0,2
237,2,-1.0,257,0,1
257,1,-1.0,157,0,2
157,2,-1.0,177,0,2
177,2,-1.0,197,0,1
197,1,-1.0,97,0,5
97,5,20.0,85,1,0
264,5,-10.0,264,0,1
264,1,-1.0,164,0,2
164,2,-1.0,184,0,1
184,1,-1.0,84,0,4
84,4,-1.0,96,0,0
96,0,-1.0,196,0,3
196,3,-1.0,176,0,0
176,0,-1.0,276,0,3
276,3,-1.0,256,0,3
256,3,-1.0,236,0,1
236,1,-1.0,136,0,3
136,3,-1.0,116,0,1
116,1,-1.0,16,0,5
16,5,20.0,0,1,0
389,1,-1.0,289,0,3
289,3,-1.0,269,0,3
269,3,-1.0,249,0,3
249,3,-1.0,229,0,2
229,2,-1.0,249,0,3
249,3,-1.0,229,0,3
229,3,-1.0,209,0,0
209,0,-1.0,309,0,0
309,0,-1.0,409,0,4
409,4,-1.0,417,0,1
417,1,-1.0,317,0,1
317,1,-1.0,217,0,2
217,2,-1.0,237,0,4
237,4,-10.0,237,0,2
237,2,-1.0,257,0,1
257,1,-1.0,157,0,2
157,2,-1.0,177,0,2
177,2,-1.0,197,0,1
197,1,-1.0,97,0,5
97,5,20.0,85,1,0
427,1,-1.0,327,0,2
327,2,-1.0,347,0,1
347,1,-1.0,247,0,2
247,2,-1.0,267,0,2
267,2,-1.0,287,0,2
287,2,-1.0,287,0,1
287,1,-1.0,187,0,1
187,1,-1.0,87,0,4
87,4,-1.0,99,0,3
99,3,-1.0,79,0,0
79,0,-1.0,179,0,0
179,0,-1.0,279,0,0
279,0,-1.0,379,0,0
379,0,-1.0,479,0,5
479,5,20.0,475,1,0
324,1,-1.0,224,0,2
224,2,-1.0,244,0,1
244,1,-1.0,144,0,2
144,2,-1.0,164,0,2
164,2,-1.0,184,0,1
184,1,-1.0,84,0,4
84,4,-1.0,96,0,0
96,0,-1.0,196,0,3
196,3,-1.0,176,0,0
176,0,-1.0,276,0,3
276,3,-1.0,256,0,3
256,3,-1.0,236,0,1
236,1,-1.0,136,0,3
136,3,-1.0,116,0,1
116,1,-1.0,16,0,5
16,5,20.0,0,1,0
291,3,-1.0,271,0,3
271,3,-1.0,251,0,3
251,3,-1.0,231,0,3
231,3,-1.0,211,0,0
211,0,-1.0,311,0,0
311,0,-1.0,411,0,4
411,4,-1.0,419,0,1
419,1,-1.0,319,0,1
319,1,-1.0,219,0,2
219,2,-1.0,239,0,2
239,2,-1.0,259,0,2
259,2,-1.0,279,0,0
279,0,-1.0,379,0,0
379,0,-1.0,479,0,5
479,5,20.0,475,1,0
347,1,-1.0,247,0,2
247,2,-1.0,267,0,2
267,2,-1.0,287,0,1
287,1,-1.0,187,0,1
187,1,-1.0,87,0,4
87,4,-1.0,99,0,3
99,3,-1.0,79,0,0
79,0,-1.0,179,0,0
179,0,-1.0,279,0,0
279,0,-1.0,379,0,0
379,0,-1.0,479,0,5
479,5,20.0,475,1,0
349,1,-1.0,249,0,3
249,3,-1.0,229,0,4
229,4,-10.0,229,0,3
229,3,-1.0,209,0,0
209,0,-1.0,309,0,0
309,0,-1.0,409,0,4
409,4,-1.0,417,0,1
417,1,-1.0,317,0,1
317,1,-1.0,217,0,2
217,2,-1.0,237,0,2
237,2,-1.0,257,0,1
257,1,-1.0,157,0,2
157,2,-1.0,177,0,2
177,2,-1.0,197,0,1
197,1,-1.0,97,0,5
97,5,20.0,85,1,0
422,4,-10.0,422,0,1
422,1,-1.0,322,0,1
322,1,-1.0,222,0,1
222,1,-1.0,122,0,3
122,3,-1.0,102,0,1
102,1,-1.0,2,0,4
2,4,-1.0,18,0,0
18,0,-1.0,118,0,0
118,0,-1.0,218,0,0
218,0,-1.0,318,0,0
318,0,-1.0,418,0,5
418,5,20.0,410,1,0
133,0,-1.0,233,0,2
233,2,-1.0,253,0,2
253,2,-1.0,273,0,0
273,0,-1.0,373,0,0
373,0,-1.0,473,0,4
473,4,-1.0,477,0,2
477,2,-1.0,497,0,1
497,1,-1.0,397,0,1
397,1,-1.0,297,0,1
297,1,-1.0,197,0,1
197,1,-1.0,97,0,5
97,5,20.0,85,1,0
243,3,-1.0,223,0,1
223,1,-1.0,123,0,3
123,3,-1.0,103,0,1
103,1,-1.0,3,0,4
3,4,-1.0,19,0,0
19,0,-1.0,119,0,0
119,0,-1.0,219,0,2
219,2,-1.0,239,0,2
239,2,-1.0,259,0,4
259,4,-10.0,259,0,2
259,2,-1.0,279,0,0
279,0,-1.0,379,0,0
379,0,-1.0,479,0,5
479,5,20.0,475,1,0
8,0,-1.0,108,0,0
108,0,-1.0,208,0,0
208,0,-1.0,308,0,2
308,2,-1.0,308,0,0
308,0,-1.0,408,0,4
408,4,-1.0,416,0,1
416,1,-1.0,316,0,1
316,1,-1.0,216,0,1
216,1,-1.0,116,0,1
116,1,-1.0,16,0,5
16,5,20.0,0,1,0
94,3,-1.0,74,0,0
74,0,-1.0,174,0,0
174,0,-1.0,274,0,0
274,0,-1.0,374,0,0
374,0,-1.0,474,0,4
474,4,-1.0,478,0,1
478,1,-1.0,378,0,1
378,1,-1.0,278,0,3
278,3,-1.0,258,0,3
258,3,-1.0,238,0,3
238,3,-1.0,218,0,0
218,0,-1.0,318,0,0
318,0,-1.0,418,0,5
418,5,20.0,410,1,0
33,0,-1.0,133,0,0
133,0,-1.0,233,0,2
233,2,-1.0,253,0,2
253,2,-1.0,273,0,0
273,0,-1.0,373,0,0
373,0,-1.0,473,0,4
473,4,-1.0,477,0,2
477,2,-1.0,497,0,1
497,1,-1.0,397,0,1
397,1,-1.0,297,0,1
297,1,-1.0,197,0,1
197,1,-1.0,97,0,3
97,3,-1.0,77,0,2
77,2,-1.0,97,0,5
97,5,20.0,85,1,0
413,1,-1.0,313,0,1
313,1,-1.0,213,0,5
213,5,-10.0,213,0,1
213,1,-1.0,113,0,0
113,0,-1.0,213,0,2
213,2,-1.0,233,0,2
233,2,-1.0,253,0,2
253,2,-1.0,273,0,0
273,0,-1.0,373,0,0
373,0,-1.0,473,0,4
473,4,-1.0,477,0,2
477,2,-1.0,497,0,3
497,3,-1.0,477,0,2
477,2,-1.0,497,0,1
497,1,-1.0,397,0,1
397,1,-1.0,297,0,1
297,1,-1.0,197,0,1
197,1,-1.0,97,0,5
97,5,20.0,85,1,0
192,0,-1.0,292,0,3
292,3,-1.0,272,0,0
272,0,-1.0,372,0,0
372,0,-1.0,472,0,4
472,4,-1.0,476,0,1
476,1,-1.0,376,0,1
376,1,-1.0,276,0,3
276,3,-1.0,256,0,5
256,5,-10.0,256,0,3
256,3,-1.0,236,0,1
236,1,-1.0,136,0,3
136,3,-1.0,116,0,1
116,1,-1.0,16,0,5
16,5,20.0,0,1,0
223,1,-1.0,123,0,3
123,3,-1.0,103,0,1
103,1,-1.0,3,0,4
3,4,-1.0,19,0,0
19,0,-1.0,119,0,0
119,0,-1.0,219,0,2
219,2,-1.0,239,0,2
239,2,-1.0,259,0,2
259,2,-1.0,279,0,0
279,0,-1.0,379,0,0
379,0,-1.0,479,0,2
479,2,-1.0,499,0,3
499,3,-1.0,479,0,5
479,5,20.0,475,1,0
222,1,-1.0,122,0,3
122,3,-1.0,102,0,4
102,4,-10.0,102,0,1
102,1,-1.0,2,0,4
2,4,-1.0,18,0,0
18,0,-1.0,118,0,0
118,0,-1.0,218,0,0
218,0,-1.0,318,0,0
318,0,-1.0,418,0,5
418,5,20.0,410,1,0
428,1,-1.0,328,0,1
328,1,-1.0,228,0,3
228,3,-1.0,208,0,0
208,0,-1.0,308,0,0
308,0,-1.0,408,0,4
408,4,-1.0,416,0,1
416,1,-1.0,316,0,1
316,1,-1.0,216,0,1
216,1,-1.0,116,0,1
116,1,-1.0,16,0,5
16,5,20.0,0,1,0
208,0,-1.0,308,0,0
308,0,-1.0,408,0,4
408,4,-1.0,416,0,1
416,1,-1.0,316,0,1
316,1,-1.0,216,0,0
216,0,-1.0,316,0,4
316,4,-10.0,316,0,1
316,1,-1.0,216,0,1
216,1,-1.0,116,0,1
116,1,-1.0,16,0,5
16,5,20.0,0,1,0
32,0,-1.0,132,0,0
132,0,-1.0,232,0,2
232,2,-1.0,252,0,2
252,2,-1.0,272,0,0
272,0,-1.0,372,0,0
372,0,-1.0,472,0,4
472,4,-1.0,476,0,1
476,1,-1.0,376,0,1
376,1,-1.0,276,0,3
276,3,-1.0,256,0,3
256,3,-1.0,236,0,1
236,1,-1.0,136,0,3
136,3,-1.0,116,0,1
116,1,-1.0,16,0,5
16,5,20.0,0,1,0
222,1,-1.0,122,0,3
122,3,-1.0,102,0,1
102,1,-1.0,2,0,4
2,4,-1.0,18,0,0
18,0,-1.0,118,0,0
118,0,-1.0,218,0,0
218,0,-1.0,318,0,3
318,3,-1.0,318,0,0
318,0,-1.0,418,0,5
418,5,20.0,410,1,0
447,1,-1.0,347,0,1
347,1,-1.0,247,0,4
247,4,-10.0,247,0,2
247,2,-1.0,267,0,2
267,2,-1.0,287,0,1
287,1,-1.0,187,0,1
187,1,-1.0,87,0,4
87,4,-1.0,99,0,3
99,3,-1.0,79,0,0
79,0,-1.0,179,0,0
179,0,-1.0,279,0,0
279,0,-1.0,379,0,0
379,0,-1.0,479,0,5
479,5,20.0,475,1,0
373,0,-1.0,473,0,4
473,4,-1.0,477,0,0
477,0,-1.0,477,0,2
477,2,-1.0,497,0,1
497,1,-1.0,397,0,1
397,1,-1.0,297,0,1
297,1,-1.0,197,0,1
197,1,-1.0,97,0,5
97,5,20.0,85,1,0
409,4,-1.0,417,0,1
417,1,-1.0,317,0,1
317,1,-1.0,217,0,2
217,2,-1.0,237,0,2
237,2,-1.0,257,0,1
257,1,-1.0,157,0,2
157,2,-1.0,177,0,2
177,2,-1.0,197,0,1
197,1,-1.0,97,0,5
97,5,20.0,85,1,0
302,1,-1.0,202,0,1
202,1,-1.0,102,0,1
102,1,-1.0,2,0,4
2,4,-1.0,18,0,0
18,0,-1.0,118,0,0
118,0,-1.0,218,0,0
218,0,-1.0,318,0,0
318,0,-1.0,418,0,5
418,5,20.0,410,1,0
14,0,-1.0,114,0,2
114,2,-1.0,134,0,0
134,0,-1.0,234,0,2
234,2,-1.0,254,0,2
254,2,-1.0,274,0,0
274,0,-1.0,374,0,0
374,0,-1.0,474,0,4
474,4,-1.0,478,0,1
478,1,-1.0,378,0,5
378,5,-10.0,378,0,1
378,1,-1.0,278,0,3
278,3,-1.0,258,0,3
258,3,-1.0,238,0,3
238,3,-1.0,218,0,0
218,0,-1.0,318,0,0
318,0,-1.0,418,0,5
418,5,20.0,410,1,0
286,1,-1.0,186,0,1
186,1,-1.0,86,0,4
86,4,-1.0,98,0,0
98,0,-1.0,198,0,0
198,0,-1.0,298,0,3
298,3,-1.0,278,0,3
278,3,-1.0,258,0,3
258,3,-1.0,238,0,3
238,3,-1.0,218,0,0
218,0,-1.0,318,0,0
318,0,-1.0,418,0,5
418,5,20.0,410,1,0
492,3,-1.0,472,0,4
472,4,-1.0,476,0,1
476,1,-1.0,376,0,1
376,1,-1.0,276,0,3
276,3,-1.0,256,0,0
256,0,-1.0,356,0,1
356,1,-1.0,256,0,3
256,3,-1.0,236,0,1
236,1,-1.0,136,0,3
136,3,-1.0,116,0,1
116,1,-1.0,16,0,5
16,5,20.0,0,1,0
121,1,-1.0,21,0,3
21,3,-1.0,1,0,4
1,4,-1.0,17,0,3
17,3,-1.0,17,0,0
17,0,-1.0,117,0,2
117,2,-1.0,137,0,0
137,0,-1.0,237,0,2
237,2,-1.0,257,0,1
257,1,-1.0,157,0,2
157,2,-1.0,177,0,2
177,2,-1.0,197,0,1
197,1,-1.0,97,0,5
97,5,20.0,85,1,0
106,0,-1.0,206,0,2
206,2,-1.0,226,0,2
226,2,-1.0,246,0,2
246,2,-1.0,266,0,2
266,2,-1.0,286,0,1
286,1,-1.0,186,0,1
186,1,-1.0,86,0,4
86,4,-1.0,98,0,0
98,0,-1.0,198,0,0
198,0,-1.0,298,0,1
298,1,-1.0,198,0,0
198,0,-1.0,298,0,3
298,3,-1.0,278,0,3
278,3,-1.0,258,0,3
258,3,-1.0,238,0,3
238,3,-1.0,218,0,0
218,0,-1.0,318,0,0
318,0,-1.0,418,0,5
418,5,20.0,410,1,0
364,1,-1.0,264,0,2
264,2,-1.0,284,0,1
284,1,-1.0,184,0,1
184,1,-1.0,84,0,4
84,4,-1.0,96,0,0
96,0,-1.0,196,0,3
196,3,-1.0,176,0,2
176,2,-1.0,196,0,5
196,5,-10.0,196,0,3
196,3,-1.0,176,0,0
176,0,-1.0,276,0,3
276,3,-1.0,256,0,3
256,3,-1.0,236,0,1
236,1,-1.0,136,0,3
136,3,-1.0,116,0,1
116,1,-1.0,16,0,5
16,5,20.0,0,1,0
223,1,-1.0,123,0,3
123,3,-1.0,103,0,1
103,1,-1.0,3,0,4
3,4,-1.0,19,0,0
19,0,-1.0,119,0,0
119,0,-1.0,219,0,2
219,2,-1.0,239,0,2
239,2,-1.0,259,0,2
259,2,-1.0,279,0,0
279,0,-1.0,379,0,0
379,0,-1.0,479,0,5
479,5,20.0,475,1,0
472,4,-1.0,476,0,1
476,1,-1.0,376,0,0
376,0,-1.0,476,0,1
476,1,-1.0,376,0,1
376,1,-1.0,276,0,3
276,3,-1.0,256,0,3
256,3,-1.0,236,0,3
236,3,-1.0,216,0,1
216,1,-1.0,116,0,1
116,1,-1.0,16,0,5
16,5,20.0,0,1,0
123,3,-1.0,103,0,1
103,1,-1.0,3,0,4
3,4,-1.0,19,0,4
19,4,-10.0,19,0,0
19,0,-1.0,119,0,0
119,0,-1.0,219,0,5
219,5,-10.0,219,0,4
219,4,-10.0,219,0,2
219,2,-1.0,239,0,2
239,2,-1.0,259,0,2
259,2,-1.0,279,0,0
279,0,-1.0,379,0,0
379,0,-1.0,479,0,5
479,5,20.0,475,1,0
24,0,-1.0,124,0,0
124,0,-1.0,224,0,2
224,2,-1.0,244,0,1
244,1,-1.0,144,0,2
144,2,-1.0,164,0,2
164,2,-1.0,184,0,1
184,1,-1.0,84,0,4
84,4,-1.0,96,0,0
96,0,-1.0,196,0,3
196,3,-1.0,176,0,0
176,0,-1.0,276,0,3
276,3,-1.0,256,0,3
256,3,-1.0,236,0,1
236,1,-1.0,136,0,3
136,3,-1.0,116,0,1
116,1,-1.0,16,0,5
16,5,20.0,0,1,0
354,1,-1.0,254,0,2
254,2,-1.0,274,0,0
274,0,-1.0,374,0,0
374,0,-1.0,474,0,4
474,4,-1.0,478,0,1
478,1,-1.0,378,0,1
378,1,-1.0,278,0,3
278,3,-1.0,258,0,3
258,3,-1.0,238,0,3
238,3,-1.0,218,0,0
218,0,-1.0,318,0,0
318,0,-1.0,418,0,5
418,5,20.0,410,1,0
388,1,-1.0,288,0,3
288,3,-1.0,268,0,4
268,4,-10.0,268,0,3
268,3,-1.0,248,0,3
248,3,-1.0,228,0,3
228,3,-1.0,208,0,3
208,3,-1.0,208,0,5
208,5,-10.0,208,0,0
208,0,-1.0,308,0,0
308,0,-1.0,408,0,4
408,4,-1.0,416,0,1
416,1,-1.0,316,0,1
316,1,-1.0,216,0,1
216,1,-1.0,116,0,1
116,1,-1.0,16,0,5
16,5,20.0,0,1,0
61,0,-1.0,161,0,3
161,3,-1.0,141,0,0
141,0,-1.0,241,0,3
241,3,-1.0,221,0,1
221,1,-1.0,121,0,1
121,1,-1.0,21,0,3
21,3,-1.0,1,0,4
1,4,-1.0,17,0,1
17,1,-1.0,17,0,0
17,0,-1.0,117,0,2
117,2,-1.0,137,0,0
137,0,-1.0,237,0,2
237,2,-1.0,257,0,1
257,1,-1.0,157,0,2
157,2,-1.0,177,0,2
177,2,-1.0,197,0,1
197,1,-1.0,97,0,5
97,5,20.0,85,1,0
411,4,-1.0,419,0,1
419,1,-1.0,319,0,1
319,1,-1.0,219,0,2
219,2,-1.0,239,0,2
239,2,-1.0,259,0,2
259,2,-1.0,279,0,0
279,0,-1.0,379,0,0
379,0,-1.0,479,0,5
479,5,20.0,475,1,0
288,3,-1.0,268,0,5
268,5,-10.0,268,0,3
268,3,-1.0,248,0,3
248,3,-1.0,228,0,3
228,3,-1.0,208,0,0
208,0,-1.0,308,0,0
308,0,-1.0,408,0,5
408,5,-10.0,408,0,4
408,4,-1.0,416,0,1
416,1,-1.0,316,0,1
316,1,-1.0,216,0,1
216,1,-1.0,116,0,1
116,1,-1.0,16,0,5
16,5,20.0,0,1,0
112,0,-1.0,212,0,2
212,2,-1.0,232,0,2
232,2,-1.0,252,0,2
252,2,-1.0,272,0,0
272,0,-1.0,372,0,0
372,0,-1.0,472,0,4
472,4,-1.0,476,0,1
476,1,-1.0,376,0,1
376,1,-1.0,276,0,3
276,3,-1.0,256,0,3
256,3,-1.0,236,0,1
236,1,-1.0,136,0,3
136,3,-1.0,116,0,1
116,1,-1.0,16,0,5
16,5,20.0,0,1,0
368,5,-10.0,368,0,1
368,1,-1.0,268,0,3
268,3,-1.0,248,0,3
248,3,-1.0,228,0,3
228,3,-1.0,208,0,0
208,0,-1.0,308,0,0
308,0,-1.0,408,0,4
408,4,-1.0,416,0,1
416,1,-1.0,316,0,1
316,1,-1.0,216,0,1
216,1,-1.0,116,0,1
116,1,-1.0,16,0,5
16,5,20.0,0,1,0
228,3,-1.0,208,0,0
208,0,-1.0,308,0,0
308,0,-1.0,408,0,4
408,4,-1.0,416,0,1
416,1,-1.0,316,0,1
316,1,-1.0,216,0,1
216,1,-1.0,116,0,1
116,1,-1.0,16,0,5
16,5,20.0,0,1,0
332,1,-1.0,232,0,3
232,3,-1.0,212,0,2
212,2,-1.0,232,0,2
232,2,-1.0,252,0,2
252,2,-1.0,272,0,0
272,0,-1.0,372,0,0
372,0,-1.0,472,0,4
472,4,-1.0,476,0,1
476,1,-1.0,376,0,4
376,4,-10.0,376,0,1
376,1,-1.0,276,0,3
276,3,-1.0,256,0,3
256,3,-1.0,236,0,1
236,1,-1.0,136,0,3
136,3,-1.0,116,0,1
116,1,-1.0,16,0,5
16,5,20.0,0,1,0
1,4,-1.0,17,0,0
17,0,-1.0,117,0,2
117,2,-1.0,137,0,0
137,0,-1.0,237,0,2
237,2,-1.0,257,0,1
257,1,-1.0,157,0,4
157,4,-10.0,157,0,2
157,2,-1.0,177,0,2
177,2,-1.0,197,0,1
197,1,-1.0,97,0,5
97,5,20.0,85,1,0
432,1,-1.0,332,0,1
332,1,-1.0,232,0,2
232,2,-1.0,252,0,2
252,2,-1.0,272,0,0
272,0,-1.0,372,0,2
372,2,-1.0,392,0,3
392,3,-1.0,372,0,0
372,0,-1.0,472,0,4
472,4,-1.0,476,0,1
476,1,-1.0,376,0,1
376,1,-1.0,276,0,1
276,1,-1.0,176,0,0
176,0,-1.0,276,0,3
276,3,-1.0,256,0,1
256,1,-1.0,156,0,0
156,0,-1.0,256,0,3
256,3,-1.0,236,0,1
236,1,-1.0,136,0,3
136,3,-1.0,116,0,1
116,1,-1.0,16,0,5
16,5,20.0,0,1,0
174,0,-1.0,274,0,0
274,0,-1.0,374,0,0
374,0,-1.0,474,0,4
474,4,-1.0,478,0,1
478,1,-1.0,378,0,1
378,1,-1.0,278,0,5
278,5,-10.0,278,0,3
278,3,-1.0,258,0,3
258,3,-1.0,238,0,3
238,3,-1.0,218,0,0
218,0,-1.0,318,0,0
318,0,-1.0,418,0,5
418,5,20.0,410,1,0
394,3,-1.0,374,0,0
374,0,-1.0,474,0,4
474,4,-1.0,478,0,1
478,1,-1.0,378,0,1
378,1,-1.0,278,0,3
278,3,-1.0,258,0,3
258,3,-1.0,238,0,3
238,3,-1.0,218,0,0
218,0,-1.0,318,0,0
318,0,-1.0,418,0,5
418,5,20.0,410,1,0
152,1,-1.0,52,0,0
52,0,-1.0,152,0,2
152,2,-1.0,172,0,0
172,0,-1.0,272,0,0
272,0,-1.0,372,0,0
372,0,-1.0,472,0,3
472,3,-1.0,472,0,4
472,4,-1.0,476,0,1
476,1,-1.0,376,0,1
376,1,-1.0,276,0,3
276,3,-1.0,256,0,3
256,3,-1.0,236,0,1
236,1,-1.0,136,0,3
136,3,-1.0,116,0,5
116,5,-10.0,116,0,1
116,1,-1.0,16,0,5
16,5,20.0,0,1,0
146,2,-1.0,166,0,2
166,2,-1.0,186,0,1
186,1,-1.0,86,0,4
86,4,-1.0,98,0,0
98,0,-1.0,198,0,0
198,0,-1.0,298,0,4
298,4,-10.0,298,0,3
298,3,-1.0,278,0,3
278,3,-1.0,258,0,3
258,3,-1.0,238,0,3
238,3,-1.0,218,0,0
218,0,-1.0,318,0,0
318,0,-1.0,418,0,0
418,0,-1.0,418,0,5
418,5,20.0,410,1,0
12,0,-1.0,112,0,0
112,0,-1.0,212,0,2
212,2,-1.0,232,0,2
232,2,-1.0,252,0,2
252,2,-1.0,272,0,0
272,0,-1.0,372,0,0
372,0,-1.0,472,0,4
472,4,-1.0,476,0,1
476,1,-1.0,376,0,1
376,1,-1.0,276,0,3
276,3,-1.0,256,0,3
256,3,-1.0,236,0,1
236,1,-1.0,136,0,3
136,3,-1.0,116,0,1
116,1,-1.0,16,0,5
16,5,20.0,0,1,0
473,4,-1.0,477,0,2
477,2,-1.0,497,0,1
497,1,-1.0,397,0,1
397,1,-1.0,297,0,1
297,1,-1.0,197,0,1
197,1,-1.0,97,0,5
97,5,20.0,85,1,0
12,0,-1.0,112,0,0
112,0,-1.0,212,0,2
212,2,-1.0,232,0,2
232,2,-1.0,252,0,2
252,2,-1.0,272,0,0
272,0,-1.0,372,0,0
372,0,-1.0,472,0,2
472,2,-1.0,492,0,3
492,3,-1.0,472,0,4
472,4,-1.0,476,0,1
476,1,-1.0,376,0,1
376,1,-1.0,276,0,3
276,3,-1.0,256,0,3
256,3,-1.0,236,0,1
236,1,-1.0,136,0,3
136,3,-1.0,116,0,1
116,1,-1.0,16,0,5
16,5,20.0,0,1,0
206,2,-1.0,226,0,2
226,2,-1.0,246,0,2
246,2,-1.0,266,0,2
266,2,-1.0,286,0,1
286,1,-1.0,186,0,1
186,1,-1.0,86,0,4
86,4,-1.0,98,0,0
98,0,-1.0,198,0,0
198,0,-1.0,298,0,4
298,4,-10.0,298,0,3
298,3,-1.0,278,0,3
278,3,-1.0,258,0,3
258,3,-1.0,238,0,3
238,3,-1.0,218,0,0
218,0,-1.0,318,0,0
318,0,-1.0,418,0,5
418,5,20.0,410,1,0
12,0,-1.0,112,0,0
112,0,-1.0,212,0,2
212,2,-1.0,232,0,2
232,2,-1.0,252,0,2
252,2,-1.0,272,0,0
272,0,-1.0,372,0,0
372,0,-1.0,472,0,4
472,4,-1.0,476,0,1
476,1,-1.0,376,0,1
376,1,-1.0,276,0,3
276,3,-1.0,256,0,3
256,3,-1.0,236,0,1
236,1,-1.0,136,0,3
136,3,-1.0,116,0,1
116,1,-1.0,16,0,5
16,5,20.0,0,1,0
462,1,-1.0,362,0,1
362,1,-1.0,262,0,3
262,3,-1.0,242,0,3
242,3,-1.0,222,0,1
222,1,-1.0,122,0,3
122,3,-1.0,102,0,1
102,1,-1.0,2,0,4
2,4,-1.0,18,0,0
18,0,-1.0,118,0,0
118,0,-1.0,218,0,0
218,0,-1.0,318,0,0
318,0,-1.0,418,0,5
418,5,20.0,410,1,0
212,2,-1.0,232,0,2
232,2,-1.0,252,0,2
252,2,-1.0,272,0,0
272,0,-1.0,372,0,0
372,0,-1.0,472,0,4
472,4,-1.0,476,0,1
476,1,-1.0,376,0,1
376,1,-1.0,276,0,3
276,3,-1.0,256,0,3
256,3,-1.0,236,0,1
236,1,-1.0,136,0,3
136,3,-1.0,116,0,1
116,1,-1.0,16,0,4
16,4,-10.0,16,0,5
16,5,20.0,0,1,0
412,1,-1.0,312,0,1
312,1,-1.0,212,0,2
212,2,-1.0,232,0,2
232,2,-1.0,252,0,2
252,2,-1.0,272,0,0
272,0,-1.0,372,0,0
372,0,-1.0,472,0,4
472,4,-1.0,476,0,1
476,1,-1.0,376,0,1
376,1,-1.0,276,0,3
276,3,-1.0,256,0,3
256,3,-1.0,236,0,1
236,1,-1.0,136,0,3
136,3,-1.0,116,0,1
116,1,-1.0,16,0,5
16,5,20.0,0,1,0
84,4,-1.0,96,0,0
96,0,-1.0,196,0,3
196,3,-1.0,176,0,0
176,0,-1.0,276,0,3
276,3,-1.0,256,0,3
256,3,-1.0,236,0,1
236,1,-1.0,136,0,3
136,3,-1.0,116,0,1
116,1,-1.0,16,0,4
16,4,-10.0,16,0,5
16,5,20.0,0,1,0
393,3,-1.0,373,0,0
373,0,-1.0,473,0,4
473,4,-1.0,477,0,2
477,2,-1.0,497,0,1
497,1,-1.0,397,0,2
397,2,-1.0,397,0,1
397,1,-1.0,297,0,1
297,1,-1.0,197,0,1
197,1,-1.0,97,0,5
97,5,20.0,85,1,0
269,3,-1.0,249,0,3
249,3,-1.0,229,0,3
229,3,-1.0,209,0,0
209,0,-1.0,309,0,0
309,0,-1.0,409,0,4
409,4,-1.0,417,0,5
417,5,-1.0,409,0,4
409,4,-1.0,417,0,1
417,1,-1.0,317,0,1
317,1,-1.0,217,0,2
217,2,-1.0,237,0,2
237,2,-1.0,257,0,0
257,0,-1.0,357,0,2
357,2,-1.0,357,0,1
357,1,-1.0,257,0,1
257,1,-1.0,157,0,2
157,2,-1.0,177,0,2
177,2,-1.0,197,0,1
197,1,-1.0,97,0,5
97,5,20.0,85,1,0
128,0,-1.0,228,0,3
228,3,-1.0,208,0,0
208,0,-1.0,308,0,0
308,0,-1.0,408,0,4
408,4,-1.0,416,0,1
416,1,-1.0,316,0,1
316,1,-1.0,216,0,1
216,1,-1.0,116,0,1
116,1,-1.0,16,0,5
16,5,20.0,0,1,0
2,4,-1.0,18,0,1
18,1,-1.0,18,0,0
18,0,-1.0,118,0,5
118,5,-10.0,118,0,0
118,0,-1.0,218,0,0
218,0,-1.0,318,0,0
318,0,-1.0,418,0,5
418,5,20.0,410,1,0
247,2,-1.0,267,0,2
267,2,-1.0,287,0,1
287,1,-1.0,187,0,1
187,1,-1.0,87,0,4
87,4,-1.0,99,0,3
99,3,-1.0,79,0,2
79,2,-1.0,99,0,3
99,3,-1.0,79,0,3
79,3,-1.0,59,0,0
59,0,-1.0,159,0,0
159,0,-1.0,259,0,2
259,2,-1.0,279,0,0
279,0,-1.0,379,0,0
379,0,-1.0,479,0,5
479,5,20.0,475,1,0
286,1,-1.0,186,0,0
186,0,-1.0,286,0,1
286,1,-1.0,186,0,5
186,5,-10.0,186,0,1
186,1,-1.0,86,0,4
86,4,-1.0,98,0,0
98,0,-1.0,198,0,0
198,0,-1.0,298,0,3
298,3,-1.0,278,0,3
278,3,-1.0,258,0,3
258,3,-1.0,238,0,3
238,3,-1.0,218,0,0
218,0,-1.0,318,0,0
318,0,-1.0,418,0,5
418,5,20.0,410,1,0
183,3,-1.0,163,0,0
163,0,-1.0,263,0,3
263,3,-1.0,243,0,3
243,3,-1.0,223,0,1
223,1,-1.0,123,0,3
123,3,-1.0,103,0,1
103,1,-1.0,3,0,4
3,4,-1.0,19,0,0
19,0,-1.0,119,0,0
119,0,-1.0,219,0,2
219,2,-1.0,239,0,2
239,2,-1.0,259,0,2
259,2,-1.0,279,0,0
279,0,-1.0,379,0,0
379,0,-1.0,479,0,5
479,5,20.0,475,1,0
354,1,-1.0,254,0,2
254,2,-1.0,274,0,0
274,0,-1.0,374,0,0
374,0,-1.0,474,0,4
474,4,-1.0,478,0,1
478,1,-1.0,378,0,1
378,1,-1.0,278,0,3
278,3,-1.0,258,0,3
258,3,-1.0,238,0,3
238,3,-1.0,218,0,0
218,0,-1.0,318,0,0
318,0,-1.0,418,0,5
418,5,20.0,410,1,0
487,1,-1.0,387,0,1
387,1,-1.0,287,0,1
287,1,-1.0,187,0,1
187,1,-1.0,87,0,4
87,4,-1.0,99,0,3
99,3,-1.0,79,0,0
79,0,-1.0,179,0,0
179,0,-1.0,279,0,0
279,0,-1.0,379,0,0
379,0,-1.0,479,0,5
479,5,20.0,475,1,0
166,2,-1.0,186,0,5
186,5,-10.0,186,0,1
186,1,-1.0,86,0,4
86,4,-1.0,98,0,3
98,3,-1.0,78,0,0
78,0,-1.0,178,0,0
178,0,-1.0,278,0,3
278,3,-1.0,258,0,3
258,3,-1.0,238,0,1
238,1,-1.0,138,0,3
138,3,-1.0,118,0,0
118,0,-1.0,218,0,0
218,0,-1.0,318,0,0
318,0,-1.0,418,0,5
418,5,20.0,410,1,0
382,1,-1.0,282,0,3
282,3,-1.0,262,0,3
262,3,-1.0,242,0,5
242,5,-10.0,242,0,3
242,3,-1.0,222,0,1
222,1,-1.0,122,0,3
122,3,-1.0,102,0,1
102,1,-1.0,2,0,4
2,4,-1.0,18,0,0
18,0,-1.0,118,0,0
118,0,-1.0,218,0,0
218,0,-1.0,318,0,0
318,0,-1.0,418,0,5
418,5,20.0,410,1,0
327,0,-1.0,427,0,1
427,1,-1.0,327,0,0
327,0,-1.0,427,0,1
427,1,-1.0,327,0,2
327,2,-1.0,347,0,4
347,4,-10.0,347,0,3
347,3,-1.0,327,0,2
327,2,-1.0,347,0,0
347,0,-1.0,447,0,1
447,1,-1.0,347,0,1
347,1,-1.0,247,0,2
247,2,-1.0,267,0,2
267,2,-1.0,287,0,1
287,1,-1.0,187,0,1
187,1,-1.0,87,0,4
87,4,-1.0,99,0,3
99,3,-1.0,79,0,0
79,0,-1.0,179,0,0
179,0,-1.0,279,0,0
279,0,-1.0,379,0,0
379,0,-1.0,479,0,1
479,1,-1.0,379,0,0
379,0,-1.0,479,0,5
479,5,20.0,475,1,0
7,2,-1.0,27,0,0
27,0,-1.0,127,0,0
127,0,-1.0,227,0,2
227,2,-1.0,247,0,1
247,1,-1.0,147,0,2
147,2,-1.0,167,0,2
167,2,-1.0,187,0,0
187,0,-1.0,287,0,1
287,1,-1.0,187,0,1
187,1,-1.0,87,0,4
87,4,-1.0,99,0,3
99,3,-1.0,79,0,0
79,0,-1.0,179,0,0
179,0,-1.0,279,0,0
279,0,-1.0,379,0,4
379,4,-10.0,379,0,3
379,3,-1.0,379,0,5
379,5,-10.0,379,0,0
379,0,-1.0,479,0,5
479,5,20.0,475,1,0
469,0,-1.0,469,0,1
469,1,-1.0,369,0,1
369,1,-1.0,269,0,3
269,3,-1.0,249,0,3
249,3,-1.0,229,0,3
229,3,-1.0,209,0,0
209,0,-1.0,309,0,0
309,0,-1.0,409,0,4
409,4,-1.0,417,0,1
417,1,-1.0,317,0,1
317,1,-1.0,217,0,2
217,2,-1.0,237,0,2
237,2,-1.0,257,0,4
257,4,-10.0,257,0,1
257,1,-1.0,157,0,2
157,2,-1.0,177,0,2
177,2,-1.0,197,0,1
197,1,-1.0,97,0,5
97,5,20.0,85,1,0
388,3,-1.0,368,0,1
368,1,-1.0,268,0,3
268,3,-1.0,248,0,3
248,3,-1.0,228,0,3
228,3,-1.0,208,0,0
208,0,-1.0,308,0,0
308,0,-1.0,408,0,0
408,0,-1.0,408,0,4
408,4,-1.0,416,0,1
416,1,-1.0,316,0,1
316,1,-1.0,216,0,1
216,1,-1.0,116,0,1
116,1,-1.0,16,0,5
16,5,20.0,0,1,0
133,0,-1.0,233,0,2
233,2,-1.0,253,0,2
253,2,-1.0,273,0,0
273,0,-1.0,373,0,0
373,0,-1.0,473,0,4
473,4,-1.0,477,0,5
477,5,-1.0,473,0,4
473,4,-1.0,477,0,2
477,2,-1.0,497,0,1
497,1,-1.0,397,0,1
397,1,-1.0,297,0,1
297,1,-1.0,197,0,1
197,1,-1.0,97,0,5
97,5,20.0,85,1,0
306,1,-1.0,206,0,2
206,2,-1.0,226,0,2
226,2,-1.0,246,0,2
246,2,-1.0,266,0,2
266,2,-1.0,286,0,1
286,1,-1.0,186,0,1
186,1,-1.0,86,0,4
86,4,-1.0,98,0,0
98,0,-1.0,198,0,0
198,0,-1.0,298,0,3
298,3,-1.0,278,0,3
278,3,-1.0,258,0,3
258,3,-1.0,238,0,3
238,3,-1.0,218,0,0
218,0,-1.0,318,0,0
318,0,-1.0,418,0,5
418,5,20.0,410,1,0
211,0,-1.0,311,0,4
311,4,-10.0,311,0,0
311,0,-1.0,411,0,4
411,4,-1.0,419,0,3
419,3,-1.0,419,0,1
419,1,-1.0,319,0,1
319,1,-1.0,219,0,2
219,2,-1.0,239,0,2
239,2,-1.0,259,0,2
259,2,-1.0,279,0,0
279,0,-1.0,379,0,0
379,0,-1.0,479,0,5
479,5,20.0,475,1,0
464,1,-1.0,364,0,1
364,1,-1.0,264,0,2
264,2,-1.0,284,0,1
284,1,-1.0,184,0,4
184,4,-10.0,184,0,1
184,1,-1.0,84,0,4
84,4,-1.0,96,0,0
96,0,-1.0,196,0,3
196,3,-1.0,176,0,0
176,0,-1.0,276,0,3
276,3,-1.0,256,0,3
256,3,-1.0,236,0,1
236,1,-1.0,136,0,3
136,3,-1.0,116,0,1
116,1,-1.0,16,0,5
16,5,20.0,0,1,0
471,1,-1.0,371,0,0
371,0,-1.0,471,0,1
471,1,-1.0,371,0,1
371,1,-1.0,271,0,3
271,3,-1.0,251,0,3
251,3,-1.0,231,0,3
231,3,-1.0,211,0,0
211,0,-1.0,311,0,0
311,0,-1.0,411,0,4
411,4,-1.0,419,0,1
419,1,-1.0,319,0,1
319,1,-1.0,219,0,2
219,2,-1.0,239,0,2
239,2,-1.0,259,0,2
259,2,-1.0,279,0,0
279,0,-1.0,379,0,2
379,2,-1.0,399,0,3
399,3,-1.0,379,0,0
379,0,-1.0,479,0,5
479,5,20.0,475,1,0
92,0,-1.0,192,0,0
192,0,-1.0,292,0,3
292,3,-1.0,272,0,0
272,0,-1.0,372,0,0
372,0,-1.0,472,0,4
472,4,-1.0,476,0,1
476,1,-1.0,376,0,1
376,1,-1.0,276,0,3
276,3,-1.0,256,0,3
256,3,-1.0,236,0,1
236,1,-1.0,136,0,5
136,5,-10.0,136,0,3
136,3,-1.0,116,0,1
116,1,-1.0,16,0,3
16,3,-1.0,16,0,5
16,5,20.0,0,1,0
172,0,-1.0,272,0,0
272,0,-1.0,372,0,0
372,0,-1.0,472,0,4
472,4,-1.0,476,0,1
476,1,-1.0,376,0,1
376,1,-1.0,276,0,3
276,3,-1.0,256,0,3
256,3,-1.0,236,0,1
236,1,-1.0,136,0,3
136,3,-1.0,116,0,5
116,5,-10.0,116,0,1
116,1,-1.0,16,0,5
16,5,20.0,0,1,0
486,1,-1.0,386,0,1
386,1,-1.0,286,0,1
286,1,-1.0,186,0,1
186,1,-1.0,86,0,4
86,4,-1.0,98,0,0
98,0,-1.0,198,0,0
198,0,-1.0,298,0,3
298,3,-1.0,278,0,3
278,3,-1.0,258,0,3
258,3,-1.0,238,0,3
238,3,-1.0,218,0,0
218,0,-1.0,318,0,0
318,0,-1.0,418,0,4
418,4,-10.0,418,0,5
418,5,20.0,410,1,0
107,2,-1.0,127,0,0
127,0,-1.0,227,0,2
227,2,-1.0,247,0,2
247,2,-1.0,267,0,2
267,2,-1.0,287,0,1
287,1,-1.0,187,0,1
187,1,-1.0,87,0,4
87,4,-1.0,99,0,3
99,3,-1.0,79,0,0
79,0,-1.0,179,0,0
179,0,-1.0,279,0,0
279,0,-1.0,379,0,0
379,0,-1.0,479,0,4
479,4,-10.0,479,0,5
479,5,20.0,475,1,0
23,0,-1.0,123,0,3
123,3,-1.0,103,0,1
103,1,-1.0,3,0,4
3,4,-1.0,19,0,0
19,0,-1.0,119,0,0
119,0,-1.0,219,0,2
219,2,-1.0,239,0,2
239,2,-1.0,259,0,2
259,2,-1.0,279,0,3
279,3,-1.0,259,0,2
259,2,-1.0,279,0,0
279,0,-1.0,379,0,0
379,0,-1.0,479,0,2
479,2,-1.0,499,0,3
499,3,-1.0,479,0,5
479,5,20.0,475,1,0
334,2,-1.0,354,0,1
354,1,-1.0,254,0,2
254,2,-1.0,274,0,0
274,0,-1.0,374,0,0
374,0,-1.0,474,0,4
474,4,-1.0,478,0,1
478,1,-1.0,378,0,1
378,1,-1.0,278,0,3
278,3,-1.0,258,0,3
258,3,-1.0,238,0,3
238,3,-1.0,218,0,1
218,1,-1.0,118,0,0
118,0,-1.0,218,0,0
218,0,-1.0,318,0,0
318,0,-1.0,418,0,5
418,5,20.0,410,1,0
9,0,-1.0,109,0,0
109,0,-1.0,209,0,0
209,0,-1.0,309,0,0
309,0,-1.0,409,0,4
409,4,-1.0,417,0,1
417,1,-1.0,317,0,1
317,1,-1.0,217,0,2
217,2,-1.0,237,0,2
237,2,-1.0,257,0,1
257,1,-1.0,157,0,2
157,2,-1.0,177,0,2
177,2,-1.0,197,0,1
197,1,-1.0,97,0,5
97,5,20.0,85,1,0
229,3,-1.0,209,0,0
209,0,-1.0,309,0,0
309,0,-1.0,409,0,4
409,4,-1.0,417,0,1
417,1,-1.0,317,0,1
317,1,-1.0,217,0,2
217,2,-1.0,237,0,2
237,2,-1.0,257,0,1
257,1,-1.0,157,0,2
157,2,-1.0,177,0,2
177,2,-1.0,197,0,1
197,1,-1.0,97,0,5
97,5,20.0,85,1,0
272,0,-1.0,372,0,0
372,0,-1.0,472,0,4
472,4,-1.0,476,0,1
476,1,-1.0,376,0,1
376,1,-1.0,276,0,3
276,3,-1.0,256,0,3
256,3,-1.0,236,0,1
236,1,-1.0,136,0,3
136,3,-1.0,116,0,1
116,1,-1.0,16,0,5
16,5,20.0,0,1,0
443,1,-1.0,343,0,1
343,1,-1.0,243,0,3
243,3,-1.0,223,0,1
223,1,-1.0,123,0,3
123,3,-1.0,103,0,1
103,1,-1.0,3,0,4
3,4,-1.0,19,0,0
19,0,-1.0,119,0,0
119,0,-1.0,219,0,2
219,2,-1.0,239,0,2
239,2,-1.0,259,0,2
259,2,-1.0,279,0,0
279,0,-1.0,379,0,1
379,1,-1.0,279,0,0
279,0,-1.0,379,0,0
379,0,-1.0,479,0,5
479,5,20.0,475,1,0
252,2,-1.0,272,0,0
272,0,-1.0,372,0,0
372,0,-1.0,472,0,4
472,4,-1.0,476,0,1
476,1,-1.0,376,0,1
376,1,-1.0,276,0,3
276,3,-1.0,256,0,3
256,3,-1.0,236,0,1
236,1,-1.0,136,0,3
136,3,-1.0,116,0,1
116,1,-1.0,16,0,5
16,5,20.0,0,1,0
423,1,-1.0,323,0,1
323,1,-1.0,223,0,1
223,1,-1.0,123,0,3
123,3,-1.0,103,0,1
103,1,-1.0,3,0,4
3,4,-1.0,19,0,0
19,0,-1.0,119,0,0
119,0,-1.0,219,0,2
219,2,-1.0,239,0,2
239,2,-1.0,259,0,2
259,2,-1.0,279,0,0
279,0,-1.0,379,0,0
379,0,-1.0,479,0,5
479,5,20.0,475,1,0
84,4,-1.0,96,0,0
96,0,-1.0,196,0,3
196,3,-1.0,176,0,0
176,0,-1.0,276,0,3
276,3,-1.0,256,0,3
256,3,-1.0,236,0,3
236,3,-1.0,216,0,0
216,0,-1.0,316,0,1
316,1,-1.0,216,0,1
216,1,-1.0,116,0,1
116,1,-1.0,16,0,5
16,5,20.0,0,1,0
446,1,-1.0,346,0,1
346,1,-1.0,246,0,2
246,2,-1.0,266,0,2
266,2,-1.0,286,0,1
286,1,-1.0,186,0,5
186,5,-10.0,186,0,1
186,1,-1.0,86,0,4
86,4,-1.0,98,0,5
98,5,-1.0,86,0,4
86,4,-1.0,98,0,0
98,0,-1.0,198,0,0
198,0,-1.0,298,0,3
298,3,-1.0,278,0,3
278,3,-1.0,258,0,3
258,3,-1.0,238,0,3
238,3,-1.0,218,0,0
218,0,-1.0,318,0,0
318,0,-1.0,418,0,5
418,5,20.0,410,1,0
134,0,-1.0,234,0,2
234,2,-1.0,254,0,2
254,2,-1.0,274,0,0
274,0,-1.0,374,0,0
374,0,-1.0,474,0,4
474,4,-1.0,478,0,1
478,1,-1.0,378,0,1
378,1,-1.0,278,0,3
278,3,-1.0,258,0,3
258,3,-1.0,238,0,3
238,3,-1.0,218,0,5
218,5,-10.0,218,0,0
218,0,-1.0,318,0,0
318,0,-1.0,418,0,5
418,5,20.0,410,1,0
448,1,-1.0,348,0,1
348,1,-1.0,248,0,3
248,3,-1.0,228,0,3
228,3,-1.0,208,0,0
208,0,-1.0,308,0,5
308,5,-10.0,308,0,2
308,2,-1.0,308,0,0
308,0,-1.0,408,0,4
408,4,-1.0,416,0,1
416,1,-1.0,316,0,1
316,1,-1.0,216,0,1
216,1,-1.0,116,0,1
116,1,-1.0,16,0,5
16,5,20.0,0,1,0
52,0,-1.0,152,0,2
152,2,-1.0,172,0,0
172,0,-1.0,272,0,0
272,0,-1.0,372,0,5
372,5,-10.0,372,0,0
372,0,-1.0,472,0,4
472,4,-1.0,476,0,5
476,5,-1.0,472,0,4
472,4,-1.0,476,0,1
476,1,-1.0,376,0,1
376,1,-1.0,276,0,3
276,3,-1.0,256,0,3
256,3,-1.0,236,0,1
236,1,-1.0,136,0,3
136,3,-1.0,116,0,1
116,1,-1.0,16,0,5
16,5,20.0,0,1,0
6,0,-1.0,106,0,0
106,0,-1.0,206,0,2
206,2,-1.0,226,0,2
226,2,-1.0,246,0,2
246,2,-1.0,266,0,2
266,2,-1.0,286,0,1
286,1,-1.0,186,0,1
186,1,-1.0,86,0,4
86,4,-1.0,98,0,0
98,0,-1.0,198,0,4
198,4,-10.0,198,0,0
198,0,-1.0,298,0,2
298,2,-1.0,298,0,3
298,3,-1.0,278,0,3
278,3,-1.0,258,0,3
258,3,-1.0,238,0,3
238,3,-1.0,218,0,0
218,0,-1.0,318,0,0
318,0,-1.0,418,0,5
418,5,20.0,410,1,0
342,1,-1.0,242,0,3
242,3,-1.0,222,0,1
222,1,-1.0,122,0,3
122,3,-1.0,102,0,1
102,1,-1.0,2,0,4
2,4,-1.0,18,0,0
18,0,-1.0,118,0,0
118,0,-1.0,218,0,0
218,0,-1.0,318,0,0
318,0,-1.0,418,0,5
418,5,20.0,410,1,0
323,1,-1.0,223,0,1
223,1,-1.0,123,0,3
123,3,-1.0,103,0,1
103,1,-1.0,3,0,4
3,4,-1.0,19,0,0
19,0,-1.0,119,0,0
119,0,-1.0,219,0,2
219,2,-1.0,239,0,2
239,2,-1.0,259,0,2
259,2,-1.0,279,0,0
279,0,-1.0,379,0,0
379,0,-1.0,479,0,5
479,5,20.0,475,1,0
31,0,-1.0,131,0,3
131,3,-1.0,111,0,0
111,0,-1.0,211,0,0
211,0,-1.0,311,0,0
311,0,-1.0,411,0,4
411,4,-1.0,419,0,1
419,1,-1.0,319,0,1
319,1,-1.0,219,0,2
219,2,-1.0,239,0,2
239,2,-1.0,259,0,2
259,2,-1.0,279,0,0
279,0,-1.0,379,0,0
379,0,-1.0,479,0,5
479,5,20.0,475,1,0
251,3,-1.0,231,0,3
231,3,-1.0,211,0,0
211,0,-1.0,311,0,0
311,0,-1.0,411,0,4
411,4,-1.0,419,0,1
419,1,-1.0,319,0,1
319,1,-1.0,219,0,0
219,0,-1.0,319,0,1
319,1,-1.0,219,0,3
219,3,-1.0,219,0,2
219,2,-1.0,239,0,2
239,2,-1.0,259,0,2
259,2,-1.0,279,0,0
279,0,-1.0,379,0,0
379,0,-1.0,479,0,5
479,5,20.0,475,1,0
368,1,-1.0,268,0,3
268,3,-1.0,248,0,3
248,3,-1.0,228,0,3
228,3,-1.0,208,0,0
208,0,-1.0,308,0,0
308,0,-1.0,408,0,4
408,4,-1.0,416,0,1
416,1,-1.0,316,0,1
316,1,-1.0,216,0,1
216,1,-1.0,116,0,1
116,1,-1.0,16,0,5
16,5,20.0,0,1,0
1,4,-1.0,17,0,0
17,0,-1.0,117,0,2
117,2,-1.0,137,0,0
137,0,-1.0,237,0,2
237,2,-1.0,257,0,1
257,1,-1.0,157,0,2
157,2,-1.0,177,0,0
177,0,-1.0,277,0,5
277,5,-10.0,277,0,4
277,4,-10.0,277,0,1
277,1,-1.0,177,0,2
177,2,-1.0,197,0,1
197,1,-1.0,97,0,5
97,5,20.0,85,1,0
168,0,-1.0,268,0,4
268,4,-10.0,268,0,3
268,3,-1.0,248,0,3
248,3,-1.0,228,0,3
228,3,-1.0,208,0,0
208,0,-1.0,308,0,0
308,0,-1.0,408,0,4
408,4,-1.0,416,0,1
416,1,-1.0,316,0,1
316,1,-1.0,216,0,1
216,1,-1.0,116,0,2
116,2,-1.0,136,0,3
136,3,-1.0,116,0,1
116,1,-1.0,16,0,5
16,5,20.0,0,1,0
153,0,-1.0,253,0,2
253,2,-1.0,273,0,5
273,5,-10.0,273,0,0
273,0,-1.0,373,0,0
373,0,-1.0,473,0,4
473,4,-1.0,477,0,2
477,2,-1.0,497,0,1
497,1,-1.0,397,0,0
397,0,-1.0,497,0,2
497,2,-1.0,497,0,1
497,1,-1.0,397,0,1
397,1,-1.0,297,0,1
297,1,-1.0,197,0,1
197,1,-1.0,97,0,5
97,5,20.0,85,1,0
453,1,-1.0,353,0,1
353,1,-1.0,253,0,2
253,2,-1.0,273,0,0
273,0,-1.0,373,0,0
373,0,-1.0,473,0,0
473,0,-1.0,473,0,4
473,4,-1.0,477,0,2
477,2,-1.0,497,0,1
497,1,-1.0,397,0,1
397,1,-1.0,297,0,3
297,3,-1.0,277,0,1
277,1,-1.0,177,0,4
177,4,-10.0,177,0,2
177,2,-1.0,197,0,1
197,1,-1.0,97,0,5
97,5,20.0,85,1,0
228,3,-1.0,208,0,0
208,0,-1.0,308,0,0
308,0,-1.0,408,0,4
408,4,-1.0,416,0,1
416,1,-1.0,316,0,1
316,1,-1.0,216,0,1
216,1,-1.0,116,0,1
116,1,-1.0,16,0,5
16,5,20.0,0,1,0
308,0,-1.0,408,0,4
408,4,-1.0,416,0,1
416,1,-1.0,316,0,1
316,1,-1.0,216,0,1
216,1,-1.0,116,0,1
116,1,-1.0,16,0,0
16,0,-1.0,116,0,1
116,1,-1.0,16,0,5
16,5,20.0,0,1,0
332,0,-1.0,432,0,1
432,1,-1.0,332,0,1
332,1,-1.0,232,0,2
232,2,-1.0,252,0,2
252,2,-1.0,272,0,0
272,0,-1.0,372,0,0
372,0,-1.0,472,0,4
472,4,-1.0,476,0,1
476,1,-1.0,376,0,1
376,1,-1.0,276,0,3
276,3,-1.0,256,0,3
256,3,-1.0,236,0,1
236,1,-1.0,136,0,3
136,3,-1.0,116,0,1
116,1,-1.0,16,0,5
16,5,20.0,0,1,0
481,1,-1.0,381,0,1
381,1,-1.0,281,0,3
281,3,-1.0,261,0,3
261,3,-1.0,241,0,3
241,3,-1.0,221,0,2
221,2,-1.0,241,0,3
241,3,-1.0,221,0,1
221,1,-1.0,121,0,1
121,1,-1.0,21,0,3
21,3,-1.0,1,0,4
1,4,-1.0,17,0,0
17,0,-1.0,117,0,2
117,2,-1.0,137,0,0
137,0,-1.0,237,0,2
237,2,-1.0,257,0,1
257,1,-1.0,157,0,2
157,2,-1.0,177,0,1
177,1,-1.0,77,0,2
77,2,-1.0,97,0,5
97,5,20.0,85,1,0
326,1,-1.0,226,0,2
226,2,-1.0,246,0,2
246,2,-1.0,266,0,2
266,2,-1.0,286,0,1
286,1,-1.0,186,0,1
186,1,-1.0,86,0,4
86,4,-1.0,98,0,0
98,0,-1.0,198,0,0
198,0,-1.0,298,0,3
298,3,-1.0,278,0,3
278,3,-1.0,258,0,3
258,3,-1.0,238,0,3
238,3,-1.0,218,0,0
218,0,-1.0,318,0,0
318,0,-1.0,418,0,1
418,1,-1.0,318,0,0
318,0,-1.0,418,0,5
418,5,20.0,410,1,0
213,2,-1.0,233,0,2
233,2,-1.0,253,0,2
253,2,-1.0,273,0,0
273,0,-1.0,373,0,3
373,3,-1.0,373,0,0
373,0,-1.0,473,0,4
473,4,-1.0,477,0,2
477,2,-1.0,497,0,1
497,1,-1.0,397,0,1
397,1,-1.0,297,0,1
297,1,-1.0,197,0,1
197,1,-1.0,97,0,5
97,5,20.0,85,1,0
493,3,-1.0,473,0,4
473,4,-1.0,477,0,2
477,2,-1.0,497,0,1
497,1,-1.0,397,0,1
397,1,-1.0,297,0,1
297,1,-1.0,197,0,1
197,1,-1.0,97,0,2
97,2,-1.0,97,0,5
97,5,20.0,85,1,0
186,1,-1.0,86,0,4
86,4,-1.0,98,0,0
98,0,-1.0,198,0,0
198,0,-1.0,298,0,3
298,3,-1.0,278,0,3
278,3,-1.0,258,0,3
258,3,-1.0,238,0,3
238,3,-1.0,218,0,5
218,5,-10.0,218,0,0
218,0,-1.0,318,0,0
318,0,-1.0,418,0,5
418,5,20.0,410,1,0
108,0,-1.0,208,0,5
208,5,-10.0,208,0,0
208,0,-1.0,308,0,0
308,0,-1.0,408,0,4
408,4,-1.0,416,0,1
416,1,-1.0,316,0,1
316,1,-1.0,216,0,1
216,1,-1.0,116,0,1
116,1,-1.0,16,0,5
16,5,20.0,0,1,0
147,2,-1.0,167,0,2
167,2,-1.0,187,0,1
187,1,-1.0,87,0,4
87,4,-1.0,99,0,3
99,3,-1.0,79,0,0
79,0,-1.0,179,0,0
179,0,-1.0,279,0,0
279,0,-1.0,379,0,0
379,0,-1.0,479,0,4
479,4,-10.0,479,0,3
479,3,-1.0,479,0,5
479,5,20.0,475,1,0
163,0,-1.0,263,0,3
263,3,-1.0,243,0,3
243,3,-1.0,223,0,2
223,2,-1.0,243,0,3
243,3,-1.0,223,0,1
223,1,-1.0,123,0,3
123,3,-1.0,103,0,1
103,1,-1.0,3,0,4
3,4,-1.0,19,0,0
19,0,-1.0,119,0,0
119,0,-1.0,219,0,2
219,2,-1.0,239,0,2
239,2,-1.0,259,0,2
259,2,-1.0,279,0,0
279,0,-1.0,379,0,0
379,0,-1.0,479,0,5
479,5,20.0,475,1,0
281,3,-1.0,261,0,3
261,3,-1.0,241,0,3
241,3,-1.0,221,0,1
221,1,-1.0,121,0,1
121,1,-1.0,21,0,3
21,3,-1.0,1,0,4
1,4,-1.0,17,0,0
17,0,-1.0,117,0,2
117,2,-1.0,137,0,0
137,0,-1.0,237,0,2
237,2,-1.0,257,0,1
257,1,-1.0,157,0,2
157,2,-1.0,177,0,2
177,2,-1.0,197,0,1
197,1,-1.0,97,0,5
97,5,20.0,85,1,0
227,2,-1.0,247,0,2
247,2,-1.0,267,0,2
267,2,-1.0,287,0,0
287,0,-1.0,387,0,2
387,2,-1.0,387,0,1
387,1,-1.0,287,0,1
287,1,-1.0,187,0,1
187,1,-1.0,87,0,4
87,4,-1.0,99,0,3
99,3,-1.0,79,0,0
79,0,-1.0,179,0,0
179,0,-1.0,279,0,0
279,0,-1.0,379,0,0
379,0,-1.0,479,0,5
479,5,20.0,475,1,0
229,3,-1.0,209,0,0
209,0,-1.0,309,0,0
309,0,-1.0,409,0,4
409,4,-1.0,417,0,1
417,1,-1.0,317,0,1
317,1,-1.0,217,0,2
217,2,-1.0,237,0,2
237,2,-1.0,257,0,1
257,1,-1.0,157,0,2
157,2,-1.0,177,0,2
177,2,-1.0,197,0,1
197,1,-1.0,97,0,5
97,5,20.0,85,1,0
328,1,-1.0,228,0,3
228,3,-1.0,208,0,0
208,0,-1.0,308,0,0
308,0,-1.0,408,0,4
408,4,-1.0,416,0,1
416,1,-1.0,316,0,1
316,1,-1.0,216,0,1
216,1,-1.0,116,0,2
116,2,-1.0,136,0,3
136,3,-1.0,116,0,1
116,1,-1.0,16,0,5
16,5,20.0,0,1,0
383,1,-1.0,283,0,3
283,3,-1.0,263,0,3
263,3,-1.0,243,0,3
243,3,-1.0,223,0,1
223,1,-1.0,123,0,3
123,3,-1.0,103,0,1
103,1,-1.0,3,0,4
3,4,-1.0,19,0,0
19,0,-1.0,119,0,0
119,0,-1.0,219,0,2
219,2,-1.0,239,0,2
239,2,-1.0,259,0,2
259,2,-1.0,279,0,0
279,0,-1.0,379,0,0
379,0,-1.0,479,0,5
479,5,20.0,475,1,0
74,0,-1.0,174,0,0
174,0,-1.0,274,0,0
274,0,-1.0,374,0,0
374,0,-1.0,474,0,4
474,4,-1.0,478,0,1
478,1,-1.0,378,0,1
378,1,-1.0,278,0,3
278,3,-1.0,258,0,1
258,1,-1.0,158,0,0
158,0,-1.0,258,0,3
258,3,-1.0,238,0,3
238,3,-1.0,218,0,0
218,0,-1.0,318,0,0
318,0,-1.0,418,0,5
418,5,20.0,410,1,0
67,2,-1.0,87,0,4
87,4,-1.0,99,0,3
99,3,-1.0,79,0,0
79,0,-1.0,179,0,0
179,0,-1.0,279,0,0
279,0,-1.0,379,0,0
379,0,-1.0,479,0,5
479,5,20.0,475,1,0
334,2,-1.0,354,0,1
354,1,-1.0,254,0,2
254,2,-1.0,274,0,0
274,0,-1.0,374,0,0
374,0,-1.0,474,0,4
474,4,-1.0,478,0,1
478,1,-1.0,378,0,2
378,2,-1.0,398,0,1
398,1,-1.0,298,0,3
298,3,-1.0,278,0,3
278,3,-1.0,258,0,3
258,3,-1.0,238,0,3
238,3,-1.0,218,0,0
218,0,-1.0,318,0,0
318,0,-1.0,418,0,5
418,5,20.0,410,1,0
427,1,-1.0,327,0,4
327,4,-10.0,327,0,2
327,2,-1.0,347,0,1
347,1,-1.0,247,0,2
247,2,-1.0,267,0,2
267,2,-1.0,287,0,1
287,1,-1.0,187,0,1
187,1,-1.0,87,0,4
87,4,-1.0,99,0,3
99,3,-1.0,79,0,0
79,0,-1.0,179,0,0
179,0,-1.0,279,0,0
279,0,-1.0,379,0,0
379,0,-1.0,479,0,5
479,5,20.0,475,1,0
288,3,-1.0,268,0,3
268,3,-1.0,248,0,3
248,3,-1.0,228,0,3
228,3,-1.0,208,0,0
208,0,-1.0,308,0,0
308,0,-1.0,408,0,2
408,2,-1.0,408,0,4
408,4,-1.0,416,0,1
416,1,-1.0,316,0,1
316,1,-1.0,216,0,1
216,1,-1.0,116,0,1
116,1,-1.0,16,0,5
16,5,20.0,0,1,0
364,1,-1.0,264,0,2
264,2,-1.0,284,0,1
284,1,-1.0,184,0,1
184,1,-1.0,84,0,4
84,4,-1.0,96,0,0
96,0,-1.0,196,0,3
196,3,-1.0,176,0,0
176,0,-1.0,276,0,3
276,3,-1.0,256,0,3
256,3,-1.0,236,0,1
236,1,-1.0,136,0,3
136,3,-1.0,116,0,1
116,1,-1.0,16,0,4
16,4,-10.0,16,0,5
16,5,20.0,0,1,0
289,5,-10.0,289,0,3
289,3,-1.0,269,0,3
269,3,-1.0,249,0,3
249,3,-1.0,229,0,3
229,3,-1.0,209,0,0
209,0,-1.0,309,0,0
309,0,-1.0,409,0,4
409,4,-1.0,417,0,1
417,1,-1.0,317,0,1
317,1,-1.0,217,0,2
217,2,-1.0,237,0,2
237,2,-1.0,257,0,1
257,1,-1.0,157,0,2
157,2,-1.0,177,0,2
177,2,-1.0,197,0,1
197,1,-1.0,97,0,5
97,5,20.0,85,1,0
153,0,-1.0,253,0,2
253,2,-1.0,273,0,0
273,0,-1.0,373,0,0
373,0,-1.0,473,0,4
473,4,-1.0,477,0,2
477,2,-1.0,497,0,1
497,1,-1.0,397,0,1
397,1,-1.0,297,0,1
297,1,-1.0,197,0,3
197,3,-1.0,177,0,2
177,2,-1.0,197,0,1
197,1,-1.0,97,0,5
97,5,20.0,85,1,0
483,1,-1.0,383,0,1
383,1,-1.0,283,0,3
283,3,-1.0,263,0,3
263,3,-1.0,243,0,3
243,3,-1.0,223,0,1
223,1,-1.0,123,0,5
123,5,-10.0,123,0,3
123,3,-1.0,103,0,1
103,1,-1.0,3,0,0
3,0,-1.0,103,0,1
103,1,-1.0,3,0,4
3,4,-1.0,19,0,0
19,0,-1.0,119,0,0
119,0,-1.0,219,0,2
219,2,-1.0,239,0,2
239,2,-1.0,259,0,2
259,2,-1.0,279,0,0
279,0,-1.0,379,0,0
379,0,-1.0,479,0,4
479,4,-10.0,479,0,5
479,5,20.0,475,1,0
12,0,-1.0,112,0,1
112,1,-1.0,12,0,0
12,0,-1.0,112,0,0
112,0,-1.0,212,0,2
212,2,-1.0,232,0,2
232,2,-1.0,252,0,2
252,2,-1.0,272,0,0
272,0,-1.0,372,0,1
372,1,-1.0,272,0,0
272,0,-1.0,372,0,0
372,0,-1.0,472,0,4
472,4,-1.0,476,0,1
476,1,-1.0,376,0,1
376,1,-1.0,276,0,3
276,3,-1.0,256,0,3
256,3,-1.0,236,0,1
236,1,-1.0,136,0,3
136,3,-1.0,116,0,2
116,2,-1.0,136,0,3
136,3,-1.0,116,0,1
116,1,-1.0,16,0,5
16,5,20.0,0,1,0
471,1,-1.0,371,0,1
371,1,-1.0,271,0,3
271,3,-1.0,251,0,3
251,3,-1.0,231,0,3
231,3,-1.0,211,0,0
211,0,-1.0,311,0,1
311,1,-1.0,211,0,5
211,5,-10.0,211,0,0
211,0,-1.0,311,0,0
311,0,-1.0,411,0,4
411,4,-1.0,419,0,1
419,1,-1.0,319,0,1
319,1,-1.0,219,0,2
219,2,-1.0,239,0,2
239,2,-1.0,259,0,2
259,2,-1.0,279,0,0
279,0,-1.0,379,0,0
379,0,-1.0,479,0,5
479,5,20.0,475,1,0
122,3,-1.0,102,0,1
102,1,-1.0,2,0,4
2,4,-1.0,18,0,0
18,0,-1.0,118,0,0
118,0,-1.0,218,0,0
218,0,-1.0,318,0,0
318,0,-1.0,418,0,5
418,5,20.0,410,1,0
414,1,-1.0,314,0,1
314,1,-1.0,214,0,2
214,2,-1.0,234,0,2
234,2,-1.0,254,0,2
254,2,-1.0,274,0,0
274,0,-1.0,374,0,1
374,1,-1.0,274,0,2
274,2,-1.0,294,0,3
294,3,-1.0,274,0,0
274,0,-1.0,374,0,0
374,0,-1.0,474,0,4
474,4,-1.0,478,0,1
478,1,-1.0,378,0,1
378,1,-1.0,278,0,3
278,3,-1.0,258,0,3
258,3,-1.0,238,0,3
238,3,-1.0,218,0,0
218,0,-1.0,318,0,0
318,0,-1.0,418,0,5
418,5,20.0,410,1,0
364,4,-10.0,364,0,1
364,1,-1.0,264,0,2
264,2,-1.0,284,0,1
284,1,-1.0,184,0,1
184,1,-1.0,84,0,4
84,4,-1.0,96,0,0
96,0,-1.0,196,0,3
196,3,-1.0,176,0,0
176,0,-1.0,276,0,3
276,3,-1.0,256,0,3
256,3,-1.0,236,0,1
236,1,-1.0,136,0,3
136,3,-1.0,116,0,1
116,1,-1.0,16,0,5
16,5,20.0,0,1,0
421,1,-1.0,321,0,1
321,1,-1.0,221,0,1
221,1,-1.0,121,0,1
121,1,-1.0,21,0,2
21,2,-1.0,21,0,3
21,3,-1.0,1,0,4
1,4,-1.0,17,0,0
17,0,-1.0,117,0,2
117,2,-1.0,137,0,0
137,0,-1.0,237,0,2
237,2,-1.0,257,0,1
257,1,-1.0,157,0,2
157,2,-1.0,177,0,2
177,2,-1.0,197,0,1
197,1,-1.0,97,0,5
97,5,20.0,85,1,0
28,0,-1.0,128,0,0
128,0,-1.0,228,0,3
228,3,-1.0,208,0,0
208,0,-1.0,308,0,0
308,0,-1.0,408,0,4
408,4,-1.0,416,0,1
416,1,-1.0,316,0,1
316,1,-1.0,216,0,1
216,1,-1.0,116,0,1
116,1,-1.0,16,0,5
16,5,20.0,0,1,0
221,1,-1.0,121,0,1
121,1,-1.0,21,0,3
21,3,-1.0,1,0,4
1,4,-1.0,17,0,0
17,0,-1.0,117,0,2
117,2,-1.0,137,0,2
137,2,-1.0,137,0,0
137,0,-1.0,237,0,2
237,2,-1.0,257,0,1
257,1,-1.0,157,0,2
157,2,-1.0,177,0,2
177,2,-1.0,197,0,1
197,1,-1.0,97,0,5
97,5,20.0,85,1,0
213,2,-1.0,233,0,2
233,2,-1.0,253,0,2
253,2,-1.0,273,0,4
273,4,-10.0,273,0,0
273,0,-1.0,373,0,0
373,0,-1.0,473,0,4
473,4,-1.0,477,0,2
477,2,-1.0,497,0,1
497,1,-1.0,397,0,1
397,1,-1.0,297,0,1
297,1,-1.0,197,0,1
197,1,-1.0,97,0,5
97,5,20.0,85,1,0
309,0,-1.0,409,0,4
409,4,-1.0,417,0,1
417,1,-1.0,317,0,1
317,1,-1.0,217,0,2
217,2,-1.0,237,0,2
237,2,-1.0,257,0,1
257,1,-1.0,157,0,0
157,0,-1.0,257,0,1
257,1,-1.0,157,0,2
157,2,-1.0,177,0,2
177,2,-1.0,197,0,1
197,1,-1.0,97,0,5
97,5,20.0,85,1,0
202,1,-1.0,102,0,1
102,1,-1.0,2,0,0
2,0,-1.0,102,0,1
102,1,-1.0,2,0,4
2,4,-1.0,18,0,0
18,0,-1.0,118,0,0
118,0,-1.0,218,0,0
218,0,-1.0,318,0,0
318,0,-1.0,418,0,4
418,4,-10.0,418,0,5
418,5,20.0,410,1,0
42,0,-1.0,142,0,0
142,0,-1.0,242,0,4
242,4,-10.0,242,0,3
242,3,-1.0,222,0,1
222,1,-1.0,122,0,2
122,2,-1.0,122,0,3
122,3,-1.0,102,0,1
102,1,-1.0,2,0,2
2,2,-1.0,22,0,3
22,3,-1.0,2,0,4
2,4,-1.0,18,0,0
18,0,-1.0,118,0,0
118,0,-1.0,218,0,0
218,0,-1.0,318,0,0
318,0,-1.0,418,0,5
418,5,20.0,410,1,0
154,0,-1.0,254,0,2
254,2,-1.0,274,0,0
274,0,-1.0,374,0,0
374,0,-1.0,474,0,2
474,2,-1.0,494,0,3
494,3,-1.0,474,0,2
474,2,-1.0,494,0,3
494,3,-1.0,474,0,4
474,4,-1.0,478,0,1
478,1,-1.0,378,0,1
378,1,-1.0,278,0,3
278,3,-1.0,258,0,3
258,3,-1.0,238,0,3
238,3,-1.0,218,0,0
218,0,-1.0,318,0,0
318,0,-1.0,418,0,5
418,5,20.0,410,1,0
233,2,-1.0,253,0,2
253,2,-1.0,273,0,0
273,0,-1.0,373,0,0
373,0,-1.0,473,0,4
473,4,-1.0,477,0,2
477,2,-1.0,497,0,1
497,1,-1.0,397,0,1
397,1,-1.0,297,0,1
297,1,-1.0,197,0,1
197,1,-1.0,97,0,5
97,5,20.0,85,1,0
492,3,-1.0,472,0,4
472,4,-1.0,476,0,1
476,1,-1.0,376,0,1
376,1,-1.0,276,0,3
276,3,-1.0,256,0,3
256,3,-1.0,236,0,1
236,1,-1.0,136,0,3
136,3,-1.0,116,0,1
116,1,-1.0,16,0,5
16,5,20.0,0,1,0
451,1,-1.0,351,0,1
351,1,-1.0,251,0,3
251,3,-1.0,231,0,3
231,3,-1.0,211,0,0
211,0,-1.0,311,0,0
311,0,-1.0,411,0,4
411,4,-1.0,419,0,1
419,1,-1.0,319,0,1
319,1,-1.0,219,0,2
219,2,-1.0,239,0,2
239,2,-1.0,259,0,2
259,2,-1.0,279,0,0
279,0,-1.0,379,0,0
379,0,-1.0,479,0,5
479,5,20.0,475,1,0
73,0,-1.0,173,0,0
173,0,-1.0,273,0,0
273,0,-1.0,373,0,0
373,0,-1.0,473,0,4
473,4,-1.0,477,0,5
477,5,-1.0,473,0,2
473,2,-1.0,493,0,3
493,3,-1.0,473,0,4
473,4,-1.0,477,0,2
477,2,-1.0,497,0,1
497,1,-1.0,397,0,1
397,1,-1.0,297,0,1
297,1,-1.0,197,0,1
197,1,-1.0,97,0,2
97,2,-1.0,97,0,5
97,5,20.0,85,1,0
108,0,-1.0,208,0,0
208,0,-1.0,308,0,0
308,0,-1.0,408,0,4
408,4,-1.0,416,0,1
416,1,-1.0,316,0,1
316,1,-1.0,216,0,1
216,1,-1.0,116,0,1
116,1,-1.0,16,0,5
16,5,20.0,0,1,0
208,0,-1.0,308,0,0
308,0,-1.0,408,0,4
408,4,-1.0,416,0,1
416,1,-1.0,316,0,1
316,1,-1.0,216,0,1
216,1,-1.0,116,0,1
116,1,-1.0,16,0,5
16,5,20.0,0,1,0
42,0,-1.0,142,0,0
142,0,-1.0,242,0,3
242,3,-1.0,222,0,1
222,1,-1.0,122,0,3
122,3,-1.0,102,0,1
102,1,-1.0,2,0,4
2,4,-1.0,18,0,0
18,0,-1.0,118,0,0
118,0,-1.0,218,0,0
218,0,-1.0,318,0,0
318,0,-1.0,418,0,5
418,5,20.0,410,1,0
489,2,-1.0,489,0,1
489,1,-1.0,389,0,1
389,1,-1.0,289,0,3
289,3,-1.0,269,0,3
269,3,-1.0,249,0,3
249,3,-1.0,229,0,3
229,3,-1.0,209,0,0
209,0,-1.0,309,0,0
309,0,-1.0,409,0,4
409,4,-1.0,417,0,1
417,1,-1.0,317,0,1
317,1,-1.0,217,0,2
217,2,-1.0,237,0,2
237,2,-1.0,257,0,1
257,1,-1.0,157,0,2
157,2,-1.0,177,0,2
177,2,-1.0,197,0,1
197,1,-1.0,97,0,5
97,5,20.0,85,1,0
32,0,-1.0,132,0,0
132,0,-1.0,232,0,2
232,2,-1.0,252,0,2
252,2,-1.0,272,0,0
272,0,-1.0,372,0,1
372,1,-1.0,272,0,0
272,0,-1.0,372,0,0
372,0,-1.0,472,0,4
472,4,-1.0,476,0,1
476,1,-1.0,376,0,1
376,1,-1.0,276,0,3
276,3,-1.0,256,0,3
256,3,-1.0,236,0,1
236,1,-1.0,136,0,3
136,3,-1.0,116,0,2
116,2,-1.0,136,0,3
136,3,-1.0,116,0,1
116,1,-1.0,16,0,5
16,5,20.0,0,1,0
148,0,-1.0,248,0,3
248,3,-1.0,228,0,3
228,3,-1.0,208,0,0
208,0,-1.0,308,0,0
308,0,-1.0,408,0,4
408,4,-1.0,416,0,1
416,1,-1.0,316,0,1
316,1,-1.0,216,0,1
216,1,-1.0,116,0,1
116,1,-1.0,16,0,5
16,5,20.0,0,1,0
52,0,-1.0,152,0,2
152,2,-1.0,172,0,0
172,0,-1.0,272,0,0
272,0,-1.0,372,0,0
372,0,-1.0,472,0,4
472,4,-1.0,476,0,1
476,1,-1.0,376,0,1
376,1,-1.0,276,0,5
276,5,-10.0,276,0,3
276,3,-1.0,256,0,3
256,3,-1.0,236,0,1
236,1,-1.0,136,0,3
136,3,-1.0,116,0,1
116,1,-1.0,16,0,5
16,5,20.0,0,1,0
152,2,-1.0,172,0,0
172,0,-1.0,272,0,0
272,0,-1.0,372,0,0
372,0,-1.0,472,0,4
472,4,-1.0,476,0,1
476,1,-1.0,376,0,1
376,1,-1.0,276,0,3
276,3,-1.0,256,0,3
256,3,-1.0,236,0,1
236,1,-1.0,136,0,3
136,3,-1.0,116,0,1
116,1,-1.0,16,0,5
16,5,20.0,0,1,0
63,0,-1.0,163,0,0
163,0,-1.0,263,0,3
263,3,-1.0,243,0,3
243,3,-1.0,223,0,1
223,1,-1.0,123,0,2
123,2,-1.0,123,0,3
123,3,-1.0,103,0,1
103,1,-1.0,3,0,4
3,4,-1.0,19,0,0
19,0,-1.0,119,0,0
119,0,-1.0,219,0,2
219,2,-1.0,239,0,2
239,2,-1.0,259,0,2
259,2,-1.0,279,0,0
279,0,-1.0,379,0,0
379,0,-1.0,479,0,5
479,5,20.0,475,1,0
126,0,-1.0,226,0,2
226,2,-1.0,246,0,2
246,2,-1.0,266,0,2
266,2,-1.0,286,0,2
286,2,-1.0,286,0,1
286,1,-1.0,186,0,1
186,1,-1.0,86,0,4
86,4,-1.0,98,0,4
98,4,-10.0,98,0,0
98,0,-1.0,198,0,0
198,0,-1.0,298,0,3
298,3,-1.0,278,0,5
278,5,-10.0,278,0,3
278,3,-1.0,258,0,3
258,3,-1.0,238,0,3
238,3,-1.0,218,0,0
218,0,-1.0,318,0,0
318,0,-1.0,418,0,4
418,4,-10.0,418,0,5
418,5,20.0,410,1,0
173,0,-1.0,273,0,1
273,1,-1.0,173,0,0
173,0,-1.0,273,0,0
273,0,-1.0,373,0,0
373,0,-1.0,473,0,4
473,4,-1.0,477,0,2
477,2,-1.0,497,0,1
497,1,-1.0,397,0,1
397,1,-1.0,297,0,2
297,2,-1.0,297,0,1
297,1,-1.0,197,0,1
197,1,-1.0,97,0,5
97,5,20.0,85,1,0
369,1,-1.0,269,0,3
269,3,-1.0,249,0,3
249,3,-1.0,229,0,3
229,3,-1.0,209,0,0
209,0,-1.0,309,0,0
309,0,-1.0,409,0,4
409,4,-1.0,417,0,1
417,1,-1.0,317,0,1
317,1,-1.0,217,0,2
217,2,-1.0,237,0,2
237,2,-1.0,257,0,1
257,1,-1.0,157,0,0
157,0,-1.0,257,0,1
257,1,-1.0,157,0,2
157,2,-1.0,177,0,2
177,2,-1.0,197,0,1
197,1,-1.0,97,0,5
97,5,20.0,85,1,0
482,3,-1.0,462,0,1
462,1,-1.0,362,0,1
362,1,-1.0,262,0,3
262,3,-1.0,242,0,3
242,3,-1.0,222,0,4
222,4,-10.0,222,0,1
222,1,-1.0,122,0,3
122,3,-1.0,102,0,1
102,1,-1.0,2,0,4
2,4,-1.0,18,0,0
18,0,-1.0,118,0,0
118,0,-1.0,218,0,0
218,0,-1.0,318,0,0
318,0,-1.0,418,0,5
418,5,20.0,410,1,0
203,1,-1.0,103,0,2
103,2,-1.0,123,0,3
123,3,-1.0,103,0,5
103,5,-10.0,103,0,1
103,1,-1.0,3,0,4
3,4,-1.0,19,0,0
19,0,-1.0,119,0,0
119,0,-1.0,219,0,2
219,2,-1.0,239,0,2
239,2,-1.0,259,0,1
259,1,-1.0,159,0,0
159,0,-1.0,259,0,5
259,5,-10.0,259,0,2
259,2,-1.0,279,0,0
279,0,-1.0,379,0,0
379,0,-1.0,479,0,5
479,5,20.0,475,1,0
113,0,-1.0,213,0,2
213,2,-1.0,233,0,2
233,2,-1.0,253,0,2
253,2,-1.0,273,0,0
273,0,-1.0,373,0,0
373,0,-1.0,473,0,4
473,4,-1.0,477,0,2
477,2,-1.0,497,0,1
497,1,-1.0,397,0,1
397,1,-1.0,297,0,1
297,1,-1.0,197,0,1
197,1,-1.0,97,0,5
97,5,20.0,85,1,0
366,2,-1.0,386,0,1
386,1,-1.0,286,0,1
286,1,-1.0,186,0,1
186,1,-1.0,86,0,4
86,4,-1.0,98,0,0
98,0,-1.0,198,0,0
198,0,-1.0,298,0,3
298,3,-1.0,278,0,3
278,3,-1.0,258,0,3
258,3,-1.0,238,0,3
238,3,-1.0,218,0,0
218,0,-1.0,318,0,0
318,0,-1.0,418,0,5
418,5,20.0,410,1,0
267,2,-1.0,287,0,1
287,1,-1.0,187,0,1
187,1,-1.0,87,0,4
87,4,-1.0,99,0,3
99,3,-1.0,79,0,0
79,0,-1.0,179,0,0
179,0,-1.0,279,0,0
279,0,-1.0,379,0,0
379,0,-1.0,479,0,5
479,5,20.0,475,1,0
424,1,-1.0,324,0,1
324,1,-1.0,224,0,2
224,2,-1.0,244,0,1
244,1,-1.0,144,0,2
144,2,-1.0,164,0,2
164,2,-1.0,184,0,1
184,1,-1.0,84,0,4
84,4,-1.0,96,0,0
96,0,-1.0,196,0,3
196,3,-1.0,176,0,0
176,0,-1.0,276,0,3
276,3,-1.0,256,0,3
256,3,-1.0,236,0,1
236,1,-1.0,136,0,3
136,3,-1.0,116,0,1
116,1,-1.0,16,0,5
16,5,20.0,0,1,0
366,2,-1.0,386,0,1
386,1,-1.0,286,0,1
286,1,-1.0,186,0,1
186,1,-1.0,86,0,4
86,4,-1.0,98,0,0
98,0,-1.0,198,0,0
198,0,-1.0,298,0,5
298,5,-10.0,298,0,3
298,3,-1.0,278,0,3
278,3,-1.0,258,0,3
258,3,-1.0,238,0,3
238,3,-1.0,218,0,0
218,0,-1.0,318,0,1
318,1,-1.0,218,0,0
218,0,-1.0,318,0,0
318,0,-1.0,418,0,5
418,5,20.0,410,1,0
271,3,-1.0,251,0,3
251,3,-1.0,231,0,3
231,3,-1.0,211,0,0
211,0,-1.0,311,0,0
311,0,-1.0,411,0,4
411,4,-1.0,419,0,1
419,1,-1.0,319,0,5
319,5,-10.0,319,0,1
319,1,-1.0,219,0,2
219,2,-1.0,239,0,2
239,2,-1.0,259,0,2
259,2,-1.0,279,0,0
279,0,-1.0,379,0,3
379,3,-1.0,379,0,0
379,0,-1.0,479,0,0
479,0,-1.0,479,0,5
479,5,20.0,475,1,0
147,2,-1.0,167,0,2
167,2,-1.0,187,0,1
187,1,-1.0,87,0,4
87,4,-1.0,99,0,3
99,3,-1.0,79,0,0
79,0,-1.0,179,0,0
179,0,-1.0,279,0,0
279,0,-1.0,379,0,0
379,0,-1.0,479,0,5
479,5,20.0,475,1,0
226,2,-1.0,246,0,2
246,2,-1.0,266,0,2
266,2,-1.0,286,0,1
286,1,-1.0,186,0,1
186,1,-1.0,86,0,4
86,4,-1.0,98,0,0
98,0,-1.0,198,0,0
198,0,-1.0,298,0,3
298,3,-1.0,278,0,3
278,3,-1.0,258,0,3
258,3,-1.0,238,0,3
238,3,-1.0,218,0,0
218,0,-1.0,318,0,0
318,0,-1.0,418,0,5
418,5,20.0,410,1,0
211,0,-1.0,311,0,0
311,0,-1.0,411,0,4
411,4,-1.0,419,0,1
419,1,-1.0,319,0,1
319,1,-1.0,219,0,2
219,2,-1.0,239,0,2
239,2,-1.0,259,0,2
259,2,-1.0,279,0,0
279,0,-1.0,379,0,0
379,0,-1.0,479,0,5
479,5,20.0,475,1,0
23,3,-1.0,3,0,4
3,4,-1.0,19,0,0
19,0,-1.0,119,0,0
119,0,-1.0,219,0,2
219,2,-1.0,239,0,2
239,2,-1.0,259,0,2
259,2,-1.0,279,0,0
279,0,-1.0,379,0,0
379,0,-1.0,479,0,5
479,5,20.0,475,1,0
84,2,-1.0,84,0,4
84,4,-1.0,96,0,0
96,0,-1.0,196,0,3
196,3,-1.0,176,0,0
176,0,-1.0,276,0,3
276,3,-1.0,256,0,3
256,3,-1.0,236,0,1
236,1,-1.0,136,0,3
136,3,-1.0,116,0,1
116,1,-1.0,16,0,5
16,5,20.0,0,1,0
131,3,-1.0,111,0,4
111,4,-10.0,111,0,0
111,0,-1.0,211,0,5
211,5,-10.0,211,0,0
211,0,-1.0,311,0,0
311,0,-1.0,411,0,1
411,1,-1.0,311,0,0
311,0,-1.0,411,0,4
411,4,-1.0,419,0,1
419,1,-1.0,319,0,1
319,1,-1.0,219,0,2
219,2,-1.0,239,0,2
239,2,-1.0,259,0,2
259,2,-1.0,279,0,5
279,5,-10.0,279,0,0
279,0,-1.0,379,0,5
379,5,-10.0,379,0,0
379,0,-1.0,479,0,5
479,5,20.0,475,1,0
488,1,-1.0,388,0,3
388,3,-1.0,368,0,1
368,1,-1.0,268,0,3
268,3,-1.0,248,0,3
248,3,-1.0,228,0,3
228,3,-1.0,208,0,0
208,0,-1.0,308,0,2
308,2,-1.0,308,0,0
308,0,-1.0,408,0,4
408,4,-1.0,416,0,1
416,1,-1.0,316,0,1
316,1,-1.0,216,0,1
216,1,-1.0,116,0,1
116,1,-1.0,16,0,4
16,4,-10.0,16,0,5
16,5,20.0,0,1,0
294,3,-1.0,274,0,0
274,0,-1.0,374,0,0
374,0,-1.0,474,0,4
474,4,-1.0,478,0,1
478,1,-1.0,378,0,1
378,1,-1.0,278,0,3
278,3,-1.0,258,0,3
258,3,-1.0,238,0,3
238,3,-1.0,218,0,0
218,0,-1.0,318,0,0
318,0,-1.0,418,0,5
418,5,20.0,410,1,0
409,1,-1.0,309,0,5
309,5,-10.0,309,0,0
309,0,-1.0,409,0,4
409,4,-1.0,417,0,1
417,1,-1.0,317,0,1
317,1,-1.0,217,0,2
217,2,-1.0,237,0,2
237,2,-1.0,257,0,1
257,1,-1.0,157,0,2
157,2,-1.0,177,0,2
177,2,-1.0,197,0,1
197,1,-1.0,97,0,5
97,5,20.0,85,1,0
8,0,-1.0,108,0,0
108,0,-1.0,208,0,0
208,0,-1.0,308,0,0
308,0,-1.0,408,0,4
408,4,-1.0,416,0,1
416,1,-1.0,316,0,1
316,1,-1.0,216,0,1
216,1,-1.0,116,0,1
116,1,-1.0,16,0,5
16,5,20.0,0,1,0
431,2,-1.0,451,0,1
451,1,-1.0,351,0,1
351,1,-1.0,251,0,3
251,3,-1.0,231,0,3
231,3,-1.0,211,0,0
211,0,-1.0,311,0,0
311,0,-1.0,411,0,4
411,4,-1.0,419,0,1
419,1,-1.0,319,0,1
319,1,-1.0,219,0,2
219,2,-1.0,239,0,2
239,2,-1.0,259,0,2
259,2,-1.0,279,0,0
279,0,-1.0,379,0,0
379,0,-1.0,479,0,5
479,5,20.0,475,1,0
406,1,-1.0,306,0,1
306,1,-1.0,206,0,2
206,2,-1.0,226,0,2
226,2,-1.0,246,0,2
246,2,-1.0,266,0,2
266,2,-1.0,286,0,1
286,1,-1.0,186,0,1
186,1,-1.0,86,0,4
86,4,-1.0,98,0,0
98,0,-1.0,198,0,0
198,0,-1.0,298,0,3
298,3,-1.0,278,0,3
278,3,-1.0,258,0,3
258,3,-1.0,238,0,3
238,3,-1.0,218,0,0
218,0,-1.0,318,0,1
318,1,-1.0,218,0,0
218,0,-1.0,318,0,0
318,0,-1.0,418,0,2
418,2,-1.0,418,0,5
418,5,20.0,410,1,0
153,0,-1.0,253,0,2
253,2,-1.0,273,0,0
273,0,-1.0,373,0,0
373,0,-1.0,473,0,4
473,4,-1.0,477,0,2
477,2,-1.0,497,0,5
497,5,-10.0,497,0,1
497,1,-1.0,397,0,1
397,1,-1.0,297,0,1
297,1,-1.0,197,0,5
197,5,-10.0,197,0,1
197,1,-1.0,97,0,5
97,5,20.0,85,1,0
404,1,-1.0,304,0,1
304,1,-1.0,204,0,2
204,2,-1.0,224,0,2
224,2,-1.0,244,0,1
244,1,-1.0,144,0,2
144,2,-1.0,164,0,2
164,2,-1.0,184,0,1
184,1,-1.0,84,0,4
84,4,-1.0,96,0,0
96,0,-1.0,196,0,3
196,3,-1.0,176,0,0
176,0,-1.0,276,0,3
276,3,-1.0,256,0,3
256,3,-1.0,236,0,1
236,1,-1.0,136,0,3
136,3,-1.0,116,0,2
116,2,-1.0,136,0,3
136,3,-1.0,116,0,1
116,1,-1.0,16,0,5
16,5,20.0,0,1,0
467,2,-1.0,487,0,1
487,1,-1.0,387,0,1
387,1,-1.0,287,0,1
287,1,-1.0,187,0,1
187,1,-1.0,87,0,4
87,4,-1.0,99,0,3
99,3,-1.0,79,0,0
79,0,-1.0,179,0,0
179,0,-1.0,279,0,0
279,0,-1.0,379,0,0
379,0,-1.0,479,0,5
479,5,20.0,475,1,0
234,2,-1.0,254,0,2
254,2,-1.0,274,0,1
274,1,-1.0,174,0,0
174,0,-1.0,274,0,0
274,0,-1.0,374,0,0
374,0,-1.0,474,0,4
474,4,-1.0,478,0,3
478,3,-1.0,478,0,5
478,5,-1.0,474,0,4
474,4,-1.0,478,0,1
478,1,-1.0,378,0,1
378,1,-1.0,278,0,3
278,3,-1.0,258,0,3
258,3,-1.0,238,0,3
238,3,-1.0,218,0,0
218,0,-1.0,318,0,0
318,0,-1.0,418,0,5
418,5,20.0,410,1,0
408,4,-1.0,416,0,1
416,1,-1.0,316,0,5
316,5,-10.0,316,0,1
316,1,-1.0,216,0,1
216,1,-1.0,116,0,1
116,1,-1.0,16,0,5
16,5,20.0,0,1,0
486,1,-1.0,386,0,1
386,1,-1.0,286,0,1
286,1,-1.0,186,0,1
186,1,-1.0,86,0,4
86,4,-1.0,98,0,0
98,0,-1.0,198,0,0
198,0,-1.0,298,0,3
298,3,-1.0,278,0,3
278,3,-1.0,258,0,3
258,3,-1.0,238,0,3
238,3,-1.0,218,0,0
218,0,-1.0,318,0,0
318,0,-1.0,418,0,5
418,5,20.0,410,1,0
54,2,-1.0,74,0,0
74,0,-1.0,174,0,0
174,0,-1.0,274,0,5
274,5,-10.0,274,0,0
274,0,-1.0,374,0,0
374,0,-1.0,474,0,4
474,4,-1.0,478,0,1
478,1,-1.0,378,0,1
378,1,-1.0,278,0,3
278,3,-1.0,258,0,3
258,3,-1.0,238,0,3
238,3,-1.0,218,0,0
218,0,-1.0,318,0,0
318,0,-1.0,418,0,5
418,5,20.0,410,1,0
93,0,-1.0,193,0,0
193,0,-1.0,293,0,3
293,3,-1.0,273,0,0
273,0,-1.0,373,0,0
373,0,-1.0,473,0,4
473,4,-1.0,477,0,2
477,2,-1.0,497,0,4
497,4,-10.0,497,0,1
497,1,-1.0,397,0,1
397,1,-1.0,297,0,1
297,1,-1.0,197,0,1
197,1,-1.0,97,0,5
97,5,20.0,85,1,0
214,0,-1.0,314,0,1
314,1,-1.0,214,0,0
214,0,-1.0,314,0,4
314,4,-10.0,314,0,1
314,1,-1.0,214,0,2
214,2,-1.0,234,0,2
234,2,-1.0,254,0,2
254,2,-1.0,274,0,0
274,0,-1.0,374,0,0
374,0,-1.0,474,0,4
474,4,-1.0,478,0,1
478,1,-1.0,378,0,1
378,1,-1.0,278,0,3
278,3,-1.0,258,0,3
258,3,-1.0,238,0,3
238,3,-1.0,218,0,0
218,0,-1.0,318,0,0
318,0,-1.0,418,0,5
418,5,20.0,410,1,0
207,2,-1.0,227,0,2
227,2,-1.0,247,0,2
247,2,-1.0,267,0,2
267,2,-1.0,287,0,3
287,3,-1.0,267,0,2
267,2,-1.0,287,0,1
287,1,-1.0,187,0,1
187,1,-1.0,87,0,4
87,4,-1.0,99,0,3
99,3,-1.0,79,0,0
79,0,-1.0,179,0,1
179,1,-1.0,79,0,0
79,0,-1.0,179,0,0
179,0,-1.0,279,0,0
279,0,-1.0,379,0,0
379,0,-1.0,479,0,5
479,5,20.0,475,1,0
183,1,-1.0,83,0,0
83,0,-1.0,183,0,3
183,3,-1.0,163,0,4
163,4,-10.0,163,0,0
163,0,-1.0,263,0,3
263,3,-1.0,243,0,3
243,3,-1.0,223,0,1
223,1,-1.0,123,0,3
123,3,-1.0,103,0,1
103,1,-1.0,3,0,4
3,4,-1.0,19,0,0
19,0,-1.0,119,0,0
119,0,-1.0,219,0,2
219,2,-1.0,239,0,2
239,2,-1.0,259,0,2
259,2,-1.0,279,0,0
279,0,-1.0,379,0,0
379,0,-1.0,479,0,5
479,5,20.0,475,1,0
247,1,-1.0,147,0,4
147,4,-10.0,147,0,2
147,2,-1.0,167,0,2
167,2,-1.0,187,0,1
187,1,-1.0,87,0,5
87,5,-10.0,87,0,4
87,4,-1.0,99,0,3
99,3,-1.0,79,0,0
79,0,-1.0,179,0,0
179,0,-1.0,279,0,0
279,0,-1.0,379,0,0
379,0,-1.0,479,0,5
479,5,20.0,475,1,0
163,0,-1.0,263,0,3
263,3,-1.0,243,0,3
243,3,-1.0,223,0,1
223,1,-1.0,123,0,3
123,3,-1.0,103,0,1
103,1,-1.0,3,0,4
3,4,-1.0,19,0,0
19,0,-1.0,119,0,0
119,0,-1.0,219,0,2
219,2,-1.0,239,0,2
239,2,-1.0,259,0,2
259,2,-1.0,279,0,0
279,0,-1.0,379,0,0
379,0,-1.0,479,0,5
479,5,20.0,475,1,0
72,0,-1.0,172,0,0
172,0,-1.0,272,0,0
272,0,-1.0,372,0,0
372,0,-1.0,472,0,4
472,4,-1.0,476,0,1
476,1,-1.0,376,0,2
376,2,-1.0,396,0,3
396,3,-1.0,376,0,1
376,1,-1.0,276,0,3
276,3,-1.0,256,0,3
256,3,-1.0,236,0,1
236,1,-1.0,136,0,3
136,3,-1.0,116,0,1
116,1,-1.0,16,0,5
16,5,20.0,0,1,0
324,0,-1.0,424,0,1
424,1,-1.0,324,0,1
324,1,-1.0,224,0,2
224,2,-1.0,244,0,1
244,1,-1.0,144,0,2
144,2,-1.0,164,0,2
164,2,-1.0,184,0,1
184,1,-1.0,84,0,4
84,4,-1.0,96,0,0
96,0,-1.0,196,0,3
196,3,-1.0,176,0,0
176,0,-1.0,276,0,3
276,3,-1.0,256,0,3
256,3,-1.0,236,0,1
236,1,-1.0,136,0,3
136,3,-1.0,116,0,1
116,1,-1.0,16,0,5
16,5,20.0,0,1,0
291,3,-1.0,271,0,3
271,3,-1.0,251,0,3
251,3,-1.0,231,0,3
231,3,-1.0,211,0,0
211,0,-1.0,311,0,0
311,0,-1.0,411,0,4
411,4,-1.0,419,0,1
419,1,-1.0,319,0,1
319,1,-1.0,219,0,2
219,2,-1.0,239,0,2
239,2,-1.0,259,0,2
259,2,-1.0,279,0,0
279,0,-1.0,379,0,0
379,0,-1.0,479,0,5
479,5,20.0,475,1,0
49,0,-1.0,149,0,0
149,0,-1.0,249,0,3
249,3,-1.0,229,0,3
229,3,-1.0,209,0,0
209,0,-1.0,309,0,0
309,0,-1.0,409,0,4
409,4,-1.0,417,0,1
417,1,-1.0,317,0,1
317,1,-1.0,217,0,2
217,2,-1.0,237,0,2
237,2,-1.0,257,0,1
257,1,-1.0,157,0,2
157,2,-1.0,177,0,2
177,2,-1.0,197,0,1
197,1,-1.0,97,0,5
97,5,20.0,85,1,0
106,2,-1.0,126,0,0
126,0,-1.0,226,0,1
226,1,-1.0,126,0,0
126,0,-1.0,226,0,2
226,2,-1.0,246,0,2
246,2,-1.0,266,0,2
266,2,-1.0,286,0,1
286,1,-1.0,186,0,1
186,1,-1.0,86,0,4
86,4,-1.0,98,0,0
98,0,-1.0,198,0,0
198,0,-1.0,298,0,3
298,3,-1.0,278,0,4
278,4,-10.0,278,0,3
278,3,-1.0,258,0,3
258,3,-1.0,238,0,2
238,2,-1.0,258,0,3
258,3,-1.0,238,0,3
238,3,-1.0,218,0,0
218,0,-1.0,318,0,0
318,0,-1.0,418,0,5
418,5,20.0,410,1,0
342,1,-1.0,242,0,3
242,3,-1.0,222,0,1
222,1,-1.0,122,0,3
122,3,-1.0,102,0,1
102,1,-1.0,2,0,4
2,4,-1.0,18,0,3
18,3,-1.0,18,0,1
18,1,-1.0,18,0,0
18,0,-1.0,118,0,0
118,0,-1.0,218,0,0
218,0,-1.0,318,0,0
318,0,-1.0,418,0,5
418,5,20.0,410,1,0
132,0,-1.0,232,0,2
232,2,-1.0,252,0,2
252,2,-1.0,272,0,0
272,0,-1.0,372,0,0
372,0,-1.0,472,0,4
472,4,-1.0,476,0,1
476,1,-1.0,376,0,1
376,1,-1.0,276,0,3
276,3,-1.0,256,0,3
256,3,-1.0,236,0,1
236,1,-1.0,136,0,2
136,2,-1.0,136,0,3
136,3,-1.0,116,0,1
116,1,-1.0,16,0,5
16,5,20.0,0,1,0
426,2,-1.0,446,0,1
446,1,-1.0,346,0,1
346,1,-1.0,246,0,2
246,2,-1.0,266,0,2
266,2,-1.0,286,0,1
286,1,-1.0,186,0,1
186,1,-1.0,86,0,4
86,4,-1.0,98,0,0
98,0,-1.0,198,0,0
198,0,-1.0,298,0,3
298,3,-1.0,278,0,2
278,2,-1.0,298,0,3
298,3,-1.0,278,0,3
278,3,-1.0,258,0,3
258,3,-1.0,238,0,4
238,4,-10.0,238,0,3
238,3,-1.0,218,0,0
218,0,-1.0,318,0,0
318,0,-1.0,418,0,5
418,5,20.0,410,1,0
8,0,-1.0,108,0,0
108,0,-1.0,208,0,0
208,0,-1.0,308,0,0
308,0,-1.0,408,0,4
408,4,-1.0,416,0,1
416,1,-1.0,316,0,1
316,1,-1.0,216,0,1
216,1,-1.0,116,0,1
116,1,-1.0,16,0,5
16,5,20.0,0,1,0
488,1,-1.0,388,0,3
388,3,-1.0,368,0,1
368,1,-1.0,268,0,3
268,3,-1.0,248,0,3
248,3,-1.0,228,0,3
228,3,-1.0,208,0,5
208,5,-10.0,208,0,0
208,0,-1.0,308,0,0
308,0,-1.0,408,0,1
408,1,-1.0,308,0,0
308,0,-1.0,408,0,3
408,3,-1.0,408,0,4
408,4,-1.0,416,0,1
416,1,-1.0,316,0,1
316,1,-1.0,216,0,1
216,1,-1.0,116,0,1
116,1,-1.0,16,0,5
16,5,20.0,0,1,0
142,0,-1.0,242,0,3
242,3,-1.0,222,0,1
222,1,-1.0,122,0,3
122,3,-1.0,102,0,1
102,1,-1.0,2,0,4
2,4,-1.0,18,0,0
18,0,-1.0,118,0,0
118,0,-1.0,218,0,3
218,3,-1.0,218,0,0
218,0,-1.0,318,0,0
318,0,-1.0,418,0,5
418,5,20.0,410,1,0
424,1,-1.0,324,0,1
324,1,-1.0,224,0,2
224,2,-1.0,244,0,1
244,1,-1.0,144,0,2
144,2,-1.0,164,0,2
164,2,-1.0,184,0,1
184,1,-1.0,84,0,4
84,4,-1.0,96,0,0
96,0,-1.0,196,0,3
196,3,-1.0,176,0,0
176,0,-1.0,276,0,2
276,2,-1.0,296,0,3
296,3,-1.0,276,0,5
276,5,-10.0,276,0,4
276,4,-10.0,276,0,3
276,3,-1.0,256,0,3
256,3,-1.0,236,0,1
236,1,-1.0,136,0,3
136,3,-1.0,116,0,1
116,1,-1.0,16,0,5
16,5,20.0,0,1,0
144,2,-1.0,164,0,2
164,2,-1.0,184,0,2
184,2,-1.0,184,0,1
184,1,-1.0,84,0,4
84,4,-1.0,96,0,0
96,0,-1.0,196,0,3
196,3,-1.0,176,0,0
176,0,-1.0,276,0,3
276,3,-1.0,256,0,3
256,3,-1.0,236,0,1
236,1,-1.0,136,0,2
136,2,-1.0,136,0,3
136,3,-1.0,116,0,1
116,1,-1.0,16,0,5
16,5,20.0,0,1,0
209,0,-1.0,309,0,0
309,0,-1.0,409,0,4
409,4,-1.0,417,0,1
417,1,-1.0,317,0,1
317,1,-1.0,217,0,2
217,2,-1.0,237,0,2
237,2,-1.0,257,0,1
257,1,-1.0,157,0,2
157,2,-1.0,177,0,2
177,2,-1.0,197,0,1
197,1,-1.0,97,0,5
97,5,20.0,85,1,0
324,1,-1.0,224,0,2
224,2,-1.0,244,0,1
244,1,-1.0,144,0,2
144,2,-1.0,164,0,2
164,2,-1.0,184,0,1
184,1,-1.0,84,0,4
84,4,-1.0,96,0,2
96,2,-1.0,96,0,0
96,0,-1.0,196,0,3
196,3,-1.0,176,0,0
176,0,-1.0,276,0,4
276,4,-10.0,276,0,3
276,3,-1.0,256,0,3
256,3,-1.0,236,0,1
236,1,-1.0,136,0,3
136,3,-1.0,116,0,1
116,1,-1.0,16,0,5
16,5,20.0,0,1,0
201,1,-1.0,101,0,1
101,1,-1.0,1,0,4
1,4,-1.0,17,0,0
17,0,-1.0,117,0,2
117,2,-1.0,137,0,0
137,0,-1.0,237,0,2
237,2,-1.0,257,0,1
257,1,-1.0,157,0,2
157,2,-1.0,177,0,2
177,2,-1.0,197,0,1
197,1,-1.0,97,0,5
97,5,20.0,85,1,0
266,2,-1.0,286,0,1
286,1,-1.0,186,0,1
186,1,-1.0,86,0,4
86,4,-1.0,98,0,4
98,4,-10.0,98,0,0
98,0,-1.0,198,0,5
198,5,-10.0,198,0,0
198,0,-1.0,298,0,3
298,3,-1.0,278,0,3
278,3,-1.0,258,0,3
258,3,-1.0,238,0,3
238,3,-1.0,218,0,1
218,1,-1.0,118,0,0
118,0,-1.0,218,0,0
218,0,-1.0,318,0,0
318,0,-1.0,418,0,5
418,5,20.0,410,1,0
408,4,-1.0,416,0,1
416,1,-1.0,316,0,1
316,1,-1.0,216,0,1
216,1,-1.0,116,0,1
116,1,-1.0,16,0,5
16,5,20.0,0,1,0
431,1,-1.0,331,0,1
331,1,-1.0,231,0,3
231,3,-1.0,211,0,0
211,0,-1.0,311,0,0
311,0,-1.0,411,0,4
411,4,-1.0,419,0,1
419,1,-1.0,319,0,1
319,1,-1.0,219,0,2
219,2,-1.0,239,0,2
239,2,-1.0,259,0,2
259,2,-1.0,279,0,0
279,0,-1.0,379,0,0
379,0,-1.0,479,0,5
479,5,20.0,475,1,0
311,0,-1.0,411,0,4
411,4,-1.0,419,0,1
419,1,-1.0,319,0,1
319,1,-1.0,219,0,2
219,2,-1.0,239,0,2
239,2,-1.0,259,0,2
259,2,-1.0,279,0,4
279,4,-10.0,279,0,0
279,0,-1.0,379,0,0
379,0,-1.0,479,0,5
479,5,20.0,475,1,0
52,1,-1.0,52,0,0
52,0,-1.0,152,0,2
152,2,-1.0,172,0,3
172,3,-1.0,152,0,2
152,2,-1.0,172,0,0
172,0,-1.0,272,0,0
272,0,-1.0,372,0,0
372,0,-1.0,472,0,4
472,4,-1.0,476,0,1
476,1,-1.0,376,0,1
376,1,-1.0,276,0,3
276,3,-1.0,256,0,4
256,4,-10.0,256,0,3
256,3,-1.0,236,0,1
236,1,-1.0,136,0,3
136,3,-1.0,116,0,1
116,1,-1.0,16,0,5
16,5,20.0,0,1,0
6,0,-1.0,106,0,0
106,0,-1.0,206,0,0
206,0,-1.0,306,0,1
306,1,-1.0,206,0,2
206,2,-1.0,226,0,2
226,2,-1.0,246,0,2
246,2,-1.0,266,0,2
266,2,-1.0,286,0,1
286,1,-1.0,186,0,1
186,1,-1.0,86,0,3
86,3,-1.0,66,0,2
66,2,-1.0,86,0,4
86,4,-1.0,98,0,0
98,0,-1.0,198,0,0
198,0,-1.0,298,0,5
298,5,-10.0,298,0,3
298,3,-1.0,278,0,3
278,3,-1.0,258,0,3
258,3,-1.0,238,0,4
238,4,-10.0,238,0,3
238,3,-1.0,218,0,0
218,0,-1.0,318,0,0
318,0,-1.0,418,0,5
418,5,20.0,410,1,0
366,2,-1.0,386,0,2
386,2,-1.0,386,0,1
386,1,-1.0,286,0,1
286,1,-1.0,186,0,1
186,1,-1.0,86,0,4
86,4,-1.0,98,0,0
98,0,-1.0,198,0,0
198,0,-1.0,298,0,3
298,3,-1.0,278,0,3
278,3,-1.0,258,0,3
258,3,-1.0,238,0,3
238,3,-1.0,218,0,0
218,0,-1.0,318,0,0
318,0,-1.0,418,0,5
418,5,20.0,410,1,0
108,2,-1.0,128,0,0
128,0,-1.0,228,0,3
228,3,-1.0,208,0,0
208,0,-1.0,308,0,5
308,5,-10.0,308,0,0
308,0,-1.0,408,0,4
408,4,-1.0,416,0,1
416,1,-1.0,316,0,1
316,1,-1.0,216,0,1
216,1,-1.0,116,0,1
116,1,-1.0,16,0,5
16,5,20.0,0,1,0
282,1,-1.0,182,0,0
182,0,-1.0,282,0,3
282,3,-1.0,262,0,3
262,3,-1.0,242,0,3
242,3,-1.0,222,0,1
222,1,-1.0,122,0,3
122,3,-1.0,102,0,1
102,1,-1.0,2,0,4
2,4,-1.0,18,0,0
18,0,-1.0,118,0,0
118,0,-1.0,218,0,0
218,0,-1.0,318,0,0
318,0,-1.0,418,0,5
418,5,20.0,410,1,0
22,3,-1.0,2,0,4
2,4,-1.0,18,0,2
18,2,-1.0,38,0,4
38,4,-10.0,38,0,0
38,0,-1.0,138,0,3
138,3,-1.0,118,0,0
118,0,-1.0,218,0,0
218,0,-1.0,318,0,0
318,0,-1.0,418,0,5
418,5,20.0,410,1,0
241,3,-1.0,221,0,1
221,1,-1.0,121,0,1
121,1,-1.0,21,0,3
21,3,-1.0,1,0,4
1,4,-1.0,17,0,2
17,2,-1.0,37,0,0
37,0,-1.0,137,0,0
137,0,-1.0,237,0,2
237,2,-1.0,257,0,1
257,1,-1.0,157,0,2
157,2,-1.0,177,0,2
177,2,-1.0,197,0,1
197,1,-1.0,97,0,5
97,5,20.0,85,1,0
389,1,-1.0,289,0,3
289,3,-1.0,269,0,3
269,3,-1.0,249,0,3
249,3,-1.0,229,0,3
229,3,-1.0,209,0,0
209,0,-1.0,309,0,0
309,0,-1.0,409,0,4
409,4,-1.0,417,0,1
417,1,-1.0,317,0,1
317,1,-1.0,217,0,2
217,2,-1.0,237,0,2
237,2,-1.0,257,0,1
257,1,-1.0,157,0,2
157,2,-1.0,177,0,2
177,2,-1.0,197,0,1
197,1,-1.0,97,0,5
97,5,20.0,85,1,0
269,3,-1.0,249,0,3
249,3,-1.0,229,0,3
229,3,-1.0,209,0,0
209,0,-1.0,309,0,5
309,5,-10.0,309,0,0
309,0,-1.0,409,0,4
409,4,-1.0,417,0,1
417,1,-1.0,317,0,1
317,1,-1.0,217,0,2
217,2,-1.0,237,0,2
237,2,-1.0,257,0,1
257,1,-1.0,157,0,2
157,2,-1.0,177,0,2
177,2,-1.0,197,0,1
197,1,-1.0,97,0,5
97,5,20.0,85,1,0
326,1,-1.0,226,0,2
226,2,-1.0,246,0,2
246,2,-1.0,266,0,2
266,2,-1.0,286,0,1
286,1,-1.0,186,0,1
186,1,-1.0,86,0,4
86,4,-1.0,98,0,0
98,0,-1.0,198,0,0
198,0,-1.0,298,0,3
298,3,-1.0,278,0,3
278,3,-1.0,258,0,3
258,3,-1.0,238,0,3
238,3,-1.0,218,0,0
218,0,-1.0,318,0,0
318,0,-1.0,418,0,2
418,2,-1.0,418,0,5
418,5,20.0,410,1,0
454,1,-1.0,354,0,1
354,1,-1.0,254,0,2
254,2,-1.0,274,0,4
274,4,-10.0,274,0,0
274,0,-1.0,374,0,0
374,0,-1.0,474,0,4
474,4,-1.0,478,0,1
478,1,-1.0,378,0,5
378,5,-10.0,378,0,1
378,1,-1.0,278,0,3
278,3,-1.0,258,0,3
258,3,-1.0,238,0,0
238,0,-1.0,338,0,1
338,1,-1.0,238,0,3
238,3,-1.0,218,0,0
218,0,-1.0,318,0,0
318,0,-1.0,418,0,5
418,5,20.0,410,1,0
181,4,-10.0,181,0,3
181,3,-1.0,161,0,3
161,3,-1.0,141,0,0
141,0,-1.0,241,0,3
241,3,-1.0,221,0,1
221,1,-1.0,121,0,4
121,4,-10.0,121,0,1
121,1,-1.0,21,0,2
21,2,-1.0,21,0,3
21,3,-1.0,1,0,4
1,4,-1.0,17,0,0
17,0,-1.0,117,0,3
117,3,-1.0,117,0,2
117,2,-1.0,137,0,0
137,0,-1.0,237,0,2
237,2,-1.0,257,0,2
257,2,-1.0,277,0,1
277,1,-1.0,177,0,0
177,0,-1.0,277,0,1
277,1,-1.0,177,0,2
177,2,-1.0,197,0,1
197,1,-1.0,97,0,5
97,5,20.0,85,1,0
242,3,-1.0,222,0,1
222,1,-1.0,122,0,3
122,3,-1.0,102,0,1
102,1,-1.0,2,0,4
2,4,-1.0,18,0,0
18,0,-1.0,118,0,0
118,0,-1.0,218,0,0
218,0,-1.0,318,0,0
318,0,-1.0,418,0,5
418,5,20.0,410,1,0
288,3,-1.0,268,0,3
268,3,-1.0,248,0,3
248,3,-1.0,228,0,3
228,3,-1.0,208,0,3
208,3,-1.0,208,0,0
208,0,-1.0,308,0,0
308,0,-1.0,408,0,4
408,4,-1.0,416,0,1
416,1,-1.0,316,0,1
316,1,-1.0,216,0,1
216,1,-1.0,116,0,1
116,1,-1.0,16,0,5
16,5,20.0,0,1,0
249,3,-1.0,229,0,3
229,3,-1.0,209,0,0
209,0,-1.0,309,0,0
309,0,-1.0,409,0,0
409,0,-1.0,409,0,4
409,4,-1.0,417,0,1
417,1,-1.0,317,0,1
317,1,-1.0,217,0,2
217,2,-1.0,237,0,2
237,2,-1.0,257,0,1
257,1,-1.0,157,0,5
157,5,-10.0,157,0,2
157,2,-1.0,177,0,2
177,2,-1.0,197,0,1
197,1,-1.0,97,0,5
97,5,20.0,85,1,0
283,3,-1.0,263,0,3
263,3,-1.0,243,0,2
243,2,-1.0,263,0,3
263,3,-1.0,243,0,3
243,3,-1.0,223,0,1
223,1,-1.0,123,0,3
123,3,-1.0,103,0,1
103,1,-1.0,3,0,3
3,3,-1.0,3,0,4
3,4,-1.0,19,0,0
19,0,-1.0,119,0,0
119,0,-1.0,219,0,2
219,2,-1.0,239,0,3
239,3,-1.0,219,0,2
219,2,-1.0,239,0,2
239,2,-1.0,259,0,4
259,4,-10.0,259,0,2
259,2,-1.0,279,0,0
279,0,-1.0,379,0,0
379,0,-1.0,479,0,5
479,5,20.0,475,1,0
372,0,-1.0,472,0,4
472,4,-1.0,476,0,1
476,1,-1.0,376,0,1
376,1,-1.0,276,0,3
276,3,-1.0,256,0,3
256,3,-1.0,236,0,1
236,1,-1.0,136,0,3
136,3,-1.0,116,0,1
116,1,-1.0,16,0,5
16,5,20.0,0,1,0
104,2,-1.0,124,0,0
124,0,-1.0,224,0,2
224,2,-1.0,244,0,1
244,1,-1.0,144,0,2
144,2,-1.0,164,0,2
164,2,-1.0,184,0,1
184,1,-1.0,84,0,4
84,4,-1.0,96,0,0
96,0,-1.0,196,0,3
196,3,-1.0,176,0,0
176,0,-1.0,276,0,3
276,3,-1.0,256,0,3
256,3,-1.0,236,0,1
236,1,-1.0,136,0,3
136,3,-1.0,116,0,1
116,1,-1.0,16,0,5
16,5,20.0,0,1,0
351,1,-1.0,251,0,3
251,3,-1.0,231,0,3
231,3,-1.0,211,0,0
211,0,-1.0,311,0,0
311,0,-1.0,411,0,4
411,4,-1.0,419,0,1
419,1,-1.0,319,0,1
319,1,-1.0,219,0,2
219,2,-1.0,239,0,2
239,2,-1.0,259,0,2
259,2,-1.0,279,0,0
279,0,-1.0,379,0,0
379,0,-1.0,479,0,5
479,5,20.0,475,1,0
49,1,-1.0,49,0,5
49,5,-10.0,49,0,0
49,0,-1.0,149,0,4
149,4,-10.0,149,0,0
149,0,-1.0,249,0,3
249,3,-1.0,229,0,3
229,3,-1.0,209,0,0
209,0,-1.0,309,0,0
309,0,-1.0,409,0,4
409,4,-1.0,417,0,1
417,1,-1.0,317,0,4
317,4,-10.0,317,0,1
317,1,-1.0,217,0,2
217,2,-1.0,237,0,2
237,2,-1.0,257,0,1
257,1,-1.0,157,0,2
157,2,-1.0,177,0,1
177,1,-1.0,77,0,2
77,2,-1.0,97,0,5
97,5,20.0,85,1,0
162,3,-1.0,142,0,0
142,0,-1.0,242,0,3
242,3,-1.0,222,0,1
222,1,-1.0,122,0,3
122,3,-1.0,102,0,1
102,1,-1.0,2,0,4
2,4,-1.0,18,0,0
18,0,-1.0,118,0,0
118,0,-1.0,218,0,0
218,0,-1.0,318,0,0
318,0,-1.0,418,0,5
418,5,20.0,410,1,0
226,2,-1.0,246,0,2
246,2,-1.0,266,0,2
266,2,-1.0,286,0,1
286,1,-1.0,186,0,1
186,1,-1.0,86,0,2
86,2,-1.0,86,0,4
86,4,-1.0,98,0,0
98,0,-1.0,198,0,0
198,0,-1.0,298,0,3
298,3,-1.0,278,0,0
278,0,-1.0,378,0,4
378,4,-10.0,378,0,1
378,1,-1.0,278,0,3
278,3,-1.0,258,0,3
258,3,-1.0,238,0,3
238,3,-1.0,218,0,0
218,0,-1.0,318,0,0
318,0,-1.0,418,0,5
418,5,20.0,410,1,0
352,1,-1.0,252,0,0
252,0,-1.0,352,0,1
352,1,-1.0,252,0,2
252,2,-1.0,272,0,0
272,0,-1.0,372,0,0
372,0,-1.0,472,0,4
472,4,-1.0,476,0,1
476,1,-1.0,376,0,1
376,1,-1.0,276,0,3
276,3,-1.0,256,0,3
256,3,-1.0,236,0,1
236,1,-1.0,136,0,3
136,3,-1.0,116,0,1
116,1,-1.0,16,0,5
16,5,20.0,0,1,0
474,4,-1.0,478,0,1
478,1,-1.0,378,0,1
378,1,-1.0,278,0,3
278,3,-1.0,258,0,3
258,3,-1.0,238,0,3
238,3,-1.0,218,0,0
218,0,-1.0,318,0,0
318,0,-1.0,418,0,5
418,5,20.0,410,1,0
373,0,-1.0,473,0,4
473,4,-1.0,477,0,2
477,2,-1.0,497,0,1
497,1,-1.0,397,0,1
397,1,-1.0,297,0,1
297,1,-1.0,197,0,1
197,1,-1.0,97,0,5
97,5,20.0,85,1,0
109,0,-1.0,209,0,0
209,0,-1.0,309,0,4
309,4,-10.0,309,0,0
309,0,-1.0,409,0,4
409,4,-1.0,417,0,1
417,1,-1.0,317,0,1
317,1,-1.0,217,0,2
217,2,-1.0,237,0,2
237,2,-1.0,257,0,1
257,1,-1.0,157,0,2
157,2,-1.0,177,0,2
177,2,-1.0,197,0,1
197,1,-1.0,97,0,5
97,5,20.0,85,1,0
23,3,-1.0,3,0,4
3,4,-1.0,19,0,0
19,0,-1.0,119,0,0
119,0,-1.0,219,0,2
219,2,-1.0,239,0,2
239,2,-1.0,259,0,2
259,2,-1.0,279,0,0
279,0,-1.0,379,0,0
379,0,-1.0,479,0,5
479,5,20.0,475,1,0
21,3,-1.0,1,0,1
1,1,-1.0,1,0,4
1,4,-1.0,17,0,0
17,0,-1.0,117,0,2
117,2,-1.0,137,0,0
137,0,-1.0,237,0,2
237,2,-1.0,257,0,1
257,1,-1.0,157,0,2
157,2,-1.0,177,0,2
177,2,-1.0,197,0,1
197,1,-1.0,97,0,5
97,5,20.0,85,1,0
164,2,-1.0,184,0,1
184,1,-1.0,84,0,4
84,4,-1.0,96,0,0
96,0,-1.0,196,0,3
196,3,-1.0,176,0,3
176,3,-1.0,156,0,0
156,0,-1.0,256,0,3
256,3,-1.0,236,0,1
236,1,-1.0,136,0,3
136,3,-1.0,116,0,1
116,1,-1.0,16,0,5
16,5,20.0,0,1,0
171,0,-1.0,271,0,3
271,3,-1.0,251,0,1
251,1,-1.0,151,0,0
151,0,-1.0,251,0,3
251,3,-1.0,231,0,3
231,3,-1.0,211,0,0
211,0,-1.0,311,0,1
311,1,-1.0,211,0,0
211,0,-1.0,311,0,0
311,0,-1.0,411,0,4
411,4,-1.0,419,0,1
419,1,-1.0,319,0,1
319,1,-1.0,219,0,2
219,2,-1.0,239,0,2
239,2,-1.0,259,0,2
259,2,-1.0,279,0,0
279,0,-1.0,379,0,0
379,0,-1.0,479,0,5
479,5,20.0,475,1,0
168,0,-1.0,268,0,3
268,3,-1.0,248,0,3
248,3,-1.0,228,0,3
228,3,-1.0,208,0,1
208,1,-1.0,108,0,0
108,0,-1.0,208,0,0
208,0,-1.0,308,0,0
308,0,-1.0,408,0,4
408,4,-1.0,416,0,1
416,1,-1.0,316,0,1
316,1,-1.0,216,0,1
216,1,-1.0,116,0,1
116,1,-1.0,16,0,5
16,5,20.0,0,1,0
186,1,-1.0,86,0,4
86,4,-1.0,98,0,0
98,0,-1.0,198,0,0
198,0,-1.0,298,0,0
298,0,-1.0,398,0,1
398,1,-1.0,298,0,3
298,3,-1.0,278,0,3
278,3,-1.0,258,0,3
258,3,-1.0,238,0,3
238,3,-1.0,218,0,0
218,0,-1.0,318,0,0
318,0,-1.0,418,0,5
418,5,20.0,410,1,0
161,3,-1.0,141,0,0
141,0,-1.0,241,0,3
241,3,-1.0,221,0,1
221,1,-1.0,121,0,1
121,1,-1.0,21,0,3
21,3,-1.0,1,0,4
1,4,-1.0,17,0,2
17,2,-1.0,37,0,0
37,0,-1.0,137,0,0
137,0,-1.0,237,0,2
237,2,-1.0,257,0,1
257,1,-1.0,157,0,2
157,2,-1.0,177,0,2
177,2,-1.0,197,0,1
197,1,-1.0,97,0,5
97,5,20.0,85,1,0
54,2,-1.0,74,0,0
74,0,-1.0,174,0,0
174,0,-1.0,274,0,0
274,0,-1.0,374,0,0
374,0,-1.0,474,0,4
474,4,-1.0,478,0,1
478,1,-1.0,378,0,1
378,1,-1.0,278,0,3
278,3,-1.0,258,0,3
258,3,-1.0,238,0,3
238,3,-1.0,218,0,0
218,0,-1.0,318,0,0
318,0,-1.0,418,0,5
418,5,20.0,410,1,0
27,0,-1.0,127,0,0
127,0,-1.0,227,0,2
227,2,-1.0,247,0,2
247,2,-1.0,267,0,2
267,2,-1.0,287,0,1
287,1,-1.0,187,0,1
187,1,-1.0,87,0,4
87,4,-1.0,99,0,3
99,3,-1.0,79,0,0
79,0,-1.0,179,0,0
179,0,-1.0,279,0,0
279,0,-1.0,379,0,0
379,0,-1.0,479,0,5
479,5,20.0,475,1,0
152,2,-1.0,172,0,0
172,0,-1.0,272,0,0
272,0,-1.0,372,0,0
372,0,-1.0,472,0,4
472,4,-1.0,476,0,1
476,1,-1.0,376,0,0
376,0,-1.0,476,0,1
476,1,-1.0,376,0,1
376,1,-1.0,276,0,3
276,3,-1.0,256,0,1
256,1,-1.0,156,0,0
156,0,-1.0,256,0,3
256,3,-1.0,236,0,4
236,4,-10.0,236,0,1
236,1,-1.0,136,0,3
136,3,-1.0,116,0,1
116,1,-1.0,16,0,5
16,5,20.0,0,1,0
302,1,-1.0,202,0,1
202,1,-1.0,102,0,1
102,1,-1.0,2,0,4
2,4,-1.0,18,0,0
18,0,-1.0,118,0,0
118,0,-1.0,218,0,0
218,0,-1.0,318,0,0
318,0,-1.0,418,0,5
418,5,20.0,410,1,0
102,1,-1.0,2,0,4
2,4,-1.0,18,0,0
18,0,-1.0,118,0,1
118,1,-1.0,18,0,0
18,0,-1.0,118,0,0
118,0,-1.0,218,0,0
218,0,-1.0,318,0,0
318,0,-1.0,418,0,5
418,5,20.0,410,1,0
422,1,-1.0,322,0,1
322,1,-1.0,222,0,1
222,1,-1.0,122,0,3
122,3,-1.0,102,0,1
102,1,-1.0,2,0,4
2,4,-1.0,18,0,0
18,0,-1.0,118,0,0
118,0,-1.0,218,0,0
218,0,-1.0,318,0,0
318,0,-1.0,418,0,5
418,5,20.0,410,1,0
183,3,-1.0,163,0,0
163,0,-1.0,263,0,3
263,3,-1.0,243,0,3
243,3,-1.0,223,0,2
223,2,-1.0,243,0,3
243,3,-1.0,223,0,1
223,1,-1.0,123,0,3
123,3,-1.0,103,0,0
103,0,-1.0,203,0,1
203,1,-1.0,103,0,1
103,1,-1.0,3,0,4
3,4,-1.0,19,0,0
19,0,-1.0,119,0,0
119,0,-1.0,219,0,2
219,2,-1.0,239,0,2
239,2,-1.0,259,0,2
259,2,-1.0,279,0,0
279,0,-1.0,379,0,0
379,0,-1.0,479,0,5
479,5,20.0,475,1,0
464,1,-1.0,364,0,0
364,0,-1.0,464,0,2
464,2,-1.0,484,0,1
484,1,-1.0,384,0,1
384,1,-1.0,284,0,1
284,1,-1.0,184,0,1
184,1,-1.0,84,0,4
84,4,-1.0,96,0,0
96,0,-1.0,196,0,3
196,3,-1.0,176,0,0
176,0,-1.0,276,0,3
276,3,-1.0,256,0,3
256,3,-1.0,236,0,1
236,1,-1.0,136,0,3
136,3,-1.0,116,0,1
116,1,-1.0,16,0,5
16,5,20.0,0,1,0
368,4,-10.0,368,0,1
368,1,-1.0,268,0,3
268,3,-1.0,248,0,3
248,3,-1.0,228,0,3
228,3,-1.0,208,0,0
208,0,-1.0,308,0,0
308,0,-1.0,408,0,4
408,4,-1.0,416,0,1
416,1,-1.0,316,0,1
316,1,-1.0,216,0,1
216,1,-1.0,116,0,1
116,1,-1.0,16,0,5
16,5,20.0,0,1,0
234,2,-1.0,254,0,2
254,2,-1.0,274,0,0
274,0,-1.0,374,0,0
374,0,-1.0,474,0,4
474,4,-1.0,478,0,1
478,1,-1.0,378,0,1
378,1,-1.0,278,0,3
278,3,-1.0,258,0,3
258,3,-1.0,238,0,3
238,3,-1.0,218,0,0
218,0,-1.0,318,0,0
318,0,-1.0,418,0,5
418,5,20.0,410,1,0
363,1,-1.0,263,0,3
263,3,-1.0,243,0,3
243,3,-1.0,223,0,1
223,1,-1.0,123,0,3
123,3,-1.0,103,0,1
103,1,-1.0,3,0,4
3,4,-1.0,19,0,0
19,0,-1.0,119,0,0
119,0,-1.0,219,0,2
219,2,-1.0,239,0,2
239,2,-1.0,259,0,2
259,2,-1.0,279,0,0
279,0,-1.0,379,0,0
379,0,-1.0,479,0,5
479,5,20.0,475,1,0
442,3,-1.0,422,0,1
422,1,-1.0,322,0,1
322,1,-1.0,222,0,1
222,1,-1.0,122,0,3
122,3,-1.0,102,0,1
102,1,-1.0,2,0,4
2,4,-1.0,18,0,0
18,0,-1.0,118,0,0
118,0,-1.0,218,0,0
218,0,-1.0,318,0,0
318,0,-1.0,418,0,5
418,5,20.0,410,1,0
446,1,-1.0,346,0,1
346,1,-1.0,246,0,2
246,2,-1.0,266,0,2
266,2,-1.0,286,0,0
286,0,-1.0,386,0,1
386,1,-1.0,286,0,1
286,1,-1.0,186,0,1
186,1,-1.0,86,0,4
86,4,-1.0,98,0,0
98,0,-1.0,198,0,0
198,0,-1.0,298,0,3
298,3,-1.0,278,0,3
278,3,-1.0,258,0,3
258,3,-1.0,238,0,3
238,3,-1.0,218,0,0
218,0,-1.0,318,0,5
318,5,-10.0,318,0,0
318,0,-1.0,418,0,5
418,5,20.0,410,1,0
387,2,-1.0,387,0,1
387,1,-1.0,287,0,1
287,1,-1.0,187,0,1
187,1,-1.0,87,0,5
87,5,-10.0,87,0,4
87,4,-1.0,99,0,3
99,3,-1.0,79,0,0
79,0,-1.0,179,0,0
179,0,-1.0,279,0,0
279,0,-1.0,379,0,0
379,0,-1.0,479,0,5
479,5,20.0,475,1,0
193,0,-1.0,293,0,3
293,3,-1.0,273,0,0
273,0,-1.0,373,0,2
373,2,-1.0,393,0,3
393,3,-1.0,373,0,0
373,0,-1.0,473,0,5
473,5,-10.0,473,0,4
473,4,-1.0,477,0,2
477,2,-1.0,497,0,1
497,1,-1.0,397,0,1
397,1,-1.0,297,0,1
297,1,-1.0,197,0,1
197,1,-1.0,97,0,5
97,5,20.0,85,1,0
23,3,-1.0,3,0,4
3,4,-1.0,19,0,0
19,0,-1.0,119,0,0
119,0,-1.0,219,0,2
219,2,-1.0,239,0,2
239,2,-1.0,259,0,2
259,2,-1.0,279,0,0
279,0,-1.0,379,0,0
379,0,-1.0,479,0,5
479,5,20.0,475,1,0
467,2,-1.0,487,0,1
487,1,-1.0,387,0,1
387,1,-1.0,287,0,1
287,1,-1.0,187,0,1
187,1,-1.0,87,0,4
87,4,-1.0,99,0,3
99,3,-1.0,79,0,0
79,0,-1.0,179,0,0
179,0,-1.0,279,0,0
279,0,-1.0,379,0,0
379,0,-1.0,479,0,5
479,5,20.0,475,1,0
311,0,-1.0,411,0,5
411,5,-10.0,411,0,4
411,4,-1.0,419,0,1
419,1,-1.0,319,0,1
319,1,-1.0,219,0,2
219,2,-1.0,239,0,2
239,2,-1.0,259,0,2
259,2,-1.0,279,0,0
279,0,-1.0,379,0,0
379,0,-1.0,479,0,5
479,5,20.0,475,1,0
323,1,-1.0,223,0,1
223,1,-1.0,123,0,3
123,3,-1.0,103,0,1
103,1,-1.0,3,0,4
3,4,-1.0,19,0,1
19,1,-1.0,19,0,0
19,0,-1.0,119,0,0
119,0,-1.0,219,0,1
219,1,-1.0,119,0,0
119,0,-1.0,219,0,2
219,2,-1.0,239,0,2
239,2,-1.0,259,0,2
259,2,-1.0,279,0,0
279,0,-1.0,379,0,0
379,0,-1.0,479,0,5
479,5,20.0,475,1,0
374,0,-1.0,474,0,4
474,4,-1.0,478,0,1
478,1,-1.0,378,0,1
378,1,-1.0,278,0,3
278,3,-1.0,258,0,3
258,3,-1.0,238,0,3
238,3,-1.0,218,0,5
218,5,-10.0,218,0,0
218,0,-1.0,318,0,0
318,0,-1.0,418,0,5
418,5,20.0,410,1,0
349,1,-1.0,249,0,3
249,3,-1.0,229,0,3
229,3,-1.0,209,0,0
209,0,-1.0,309,0,0
309,0,-1.0,409,0,4
409,4,-1.0,417,0,1
417,1,-1.0,317,0,1
317,1,-1.0,217,0,2
217,2,-1.0,237,0,2
237,2,-1.0,257,0,1
257,1,-1.0,157,0,2
157,2,-1.0,177,0,2
177,2,-1.0,197,0,1
197,1,-1.0,97,0,5
97,5,20.0,85,1,0
486,1,-1.0,386,0,1
386,1,-1.0,286,0,1
286,1,-1.0,186,0,1
186,1,-1.0,86,0,4
86,4,-1.0,98,0,5
98,5,-1.0,86,0,4
86,4,-1.0,98,0,0
98,0,-1.0,198,0,0
198,0,-1.0,298,0,3
298,3,-1.0,278,0,4
278,4,-10.0,278,0,3
278,3,-1.0,258,0,3
258,3,-1.0,238,0,3
238,3,-1.0,218,0,0
218,0,-1.0,318,0,0
318,0,-1.0,418,0,0
418,0,-1.0,418,0,5
418,5,20.0,410,1,0
211,0,-1.0,311,0,0
311,0,-1.0,411,0,4
411,4,-1.0,419,0,1
419,1,-1.0,319,0,1
319,1,-1.0,219,0,2
219,2,-1.0,239,0,2
239,2,-1.0,259,0,2
259,2,-1.0,279,0,0
279,0,-1.0,379,0,0
379,0,-1.0,479,0,5
479,5,20.0,475,1,0
393,3,-1.0,373,0,1
373,1,-1.0,273,0,0
273,0,-1.0,373,0,2
373,2,-1.0,393,0,3
393,3,-1.0,373,0,0
373,0,-1.0,473,0,4
473,4,-1.0,477,0,2
477,2,-1.0,497,0,1
497,1,-1.0,397,0,0
397,0,-1.0,497,0,1
497,1,-1.0,397,0,1
397,1,-1.0,297,0,1
297,1,-1.0,197,0,1
197,1,-1.0,97,0,5
97,5,20.0,85,1,0
193,0,-1.0,293,0,3
293,3,-1.0,273,0,0
273,0,-1.0,373,0,0
373,0,-1.0,473,0,4
473,4,-1.0,477,0,2
477,2,-1.0,497,0,1
497,1,-1.0,397,0,1
397,1,-1.0,297,0,1
297,1,-1.0,197,0,4
197,4,-10.0,197,0,1
197,1,-1.0,97,0,1
97,1,-1.0,97,0,5
97,5,20.0,85,1,0
183,3,-1.0,163,0,0
163,0,-1.0,263,0,3
263,3,-1.0,243,0,3
243,3,-1.0,223,0,1
223,1,-1.0,123,0,3
123,3,-1.0,103,0,1
103,1,-1.0,3,0,2
3,2,-1.0,23,0,3
23,3,-1.0,3,0,4
3,4,-1.0,19,0,0
19,0,-1.0,119,0,0
119,0,-1.0,219,0,3
219,3,-1.0,219,0,2
219,2,-1.0,239,0,2
239,2,-1.0,259,0,2
259,2,-1.0,279,0,0
279,0,-1.0,379,0,0
379,0,-1.0,479,0,5
479,5,20.0,475,1,0
164,2,-1.0,184,0,1
184,1,-1.0,84,0,4
84,4,-1.0,96,0,0
96,0,-1.0,196,0,3
196,3,-1.0,176,0,0
176,0,-1.0,276,0,3
276,3,-1.0,256,0,3
256,3,-1.0,236,0,1
236,1,-1.0,136,0,3
136,3,-1.0,116,0,1
116,1,-1.0,16,0,5
16,5,20.0,0,1,0
103,1,-1.0,3,0,4
3,4,-1.0,19,0,0
19,0,-1.0,119,0,0
119,0,-1.0,219,0,2
219,2,-1.0,239,0,2
239,2,-1.0,259,0,2
259,2,-1.0,279,0,0
279,0,-1.0,379,0,0
379,0,-1.0,479,0,5
479,5,20.0,475,1,0
422,3,-1.0,422,0,1
422,1,-1.0,322,0,1
322,1,-1.0,222,0,1
222,1,-1.0,122,0,3
122,3,-1.0,102,0,3
102,3,-1.0,102,0,1
102,1,-1.0,2,0,4
2,4,-1.0,18,0,0
18,0,-1.0,118,0,0
118,0,-1.0,218,0,0
218,0,-1.0,318,0,0
318,0,-1.0,418,0,5
418,5,20.0,410,1,0
492,3,-1.0,472,0,2
472,2,-1.0,492,0,3
492,3,-1.0,472,0,4
472,4,-1.0,476,0,1
476,1,-1.0,376,0,1
376,1,-1.0,276,0,3
276,3,-1.0,256,0,3
256,3,-1.0,236,0,1
236,1,-1.0,136,0,3
136,3,-1.0,116,0,1
116,1,-1.0,16,0,5
16,5,20.0,0,1,0
307,1,-1.0,207,0,2
207,2,-1.0,227,0,2
227,2,-1.0,247,0,3
247,3,-1.0,227,0,4
227,4,-10.0,227,0,2
227,2,-1.0,247,0,2
247,2,-1.0,267,0,2
267,2,-1.0,287,0,1
287,1,-1.0,187,0,1
187,1,-1.0,87,0,4
87,4,-1.0,99,0,3
99,3,-1.0,79,0,0
79,0,-1.0,179,0,0
179,0,-1.0,279,0,0
279,0,-1.0,379,0,0
379,0,-1.0,479,0,5
479,5,20.0,475,1,0
44,2,-1.0,64,0,2
64,2,-1.0,84,0,4
84,4,-1.0,96,0,0
96,0,-1.0,196,0,3
196,3,-1.0,176,0,0
176,0,-1.0,276,0,3
276,3,-1.0,256,0,3
256,3,-1.0,236,0,1
236,1,-1.0,136,0,3
136,3,-1.0,116,0,1
116,1,-1.0,16,0,1
16,1,-1.0,16,0,5
16,5,20.0,0,1,0
328,1,-1.0,228,0,3
228,3,-1.0,208,0,0
208,0,-1.0,308,0,0
308,0,-1.0,408,0,4
408,4,-1.0,416,0,1
416,1,-1.0,316,0,1
316,1,-1.0,216,0,1
216,1,-1.0,116,0,1
116,1,-1.0,16,0,5
16,5,20.0,0,1,0
444,1,-1.0,344,0,1
344,1,-1.0,244,0,1
244,1,-1.0,144,0,2
144,2,-1.0,164,0,2
164,2,-1.0,184,0,1
184,1,-1.0,84,0,4
84,4,-1.0,96,0,0
96,0,-1.0,196,0,3
196,3,-1.0,176,0,0
176,0,-1.0,276,0,3
276,3,-1.0,256,0,3
256,3,-1.0,236,0,1
236,1,-1.0,136,0,3
136,3,-1.0,116,0,1
116,1,-1.0,16,0,5
16,5,20.0,0,1,0
281,3,-1.0,261,0,3
261,3,-1.0,241,0,3
241,3,-1.0,221,0,1
221,1,-1.0,121,0,1
121,1,-1.0,21,0,3
21,3,-1.0,1,0,4
1,4,-1.0,17,0,0
17,0,-1.0,117,0,2
117,2,-1.0,137,0,0
137,0,-1.0,237,0,2
237,2,-1.0,257,0,1
257,1,-1.0,157,0,2
157,2,-1.0,177,0,2
177,2,-1.0,197,0,1
197,1,-1.0,97,0,5
97,5,20.0,85,1,0
184,1,-1.0,84,0,4
84,4,-1.0,96,0,0
96,0,-1.0,196,0,3
196,3,-1.0,176,0,0
176,0,-1.0,276,0,3
276,3,-1.0,256,0,3
256,3,-1.0,236,0,1
236,1,-1.0,136,0,3
136,3,-1.0,116,0,1
116,1,-1.0,16,0,5
16,5,20.0,0,1,0
482,3,-1.0,462,0,1
462,1,-1.0,362,0,1
362,1,-1.0,262,0,3
262,3,-1.0,242,0,3
242,3,-1.0,222,0,5
222,5,-10.0,222,0,1
222,1,-1.0,122,0,3
122,3,-1.0,102,0,1
102,1,-1.0,2,0,4
2,4,-1.0,18,0,0
18,0,-1.0,118,0,0
118,0,-1.0,218,0,0
218,0,-1.0,318,0,0
318,0,-1.0,418,0,5
418,5,20.0,410,1,0
54,2,-1.0,74,0,0
74,0,-1.0,174,0,0
174,0,-1.0,274,0,0
274,0,-1.0,374,0,0
374,0,-1.0,474,0,4
474,4,-1.0,478,0,1
478,1,-1.0,378,0,1
378,1,-1.0,278,0,3
278,3,-1.0,258,0,3
258,3,-1.0,238,0,3
238,3,-1.0,218,0,0
218,0,-1.0,318,0,0
318,0,-1.0,418,0,4
418,4,-10.0,418,0,5
418,5,20.0,410,1,0
492,0,-1.0,492,0,3
492,3,-1.0,472,0,4
472,4,-1.0,476,0,1
476,1,-1.0,376,0,1
376,1,-1.0,276,0,3
276,3,-1.0,256,0,3
256,3,-1.0,236,0,1
236,1,-1.0,136,0,3
136,3,-1.0,116,0,1
116,1,-1.0,16,0,5
16,5,20.0,0,1,0
428,1,-1.0,328,0,4
328,4,-10.0,328,0,1
328,1,-1.0,228,0,3
228,3,-1.0,208,0,0
208,0,-1.0,308,0,0
308,0,-1.0,408,0,4
408,4,-1.0,416,0,1
416,1,-1.0,316,0,1
316,1,-1.0,216,0,1
216,1,-1.0,116,0,1
116,1,-1.0,16,0,5
16,5,20.0,0,1,0
323,1,-1.0,223,0,1
223,1,-1.0,123,0,3
123,3,-1.0,103,0,1
103,1,-1.0,3,0,4
3,4,-1.0,19,0,0
19,0,-1.0,119,0,0
119,0,-1.0,219,0,2
219,2,-1.0,239,0,2
239,2,-1.0,259,0,1
259,1,-1.0,159,0,0
159,0,-1.0,259,0,1
259,1,-1.0,159,0,0
159,0,-1.0,259,0,3
259,3,-1.0,239,0,2
239,2,-1.0,259,0,2
259,2,-1.0,279,0,0
279,0,-1.0,379,0,0
379,0,-1.0,479,0,5
479,5,20.0,475,1,0
232,2,-1.0,252,0,2
252,2,-1.0,272,0,0
272,0,-1.0,372,0,1
372,1,-1.0,272,0,0
272,0,-1.0,372,0,0
372,0,-1.0,472,0,4
472,4,-1.0,476,0,1
476,1,-1.0,376,0,1
376,1,-1.0,276,0,3
276,3,-1.0,256,0,3
256,3,-1.0,236,0,1
236,1,-1.0,136,0,3
136,3,-1.0,116,0,2
116,2,-1.0,136,0,3
136,3,-1.0,116,0,2
116,2,-1.0,136,0,3
136,3,-1.0,116,0,1
116,1,-1.0,16,0,5
16,5,20.0,0,1,0
449,1,-1.0,349,0,1
349,1,-1.0,249,0,3
249,3,-1.0,229,0,3
229,3,-1.0,209,0,0
209,0,-1.0,309,0,0
309,0,-1.0,409,0,4
409,4,-1.0,417,0,1
417,1,-1.0,317,0,1
317,1,-1.0,217,0,2
217,2,-1.0,237,0,2
237,2,-1.0,257,0,1
257,1,-1.0,157,0,2
157,2,-1.0,177,0,2
177,2,-1.0,197,0,1
197,1,-1.0,97,0,5
97,5,20.0,85,1,0
323,1,-1.0,223,0,1
223,1,-1.0,123,0,3
123,3,-1.0,103,0,1
103,1,-1.0,3,0,4
3,4,-1.0,19,0,0
19,0,-1.0,119,0,0
119,0,-1.0,219,0,4
219,4,-10.0,219,0,2
219,2,-1.0,239,0,2
239,2,-1.0,259,0,2
259,2,-1.0,279,0,0
279,0,-1.0,379,0,0
379,0,-1.0,479,0,5
479,5,20.0,475,1,0
386,5,-10.0,386,0,1
386,1,-1.0,286,0,1
286,1,-1.0,186,0,1
186,1,-1.0,86,0,4
86,4,-1.0,98,0,0
98,0,-1.0,198,0,0
198,0,-1.0,298,0,3
298,3,-1.0,278,0,3
278,3,-1.0,258,0,3
258,3,-1.0,238,0,3
238,3,-1.0,218,0,0
218,0,-1.0,318,0,2
318,2,-1.0,318,0,0
318,0,-1.0,418,0,5
418,5,20.0,410,1,0
151,0,-1.0,251,0,3
251,3,-1.0,231,0,3
231,3,-1.0,211,0,0
211,0,-1.0,311,0,2
311,2,-1.0,311,0,0
311,0,-1.0,411,0,4
411,4,-1.0,419,0,1
419,1,-1.0,319,0,1
319,1,-1.0,219,0,2
219,2,-1.0,239,0,2
239,2,-1.0,259,0,2
259,2,-1.0,279,0,0
279,0,-1.0,379,0,0
379,0,-1.0,479,0,5
479,5,20.0,475,1,0
344,0,-1.0,444,0,1
444,1,-1.0,344,0,1
344,1,-1.0,244,0,1
244,1,-1.0,144,0,2
144,2,-1.0,164,0,2
164,2,-1.0,184,0,1
184,1,-1.0,84,0,4
84,4,-1.0,96,0,0
96,0,-1.0,196,0,3
196,3,-1.0,176,0,0
176,0,-1.0,276,0,3
276,3,-1.0,256,0,3
256,3,-1.0,236,0,1
236,1,-1.0,136,0,3
136,3,-1.0,116,0,1
116,1,-1.0,16,0,5
16,5,20.0,0,1,0
41,0,-1.0,141,0,3
141,3,-1.0,141,0,0
141,0,-1.0,241,0,3
241,3,-1.0,221,0,1
221,1,-1.0,121,0,1
121,1,-1.0,21,0,3
21,3,-1.0,1,0,4
1,4,-1.0,17,0,2
17,2,-1.0,37,0,0
37,0,-1.0,137,0,0
137,0,-1.0,237,0,2
237,2,-1.0,257,0,1
257,1,-1.0,157,0,2
157,2,-1.0,177,0,2
177,2,-1.0,197,0,1
197,1,-1.0,97,0,5
97,5,20.0,85,1,0
208,0,-1.0,308,0,0
308,0,-1.0,408,0,4
408,4,-1.0,416,0,1
416,1,-1.0,316,0,1
316,1,-1.0,216,0,1
216,1,-1.0,116,0,1
116,1,-1.0,16,0,5
16,5,20.0,0,1,0
91,3,-1.0,71,0,0
71,0,-1.0,171,0,0
171,0,-1.0,271,0,3
271,3,-1.0,251,0,3
251,3,-1.0,231,0,3
231,3,-1.0,211,0,0
211,0,-1.0,311,0,0
311,0,-1.0,411,0,4
411,4,-1.0,419,0,1
419,1,-1.0,319,0,1
319,1,-1.0,219,0,2
219,2,-1.0,239,0,2
239,2,-1.0,259,0,2
259,2,-1.0,279,0,0
279,0,-1.0,379,0,5
379,5,-10.0,379,0,2
379,2,-1.0,399,0,3
399,3,-1.0,379,0,0
379,0,-1.0,479,0,5
479,5,20.0,475,1,0
108,0,-1.0,208,0,0
208,0,-1.0,308,0,0
308,0,-1.0,408,0,4
408,4,-1.0,416,0,1
416,1,-1.0,316,0,1
316,1,-1.0,216,0,1
216,1,-1.0,116,0,0
116,0,-1.0,216,0,1
216,1,-1.0,116,0,1
116,1,-1.0,16,0,5
16,5,20.0,0,1,0
308,0,-1.0,408,0,4
408,4,-1.0,416,0,1
416,1,-1.0,316,0,1
316,1,-1.0,216,0,1
216,1,-1.0,116,0,1
116,1,-1.0,16,0,5
16,5,20.0,0,1,0
113,0,-1.0,213,0,2
213,2,-1.0,233,0,2
233,2,-1.0,253,0,2
253,2,-1.0,273,0,0
273,0,-1.0,373,0,0
373,0,-1.0,473,0,4
473,4,-1.0,477,0,2
477,2,-1.0,497,0,1
497,1,-1.0,397,0,1
397,1,-1.0,297,0,1
297,1,-1.0,197,0,1
197,1,-1.0,97,0,5
97,5,20.0,85,1,0
484,1,-1.0,384,0,1
384,1,-1.0,284,0,4
284,4,-10.0,284,0,1
284,1,-1.0,184,0,1
184,1,-1.0,84,0,4
84,4,-1.0,96,0,0
96,0,-1.0,196,0,3
196,3,-1.0,176,0,0
176,0,-1.0,276,0,3
276,3,-1.0,256,0,3
256,3,-1.0,236,0,1
236,1,-1.0,136,0,3
136,3,-1.0,116,0,1
116,1,-1.0,16,0,5
16,5,20.0,0,1,0
471,1,-1.0,371,0,1
371,1,-1.0,271,0,3
271,3,-1.0,251,0,3
251,3,-1.0,231,0,3
231,3,-1.0,211,0,0
211,0,-1.0,311,0,0
311,0,-1.0,411,0,4
411,4,-1.0,419,0,1
419,1,-1.0,319,0,1
319,1,-1.0,219,0,2
219,2,-1.0,239,0,2
239,2,-1.0,259,0,3
259,3,-1.0,239,0,2
239,2,-1.0,259,0,2
259,2,-1.0,279,0,0
279,0,-1.0,379,0,0
379,0,-1.0,479,0,5
479,5,20.0,475,1,0
327,2,-1.0,347,0,1
347,1,-1.0,247,0,2
247,2,-1.0,267,0,2
267,2,-1.0,287,0,1
287,1,-1.0,187,0,1
187,1,-1.0,87,0,4
87,4,-1.0,99,0,3
99,3,-1.0,79,0,0
79,0,-1.0,179,0,0
179,0,-1.0,279,0,0
279,0,-1.0,379,0,0
379,0,-1.0,479,0,5
479,5,20.0,475,1,0
224,2,-1.0,244,0,1
244,1,-1.0,144,0,2
144,2,-1.0,164,0,2
164,2,-1.0,184,0,1
184,1,-1.0,84,0,4
84,4,-1.0,96,0,0
96,0,-1.0,196,0,3
196,3,-1.0,176,0,0
176,0,-1.0,276,0,3
276,3,-1.0,256,0,3
256,3,-1.0,236,0,1
236,1,-1.0,136,0,3
136,3,-1.0,116,0,0
116,0,-1.0,216,0,1
216,1,-1.0,116,0,1
116,1,-1.0,16,0,5
16,5,20.0,0,1,0
127,0,-1.0,227,0,4
227,4,-10.0,227,0,2
227,2,-1.0,247,0,2
247,2,-1.0,267,0,2
267,2,-1.0,287,0,1
287,1,-1.0,187,0,0
187,0,-1.0,287,0,1
287,1,-1.0,187,0,1
187,1,-1.0,87,0,4
87,4,-1.0,99,0,3
99,3,-1.0,79,0,5
79,5,-10.0,79,0,0
79,0,-1.0,179,0,0
179,0,-1.0,279,0,0
279,0,-1.0,379,0,0
379,0,-1.0,479,0,3
479,3,-1.0,479,0,5
479,5,20.0,475,1,0
349,1,-1.0,249,0,3
249,3,-1.0,229,0,5
229,5,-10.0,229,0,3
229,3,-1.0,209,0,0
209,0,-1.0,309,0,0
309,0,-1.0,409,0,1
409,1,-1.0,309,0,0
309,0,-1.0,409,0,4
409,4,-1.0,417,0,0
417,0,-1.0,417,0,1
417,1,-1.0,317,0,1
317,1,-1.0,217,0,2
217,2,-1.0,237,0,2
237,2,-1.0,257,0,1
257,1,-1.0,157,0,2
157,2,-1.0,177,0,1
177,1,-1.0,77,0,2
77,2,-1.0,97,0,5
97,5,20.0,85,1,0
201,1,-1.0,101,0,1
101,1,-1.0,1,0,4
1,4,-1.0,17,0,0
17,0,-1.0,117,0,2
117,2,-1.0,137,0,0
137,0,-1.0,237,0,2
237,2,-1.0,257,0,1
257,1,-1.0,157,0,3
157,3,-1.0,157,0,2
157,2,-1.0,177,0,2
177,2,-1.0,197,0,1
197,1,-1.0,97,0,5
97,5,20.0,85,1,0
402,1,-1.0,302,0,1
302,1,-1.0,202,0,1
202,1,-1.0,102,0,1
102,1,-1.0,2,0,4
2,4,-1.0,18,0,0
18,0,-1.0,118,0,0
118,0,-1.0,218,0,0
218,0,-1.0,318,0,0
318,0,-1.0,418,0,5
418,5,20.0,410,1,0
222,1,-1.0,122,0,4
122,4,-10.0,122,0,3
122,3,-1.0,102,0,1
102,1,-1.0,2,0,2
2,2,-1.0,22,0,3
22,3,-1.0,2,0,4
2,4,-1.0,18,0,0
18,0,-1.0,118,0,0
118,0,-1.0,218,0,0
218,0,-1.0,318,0,0
318,0,-1.0,418,0,5
418,5,20.0,410,1,0
112,0,-1.0,212,0,2
212,2,-1.0,232,0,2
232,2,-1.0,252,0,2
252,2,-1.0,272,0,0
272,0,-1.0,372,0,0
372,0,-1.0,472,0,4
472,4,-1.0,476,0,1
476,1,-1.0,376,0,1
376,1,-1.0,276,0,3
276,3,-1.0,256,0,5
256,5,-10.0,256,0,3
256,3,-1.0,236,0,1
236,1,-1.0,136,0,3
136,3,-1.0,116,0,1
116,1,-1.0,16,0,5
16,5,20.0,0,1,0
168,0,-1.0,268,0,3
268,3,-1.0,248,0,3
248,3,-1.0,228,0,3
228,3,-1.0,208,0,0
208,0,-1.0,308,0,0
308,0,-1.0,408,0,5
408,5,-10.0,408,0,5
408,5,-10.0,408,0,4
408,4,-1.0,416,0,1
416,1,-1.0,316,0,1
316,1,-1.0,216,0,1
216,1,-1.0,116,0,1
116,1,-1.0,16,0,5
16,5,20.0,0,1,0
146,2,-1.0,166,0,0
166,0,-1.0,266,0,2
266,2,-1.0,286,0,1
286,1,-1.0,186,0,1
186,1,-1.0,86,0,4
86,4,-1.0,98,0,0
98,0,-1.0,198,0,0
198,0,-1.0,298,0,3
298,3,-1.0,278,0,3
278,3,-1.0,258,0,3
258,3,-1.0,238,0,3
238,3,-1.0,218,0,0
218,0,-1.0,318,0,0
318,0,-1.0,418,0,5
418,5,20.0,410,1,0
329,1,-1.0,229,0,3
229,3,-1.0,209,0,0
209,0,-1.0,309,0,0
309,0,-1.0,409,0,4
409,4,-1.0,417,0,1
417,1,-1.0,317,0,1
317,1,-1.0,217,0,2
217,2,-1.0,237,0,2
237,2,-1.0,257,0,1
257,1,-1.0,157,0,2
157,2,-1.0,177,0,2
177,2,-1.0,197,0,1
197,1,-1.0,97,0,5
97,5,20.0,85,1,0
211,0,-1.0,311,0,0
311,0,-1.0,411,0,4
411,4,-1.0,419,0,2
419,2,-1.0,419,0,1
419,1,-1.0,319,0,2
319,2,-1.0,319,0,3
319,3,-1.0,319,0,1
319,1,-1.0,219,0,2
219,2,-1.0,239,0,2
239,2,-1.0,259,0,2
259,2,-1.0,279,0,0
279,0,-1.0,379,0,0
379,0,-1.0,479,0,5
479,5,20.0,475,1,0
404,1,-1.0,304,0,1
304,1,-1.0,204,0,2
204,2,-1.0,224,0,2
224,2,-1.0,244,0,1
244,1,-1.0,144,0,2
144,2,-1.0,164,0,2
164,2,-1.0,184,0,1
184,1,-1.0,84,0,4
84,4,-1.0,96,0,5
96,5,-1.0,84,0,4
84,4,-1.0,96,0,0
96,0,-1.0,196,0,3
196,3,-1.0,176,0,0
176,0,-1.0,276,0,3
276,3,-1.0,256,0,3
256,3,-1.0,236,0,1
236,1,-1.0,136,0,0
136,0,-1.0,236,0,1
236,1,-1.0,136,0,3
136,3,-1.0,116,0,1
116,1,-1.0,16,0,5
16,5,20.0,0,1,0
381,1,-1.0,281,0,3
281,3,-1.0,261,0,3
261,3,-1.0,241,0,3
241,3,-1.0,221,0,1
221,1,-1.0,121,0,1
121,1,-1.0,21,0,3
21,3,-1.0,1,0,4
1,4,-1.0,17,0,0
17,0,-1.0,117,0,2
117,2,-1.0,137,0,4
137,4,-10.0,137,0,1
137,1,-1.0,37,0,0
37,0,-1.0,137,0,0
137,0,-1.0,237,0,2
237,2,-1.0,257,0,1
257,1,-1.0,157,0,2
157,2,-1.0,177,0,2
177,2,-1.0,197,0,1
197,1,-1.0,97,0,5
97,5,20.0,85,1,0
381,1,-1.0,281,0,3
281,3,-1.0,261,0,3
261,3,-1.0,241,0,3
241,3,-1.0,221,0,1
221,1,-1.0,121,0,1
121,1,-1.0,21,0,3
21,3,-1.0,1,0,4
1,4,-1.0,17,0,0
17,0,-1.0,117,0,2
117,2,-1.0,137,0,0
137,0,-1.0,237,0,2
237,2,-1.0,257,0,1
257,1,-1.0,157,0,2
157,2,-1.0,177,0,2
177,2,-1.0,197,0,1
197,1,-1.0,97,0,5
97,5,20.0,85,1,0
472,1,-1.0,372,0,0
372,0,-1.0,472,0,4
472,4,-1.0,476,0,4
476,4,-10.0,476,0,1
476,1,-1.0,376,0,1
376,1,-1.0,276,0,2
276,2,-1.0,296,0,3
296,3,-1.0,276,0,3
276,3,-1.0,256,0,3
256,3,-1.0,236,0,1
236,1,-1.0,136,0,3
136,3,-1.0,116,0,1
116,1,-1.0,16,0,5
16,5,20.0,0,1,0
369,1,-1.0,269,0,3
269,3,-1.0,249,0,5
249,5,-10.0,249,0,3
249,3,-1.0,229,0,3
229,3,-1.0,209,0,0
209,0,-1.0,309,0,4
309,4,-10.0,309,0,0
309,0,-1.0,409,0,4
409,4,-1.0,417,0,1
417,1,-1.0,317,0,1
317,1,-1.0,217,0,2
217,2,-1.0,237,0,2
237,2,-1.0,257,0,1
257,1,-1.0,157,0,2
157,2,-1.0,177,0,3
177,3,-1.0,157,0,2
157,2,-1.0,177,0,2
177,2,-1.0,197,0,1
197,1,-1.0,97,0,5
97,5,20.0,85,1,0
371,1,-1.0,271,0,0
271,0,-1.0,371,0,1
371,1,-1.0,271,0,3
271,3,-1.0,251,0,3
251,3,-1.0,231,0,3
231,3,-1.0,211,0,0
211,0,-1.0,311,0,4
311,4,-10.0,311,0,0
311,0,-1.0,411,0,4
411,4,-1.0,419,0,1
419,1,-1.0,319,0,1
319,1,-1.0,219,0,2
219,2,-1.0,239,0,2
239,2,-1.0,259,0,2
259,2,-1.0,279,0,0
279,0,-1.0,379,0,0
379,0,-1.0,479,0,5
479,5,20.0,475,1,0
392,3,-1.0,372,0,0
372,0,-1.0,472,0,4
472,4,-1.0,476,0,1
476,1,-1.0,376,0,1
376,1,-1.0,276,0,3
276,3,-1.0,256,0,3
256,3,-1.0,236,0,1
236,1,-1.0,136,0,3
136,3,-1.0,116,0,1
116,1,-1.0,16,0,5
16,5,20.0,0,1,0
272,0,-1.0,372,0,0
372,0,-1.0,472,0,4
472,4,-1.0,476,0,1
476,1,-1.0,376,0,1
376,1,-1.0,276,0,3
276,3,-1.0,256,0,0
256,0,-1.0,356,0,3
356,3,-1.0,336,0,1
336,1,-1.0,236,0,1
236,1,-1.0,136,0,3
136,3,-1.0,116,0,1
116,1,-1.0,16,0,5
16,5,20.0,0,1,0
311,0,-1.0,411,0,4
411,4,-1.0,419,0,1
419,1,-1.0,319,0,1
319,1,-1.0,219,0,2
219,2,-1.0,239,0,2
239,2,-1.0,259,0,2
259,2,-1.0,279,0,0
279,0,-1.0,379,0,0
379,0,-1.0,479,0,5
479,5,20.0,475,1,0
366,2,-1.0,386,0,1
386,1,-1.0,286,0,1
286,1,-1.0,186,0,1
186,1,-1.0,86,0,4
86,4,-1.0,98,0,0
98,0,-1.0,198,0,0
198,0,-1.0,298,0,3
298,3,-1.0,278,0,3
278,3,-1.0,258,0,3
258,3,-1.0,238,0,3
238,3,-1.0,218,0,0
218,0,-1.0,318,0,0
318,0,-1.0,418,0,5
418,5,20.0,410,1,0
48,0,-1.0,148,0,0
148,0,-1.0,248,0,3
248,3,-1.0,228,0,3
228,3,-1.0,208,0,0
208,0,-1.0,308,0,0
308,0,-1.0,408,0,4
408,4,-1.0,416,0,1
416,1,-1.0,316,0,1
316,1,-1.0,216,0,1
216,1,-1.0,116,0,1
116,1,-1.0,16,0,5
16,5,20.0,0,1,0
387,1,-1.0,287,0,1
287,1,-1.0,187,0,1
187,1,-1.0,87,0,1
87,1,-1.0,87,0,4
87,4,-1.0,99,0,3
99,3,-1.0,79,0,0
79,0,-1.0,179,0,0
179,0,-1.0,279,0,0
279,0,-1.0,379,0,0
379,0,-1.0,479,0,5
479,5,20.0,475,1,0
332,1,-1.0,232,0,0
232,0,-1.0,332,0,1
332,1,-1.0,232,0,2
232,2,-1.0,252,0,2
252,2,-1.0,272,0,0
272,0,-1.0,372,0,3
372,3,-1.0,372,0,0
372,0,-1.0,472,0,4
472,4,-1.0,476,0,1
476,1,-1.0,376,0,4
376,4,-10.0,376,0,1
376,1,-1.0,276,0,3
276,3,-1.0,256,0,3
256,3,-1.0,236,0,5
236,5,-10.0,236,0,1
236,1,-1.0,136,0,3
136,3,-1.0,116,0,1
116,1,-1.0,16,0,5
16,5,20.0,0,1,0
14,0,-1.0,114,0,2
114,2,-1.0,134,0,0
134,0,-1.0,234,0,2
234,2,-1.0,254,0,2
254,2,-1.0,274,0,0
274,0,-1.0,374,0,0
374,0,-1.0,474,0,4
474,4,-1.0,478,0,1
478,1,-1.0,378,0,1
378,1,-1.0,278,0,3
278,3,-1.0,258,0,3
258,3,-1.0,238,0,3
238,3,-1.0,218,0,5
218,5,-10.0,218,0,0
218,0,-1.0,318,0,0
318,0,-1.0,418,0,5
418,5,20.0,410,1,0
181,3,-1.0,161,0,3
161,3,-1.0,141,0,0
141,0,-1.0,241,0,3
241,3,-1.0,221,0,1
221,1,-1.0,121,0,1
121,1,-1.0,21,0,3
21,3,-1.0,1,0,4
1,4,-1.0,17,0,0
17,0,-1.0,117,0,2
117,2,-1.0,137,0,0
137,0,-1.0,237,0,2
237,2,-1.0,257,0,1
257,1,-1.0,157,0,2
157,2,-1.0,177,0,2
177,2,-1.0,197,0,1
197,1,-1.0,97,0,5
97,5,20.0,85,1,0
173,0,-1.0,273,0,0
273,0,-1.0,373,0,0
373,0,-1.0,473,0,4
473,4,-1.0,477,0,2
477,2,-1.0,497,0,1
497,1,-1.0,397,0,1
397,1,-1.0,297,0,1
297,1,-1.0,197,0,1
197,1,-1.0,97,0,5
97,5,20.0,85,1,0
382,1,-1.0,282,0,3
282,3,-1.0,262,0,3
262,3,-1.0,242,0,3
242,3,-1.0,222,0,1
222,1,-1.0,122,0,3
122,3,-1.0,102,0,1
102,1,-1.0,2,0,4
2,4,-1.0,18,0,0
18,0,-1.0,118,0,0
118,0,-1.0,218,0,0
218,0,-1.0,318,0,0
318,0,-1.0,418,0,5
418,5,20.0,410,1,0
3,4,-1.0,19,0,0
19,0,-1.0,119,0,0
119,0,-1.0,219,0,2
219,2,-1.0,239,0,2
239,2,-1.0,259,0,2
259,2,-1.0,279,0,0
279,0,-1.0,379,0,0
379,0,-1.0,479,0,4
479,4,-10.0,479,0,5
479,5,20.0,475,1,0
373,0,-1.0,473,0,4
473,4,-1.0,477,0,2
477,2,-1.0,497,0,1
497,1,-1.0,397,0,1
397,1,-1.0,297,0,1
297,1,-1.0,197,0,4
197,4,-10.0,197,0,1
197,1,-1.0,97,0,2
97,2,-1.0,97,0,5
97,5,20.0,85,1,0
306,1,-1.0,206,0,2
206,2,-1.0,226,0,1
226,1,-1.0,126,0,0
126,0,-1.0,226,0,2
226,2,-1.0,246,0,2
246,2,-1.0,266,0,2
266,2,-1.0,286,0,1
286,1,-1.0,186,0,1
186,1,-1.0,86,0,4
86,4,-1.0,98,0,0
98,0,-1.0,198,0,0
198,0,-1.0,298,0,3
298,3,-1.0,278,0,3
278,3,-1.0,258,0,3
258,3,-1.0,238,0,5
238,5,-10.0,238,0,3
238,3,-1.0,218,0,0
218,0,-1.0,318,0,0
318,0,-1.0,418,0,5
418,5,20.0,410,1,0
341,1,-1.0,241,0,3
241,3,-1.0,221,0,1
221,1,-1.0,121,0,1
121,1,-1.0,21,0,3
21,3,-1.0,1,0,4
1,4,-1.0,17,0,0
17,0,-1.0,117,0,2
117,2,-1.0,137,0,0
137,0,-1.0,237,0,2
237,2,-1.0,257,0,1
257,1,-1.0,157,0,2
157,2,-1.0,177,0,2
177,2,-1.0,197,0,1
197,1,-1.0,97,0,5
97,5,20.0,85,1,0
74,0,-1.0,174,0,0
174,0,-1.0,274,0,0
274,0,-1.0,374,0,2
374,2,-1.0,394,0,3
394,3,-1.0,374,0,0
374,0,-1.0,474,0,4
474,4,-1.0,478,0,1
478,1,-1.0,378,0,4
378,4,-10.0,378,0,1
378,1,-1.0,278,0,3
278,3,-1.0,258,0,3
258,3,-1.0,238,0,3
238,3,-1.0,218,0,0
218,0,-1.0,318,0,0
318,0,-1.0,418,0,5
418,5,20.0,410,1,0
494,3,-1.0,474,0,4
474,4,-1.0,478,0,1
478,1,-1.0,378,0,1
378,1,-1.0,278,0,3
278,3,-1.0,258,0,3
258,3,-1.0,238,0,3
238,3,-1.0,218,0,0
218,0,-1.0,318,0,0
318,0,-1.0,418,0,3
418,3,-1.0,418,0,0
418,0,-1.0,418,0,5
418,5,20.0,410,1,0
28,0,-1.0,128,0,0
128,0,-1.0,228,0,3
228,3,-1.0,208,0,0
208,0,-1.0,308,0,0
308,0,-1.0,408,0,4
408,4,-1.0,416,0,1
416,1,-1.0,316,0,1
316,1,-1.0,216,0,1
216,1,-1.0,116,0,1
116,1,-1.0,16,0,5
16,5,20.0,0,1,0
362,1,-1.0,262,0,3
262,3,-1.0,242,0,3
242,3,-1.0,222,0,1
222,1,-1.0,122,0,3
122,3,-1.0,102,0,1
102,1,-1.0,2,0,4
2,4,-1.0,18,0,0
18,0,-1.0,118,0,0
118,0,-1.0,218,0,0
218,0,-1.0,318,0,0
318,0,-1.0,418,0,0
418,0,-1.0,418,0,5
418,5,20.0,410,1,0
214,2,-1.0,234,0,2
234,2,-1.0,254,0,4
254,4,-10.0,254,0,2
254,2,-1.0,274,0,0
274,0,-1.0,374,0,0
374,0,-1.0,474,0,4
474,4,-1.0,478,0,1
478,1,-1.0,378,0,1
378,1,-1.0,278,0,3
278,3,-1.0,258,0,3
258,3,-1.0,238,0,3
238,3,-1.0,218,0,0
218,0,-1.0,318,0,0
318,0,-1.0,418,0,5
418,5,20.0,410,1,0
13,0,-1.0,113,0,0
113,0,-1.0,213,0,2
213,2,-1.0,233,0,2
233,2,-1.0,253,0,2
253,2,-1.0,273,0,0
273,0,-1.0,373,0,0
373,0,-1.0,473,0,4
473,4,-1.0,477,0,2
477,2,-1.0,497,0,1
497,1,-1.0,397,0,1
397,1,-1.0,297,0,1
297,1,-1.0,197,0,1
197,1,-1.0,97,0,5
97,5,20.0,85,1,0
294,2,-1.0,294,0,3
294,3,-1.0,274,0,0
274,0,-1.0,374,0,1
374,1,-1.0,274,0,0
274,0,-1.0,374,0,0
374,0,-1.0,474,0,4
474,4,-1.0,478,0,1
478,1,-1.0,378,0,1
378,1,-1.0,278,0,3
278,3,-1.0,258,0,2
258,2,-1.0,278,0,3
278,3,-1.0,258,0,3
258,3,-1.0,238,0,3
238,3,-1.0,218,0,0
218,0,-1.0,318,0,0
318,0,-1.0,418,0,5
418,5,20.0,410,1,0
88,3,-1.0,68,0,0
68,0,-1.0,168,0,0
168,0,-1.0,268,0,4
268,4,-10.0,268,0,3
268,3,-1.0,248,0,3
248,3,-1.0,228,0,3
228,3,-1.0,208,0,0
208,0,-1.0,308,0,0
308,0,-1.0,408,0,4
408,4,-1.0,416,0,1
416,1,-1.0,316,0,1
316,1,-1.0,216,0,1
216,1,-1.0,116,0,1
116,1,-1.0,16,0,5
16,5,20.0,0,1,0
428,1,-1.0,328,0,1
328,1,-1.0,228,0,3
228,3,-1.0,208,0,0
208,0,-1.0,308,0,0
308,0,-1.0,408,0,4
408,4,-1.0,416,0,2
416,2,-1.0,416,0,1
416,1,-1.0,316,0,1
316,1,-1.0,216,0,1
216,1,-1.0,116,0,1
116,1,-1.0,16,0,3
16,3,-1.0,16,0,5
16,5,20.0,0,1,0
41,0,-1.0,141,0,0
141,0,-1.0,241,0,3
241,3,-1.0,221,0,1
221,1,-1.0,121,0,1
121,1,-1.0,21,0,3
21,3,-1.0,1,0,4
1,4,-1.0,17,0,0
17,0,-1.0,117,0,2
117,2,-1.0,137,0,0
137,0,-1.0,237,0,2
237,2,-1.0,257,0,4
257,4,-10.0,257,0,1
257,1,-1.0,157,0,2
157,2,-1.0,177,0,2
177,2,-1.0,197,0,1
197,1,-1.0,97,0,5
97,5,20.0,85,1,0
467,2,-1.0,487,0,1
487,1,-1.0,387,0,1
387,1,-1.0,287,0,2
287,2,-1.0,287,0,1
287,1,-1.0,187,0,1
187,1,-1.0,87,0,4
87,4,-1.0,99,0,3
99,3,-1.0,79,0,0
79,0,-1.0,179,0,0
179,0,-1.0,279,0,0
279,0,-1.0,379,0,0
379,0,-1.0,479,0,5
479,5,20.0,475,1,0
433,1,-1.0,333,0,2
333,2,-1.0,353,0,1
353,1,-1.0,253,0,2
253,2,-1.0,273,0,0
273,0,-1.0,373,0,0
373,0,-1.0,473,0,4
473,4,-1.0,477,0,2
477,2,-1.0,497,0,1
497,1,-1.0,397,0,1
397,1,-1.0,297,0,1
297,1,-1.0,197,0,1
197,1,-1.0,97,0,5
97,5,20.0,85,1,0
308,0,-1.0,408,0,4
408,4,-1.0,416,0,1
416,1,-1.0,316,0,1
316,1,-1.0,216,0,1
216,1,-1.0,116,0,1
116,1,-1.0,16,0,1
16,1,-1.0,16,0,5
16,5,20.0,0,1,0
204,2,-1.0,224,0,2
224,2,-1.0,244,0,1
244,1,-1.0,144,0,3
144,3,-1.0,144,0,2
144,2,-1.0,164,0,2
164,2,-1.0,184,0,1
184,1,-1.0,84,0,1
84,1,-1.0,84,0,4
84,4,-1.0,96,0,0
96,0,-1.0,196,0,2
196,2,-1.0,196,0,3
196,3,-1.0,176,0,0
176,0,-1.0,276,0,3
276,3,-1.0,256,0,3
256,3,-1.0,236,0,5
236,5,-10.0,236,0,1
236,1,-1.0,136,0,3
136,3,-1.0,116,0,1
116,1,-1.0,16,0,5
16,5,20.0,0,1,0
464,1,-1.0,364,0,1
364,1,-1.0,264,0,2
264,2,-1.0,284,0,1
284,1,-1.0,184,0,1
184,1,-1.0,84,0,4
84,4,-1.0,96,0,0
96,0,-1.0,196,0,3
196,3,-1.0,176,0,0
176,0,-1.0,276,0,0
276,0,-1.0,376,0,1
376,1,-1.0,276,0,3
276,3,-1.0,256,0,3
256,3,-1.0,236,0,1
236,1,-1.0,136,0,3
136,3,-1.0,116,0,1
116,1,-1.0,16,0,5
16,5,20.0,0,1,0
268,3,-1.0,248,0,3
248,3,-1.0,228,0,3
228,3,-1.0,208,0,1
208,1,-1.0,108,0,0
108,0,-1.0,208,0,0
208,0,-1.0,308,0,0
308,0,-1.0,408,0,3
408,3,-1.0,408,0,4
408,4,-1.0,416,0,0
416,0,-1.0,416,0,1
416,1,-1.0,316,0,1
316,1,-1.0,216,0,1
216,1,-1.0,116,0,1
116,1,-1.0,16,0,5
16,5,20.0,0,1,0
189,3,-1.0,169,0,3
169,3,-1.0,149,0,0
149,0,-1.0,249,0,3
249,3,-1.0,229,0,3
229,3,-1.0,209,0,0
209,0,-1.0,309,0,0
309,0,-1.0,409,0,4
409,4,-1.0,417,0,1
417,1,-1.0,317,0,1
317,1,-1.0,217,0,2
217,2,-1.0,237,0,4
237,4,-10.0,237,0,2
237,2,-1.0,257,0,1
257,1,-1.0,157,0,2
157,2,-1.0,177,0,2
177,2,-1.0,197,0,1
197,1,-1.0,97,0,3
97,3,-1.0,77,0,2
77,2,-1.0,97,0,5
97,5,20.0,85,1,0
9,0,-1.0,109,0,0
109,0,-1.0,209,0,0
209,0,-1.0,309,0,0
309,0,-1.0,409,0,4
409,4,-1.0,417,0,3
417,3,-1.0,417,0,5
417,5,-1.0,409,0,4
409,4,-1.0,417,0,1
417,1,-1.0,317,0,1
317,1,-1.0,217,0,2
217,2,-1.0,237,0,2
237,2,-1.0,257,0,1
257,1,-1.0,157,0,1
157,1,-1.0,57,0,2
57,2,-1.0,77,0,2
77,2,-1.0,97,0,2
97,2,-1.0,97,0,5
97,5,20.0,85,1,0
14,0,-1.0,114,0,2
114,2,-1.0,134,0,0
134,0,-1.0,234,0,2
234,2,-1.0,254,0,2
254,2,-1.0,274,0,0
274,0,-1.0,374,0,0
374,0,-1.0,474,0,4
474,4,-1.0,478,0,1
478,1,-1.0,378,0,1
378,1,-1.0,278,0,3
278,3,-1.0,258,0,3
258,3,-1.0,238,0,3
238,3,-1.0,218,0,0
218,0,-1.0,318,0,0
318,0,-1.0,418,0,5
418,5,20.0,410,1,0
81,3,-1.0,61,0,0
61,0,-1.0,161,0,3
161,3,-1.0,141,0,0
141,0,-1.0,241,0,3
241,3,-1.0,221,0,1
221,1,-1.0,121,0,1
121,1,-1.0,21,0,3
21,3,-1.0,1,0,4
1,4,-1.0,17,0,0
17,0,-1.0,117,0,0
117,0,-1.0,217,0,2
217,2,-1.0,237,0,2
237,2,-1.0,257,0,1
257,1,-1.0,157,0,2
157,2,-1.0,177,0,2
177,2,-1.0,197,0,1
197,1,-1.0,97,0,5
97,5,20.0,85,1,0
384,1,-1.0,284,0,1
284,1,-1.0,184,0,1
184,1,-1.0,84,0,4
84,4,-1.0,96,0,0
96,0,-1.0,196,0,3
196,3,-1.0,176,0,0
176,0,-1.0,276,0,3
276,3,-1.0,256,0,3
256,3,-1.0,236,0,1
236,1,-1.0,136,0,3
136,3,-1.0,116,0,1
116,1,-1.0,16,0,5
16,5,20.0,0,1,0
347,1,-1.0,247,0,2
247,2,-1.0,267,0,2
267,2,-1.0,287,0,1
287,1,-1.0,187,0,1
187,1,-1.0,87,0,4
87,4,-1.0,99,0,0
99,0,-1.0,199,0,2
199,2,-1.0,199,0,5
199,5,-10.0,199,0,0
199,0,-1.0,299,0,3
299,3,-1.0,279,0,0
279,0,-1.0,379,0,0
379,0,-1.0,479,0,5
479,5,20.0,475,1,0
71,0,-1.0,171,0,0
171,0,-1.0,271,0,3
271,3,-1.0,251,0,3
251,3,-1.0,231,0,0
231,0,-1.0,331,0,5
331,5,-10.0,331,0,1
331,1,-1.0,231,0,3
231,3,-1.0,211,0,0
211,0,-1.0,311,0,0
311,0,-1.0,411,0,4
411,4,-1.0,419,0,1
419,1,-1.0,319,0,1
319,1,-1.0,219,0,2
219,2,-1.0,239,0,2
239,2,-1.0,259,0,5
259,5,-10.0,259,0,2
259,2,-1.0,279,0,0
279,0,-1.0,379,0,0
379,0,-1.0,479,0,5
479,5,20.0,475,1,0
224,2,-1.0,244,0,1
244,1,-1.0,144,0,2
144,2,-1.0,164,0,2
164,2,-1.0,184,0,1
184,1,-1.0,84,0,4
84,4,-1.0,96,0,0
96,0,-1.0,196,0,3
196,3,-1.0,176,0,0
176,0,-1.0,276,0,3
276,3,-1.0,256,0,3
256,3,-1.0,236,0,1
236,1,-1.0,136,0,3
136,3,-1.0,116,0,1
116,1,-1.0,16,0,0
16,0,-1.0,116,0,1
116,1,-1.0,16,0,5
16,5,20.0,0,1,0
208,0,-1.0,308,0,0
308,0,-1.0,408,0,4
408,4,-1.0,416,0,1
416,1,-1.0,316,0,1
316,1,-1.0,216,0,1
216,1,-1.0,116,0,1
116,1,-1.0,16,0,5
16,5,20.0,0,1,0
313,1,-1.0,213,0,2
213,2,-1.0,233,0,2
233,2,-1.0,253,0,2
253,2,-1.0,273,0,0
273,0,-1.0,373,0,0
373,0,-1.0,473,0,4
473,4,-1.0,477,0,3
477,3,-1.0,477,0,2
477,2,-1.0,497,0,1
497,1,-1.0,397,0,1
397,1,-1.0,297,0,1
297,1,-1.0,197,0,2
197,2,-1.0,197,0,1
197,1,-1.0,97,0,5
97,5,20.0,85,1,0
233,2,-1.0,253,0,2
253,2,-1.0,273,0,0
273,0,-1.0,373,0,0
373,0,-1.0,473,0,4
473,4,-1.0,477,0,1
477,1,-1.0,377,0,2
377,2,-1.0,397,0,1
397,1,-1.0,297,0,5
297,5,-10.0,297,0,1
297,1,-1.0,197,0,1
197,1,-1.0,97,0,5
97,5,20.0,85,1,0
383,1,-1.0,283,0,3
283,3,-1.0,263,0,3
263,3,-1.0,243,0,3
243,3,-1.0,223,0,1
223,1,-1.0,123,0,3
123,3,-1.0,103,0,1
103,1,-1.0,3,0,4
3,4,-1.0,19,0,0
19,0,-1.0,119,0,0
119,0,-1.0,219,0,2
219,2,-1.0,239,0,2
239,2,-1.0,259,0,2
259,2,-1.0,279,0,0
279,0,-1.0,379,0,0
379,0,-1.0,479,0,5
479,5,20.0,475,1,0
207,2,-1.0,227,0,2
227,2,-1.0,247,0,2
247,2,-1.0,267,0,2
267,2,-1.0,287,0,1
287,1,-1.0,187,0,1
187,1,-1.0,87,0,4
87,4,-1.0,99,0,3
99,3,-1.0,79,0,0
79,0,-1.0,179,0,0
179,0,-1.0,279,0,0
279,0,-1.0,379,0,0
379,0,-1.0,479,0,5
479,5,20.0,475,1,0
91,3,-1.0,71,0,0
71,0,-1.0,171,0,0
171,0,-1.0,271,0,1
271,1,-1.0,171,0,0
171,0,-1.0,271,0,3
271,3,-1.0,251,0,3
251,3,-1.0,231,0,3
231,3,-1.0,211,0,0
211,0,-1.0,311,0,0
311,0,-1.0,411,0,4
411,4,-1.0,419,0,1
419,1,-1.0,319,0,1
319,1,-1.0,219,0,2
219,2,-1.0,239,0,2
239,2,-1.0,259,0,4
259,4,-10.0,259,0,2
259,2,-1.0,279,0,0
279,0,-1.0,379,0,3
379,3,-1.0,379,0,0
379,0,-1.0,479,0,5
479,5,20.0,475,1,0
492,3,-1.0,472,0,4
472,4,-1.0,476,0,5
476,5,-1.0,472,0,4
472,4,-1.0,476,0,1
476,1,-1.0,376,0,1
376,1,-1.0,276,0,3
276,3,-1.0,256,0,3
256,3,-1.0,236,0,1
236,1,-1.0,136,0,3
136,3,-1.0,116,0,1
116,1,-1.0,16,0,5
16,5,20.0,0,1,0
189,0,-1.0,289,0,3
289,3,-1.0,269,0,3
269,3,-1.0,249,0,3
249,3,-1.0,229,0,3
229,3,-1.0,209,0,0
209,0,-1.0,309,0,0
309,0,-1.0,409,0,4
409,4,-1.0,417,0,1
417,1,-1.0,317,0,1
317,1,-1.0,217,0,2
217,2,-1.0,237,0,2
237,2,-1.0,257,0,1
257,1,-1.0,157,0,2
157,2,-1.0,177,0,0
177,0,-1.0,277,0,0
277,0,-1.0,377,0,2
377,2,-1.0,397,0,1
397,1,-1.0,297,0,1
297,1,-1.0,197,0,1
197,1,-1.0,97,0,5
97,5,20.0,85,1,0
252,2,-1.0,272,0,0
272,0,-1.0,372,0,0
372,0,-1.0,472,0,4
472,4,-1.0,476,0,1
476,1,-1.0,376,0,1
376,1,-1.0,276,0,3
276,3,-1.0,256,0,3
256,3,-1.0,236,0,1
236,1,-1.0,136,0,3
136,3,-1.0,116,0,1
116,1,-1.0,16,0,5
16,5,20.0,0,1,0
1,0,-1.0,101,0,1
101,1,-1.0,1,0,4
1,4,-1.0,17,0,0
17,0,-1.0,117,0,3
117,3,-1.0,117,0,2
117,2,-1.0,137,0,0
137,0,-1.0,237,0,2
237,2,-1.0,257,0,1
257,1,-1.0,157,0,2
157,2,-1.0,177,0,2
177,2,-1.0,197,0,1
197,1,-1.0,97,0,5
97,5,20.0,85,1,0
481,1,-1.0,381,0,1
381,1,-1.0,281,0,3
281,3,-1.0,261,0,3
261,3,-1.0,241,0,3
241,3,-1.0,221,0,1
221,1,-1.0,121,0,1
121,1,-1.0,21,0,3
21,3,-1.0,1,0,4
1,4,-1.0,17,0,1
17,1,-1.0,17,0,0
17,0,-1.0,117,0,2
117,2,-1.0,137,0,0
137,0,-1.0,237,0,2
237,2,-1.0,257,0,1
257,1,-1.0,157,0,2
157,2,-1.0,177,0,2
177,2,-1.0,197,0,1
197,1,-1.0,97,0,0
97,0,-1.0,197,0,1
197,1,-1.0,97,0,5
97,5,20.0,85,1,0
309,0,-1.0,409,0,5
409,5,-10.0,409,0,4
409,4,-1.0,417,0,1
417,1,-1.0,317,0,1
317,1,-1.0,217,0,2
217,2,-1.0,237,0,2
237,2,-1.0,257,0,4
257,4,-10.0,257,0,1
257,1,-1.0,157,0,1
157,1,-1.0,57,0,2
57,2,-1.0,77,0,2
77,2,-1.0,97,0,5
97,5,20.0,85,1,0
206,2,-1.0,226,0,2
226,2,-1.0,246,0,2
246,2,-1.0,266,0,2
266,2,-1.0,286,0,1
286,1,-1.0,186,0,1
186,1,-1.0,86,0,4
86,4,-1.0,98,0,0
98,0,-1.0,198,0,0
198,0,-1.0,298,0,3
298,3,-1.0,278,0,0
278,0,-1.0,378,0,1
378,1,-1.0,278,0,2
278,2,-1.0,298,0,3
298,3,-1.0,278,0,3
278,3,-1.0,258,0,3
258,3,-1.0,238,0,2
238,2,-1.0,258,0,3
258,3,-1.0,238,0,3
238,3,-1.0,218,0,2
218,2,-1.0,238,0,3
238,3,-1.0,218,0,0
218,0,-1.0,318,0,0
318,0,-1.0,418,0,5
418,5,20.0,410,1,0
388,3,-1.0,368,0,1
368,1,-1.0,268,0,3
268,3,-1.0,248,0,3
248,3,-1.0,228,0,3
228,3,-1.0,208,0,0
208,0,-1.0,308,0,0
308,0,-1.0,408,0,4
408,4,-1.0,416,0,1
416,1,-1.0,316,0,1
316,1,-1.0,216,0,1
216,1,-1.0,116,0,1
116,1,-1.0,16,0,5
16,5,20.0,0,1,0
112,0,-1.0,212,0,2
212,2,-1.0,232,0,3
232,3,-1.0,212,0,2
212,2,-1.0,232,0,2
232,2,-1.0,252,0,2
252,2,-1.0,272,0,0
272,0,-1.0,372,0,0
372,0,-1.0,472,0,4
472,4,-1.0,476,0,1
476,1,-1.0,376,0,1
376,1,-1.0,276,0,3
276,3,-1.0,256,0,3
256,3,-1.0,236,0,1
236,1,-1.0,136,0,3
136,3,-1.0,116,0,1
116,1,-1.0,16,0,5
16,5,20.0,0,1,0
289,3,-1.0,269,0,3
269,3,-1.0,249,0,3
249,3,-1.0,229,0,3
229,3,-1.0,209,0,0
209,0,-1.0,309,0,0
309,0,-1.0,409,0,4
409,4,-1.0,417,0,1
417,1,-1.0,317,0,1
317,1,-1.0,217,0,0
217,0,-1.0,317,0,1
317,1,-1.0,217,0,2
217,2,-1.0,237,0,2
237,2,-1.0,257,0,2
257,2,-1.0,277,0,1
277,1,-1.0,177,0,2
177,2,-1.0,197,0,1
197,1,-1.0,97,0,5
97,5,20.0,85,1,0
87,4,-1.0,99,0,3
99,3,-1.0,79,0,0
79,0,-1.0,179,0,0
179,0,-1.0,279,0,0
279,0,-1.0,379,0,0
379,0,-1.0,479,0,2
479,2,-1.0,499,0,3
499,3,-1.0,479,0,5
479,5,20.0,475,1,0
334,2,-1.0,354,0,1
354,1,-1.0,254,0,2
254,2,-1.0,274,0,0
274,0,-1.0,374,0,0
374,0,-1.0,474,0,4
474,4,-1.0,478,0,1
478,1,-1.0,378,0,1
378,1,-1.0,278,0,3
278,3,-1.0,258,0,2
258,2,-1.0,278,0,3
278,3,-1.0,258,0,3
258,3,-1.0,238,0,3
238,3,-1.0,218,0,0
218,0,-1.0,318,0,0
318,0,-1.0,418,0,5
418,5,20.0,410,1,0
112,0,-1.0,212,0,2
212,2,-1.0,232,0,1
232,1,-1.0,132,0,0
132,0,-1.0,232,0,2
232,2,-1.0,252,0,4
252,4,-10.0,252,0,2
252,2,-1.0,272,0,0
272,0,-1.0,372,0,0
372,0,-1.0,472,0,4
472,4,-1.0,476,0,1
476,1,-1.0,376,0,1
376,1,-1.0,276,0,3
276,3,-1.0,256,0,3
256,3,-1.0,236,0,1
236,1,-1.0,136,0,3
136,3,-1.0,116,0,1
116,1,-1.0,16,0,4
16,4,-10.0,16,0,5
16,5,20.0,0,1,0
169,3,-1.0,149,0,0
149,0,-1.0,249,0,3
249,3,-1.0,229,0,3
229,3,-1.0,209,0,0
209,0,-1.0,309,0,0
309,0,-1.0,409,0,4
409,4,-1.0,417,0,1
417,1,-1.0,317,0,1
317,1,-1.0,217,0,2
217,2,-1.0,237,0,2
237,2,-1.0,257,0,1
257,1,-1.0,157,0,2
157,2,-1.0,177,0,2
177,2,-1.0,197,0,1
197,1,-1.0,97,0,5
97,5,20.0,85,1,0
54,2,-1.0,74,0,0
74,0,-1.0,174,0,0
174,0,-1.0,274,0,0
274,0,-1.0,374,0,0
374,0,-1.0,474,0,4
474,4,-1.0,478,0,1
478,1,-1.0,378,0,1
378,1,-1.0,278,0,3
278,3,-1.0,258,0,3
258,3,-1.0,238,0,3
238,3,-1.0,218,0,0
218,0,-1.0,318,0,0
318,0,-1.0,418,0,5
418,5,20.0,410,1,0
74,0,-1.0,174,0,0
174,0,-1.0,274,0,0
274,0,-1.0,374,0,5
374,5,-10.0,374,0,0
374,0,-1.0,474,0,4
474,4,-1.0,478,0,1
478,1,-1.0,378,0,1
378,1,-1.0,278,0,0
278,0,-1.0,378,0,1
378,1,-1.0,278,0,3
278,3,-1.0,258,0,3
258,3,-1.0,238,0,3
238,3,-1.0,218,0,0
218,0,-1.0,318,0,0
318,0,-1.0,418,0,5
418,5,20.0,410,1,0
141,0,-1.0,241,0,3
241,3,-1.0,221,0,1
221,1,-1.0,121,0,1
121,1,-1.0,21,0,3
21,3,-1.0,1,0,4
1,4,-1.0,17,0,0
17,0,-1.0,117,0,2
117,2,-1.0,137,0,0
137,0,-1.0,237,0,2
237,2,-1.0,257,0,1
257,1,-1.0,157,0,0
157,0,-1.0,257,0,1
257,1,-1.0,157,0,2
157,2,-1.0,177,0,2
177,2,-1.0,197,0,1
197,1,-1.0,97,0,5
97,5,20.0,85,1,0
324,1,-1.0,224,0,2
224,2,-1.0,244,0,0
244,0,-1.0,344,0,1
344,1,-1.0,244,0,1
244,1,-1.0,144,0,2
144,2,-1.0,164,0,2
164,2,-1.0,184,0,1
184,1,-1.0,84,0,4
84,4,-1.0,96,0,0
96,0,-1.0,196,0,3
196,3,-1.0,176,0,0
176,0,-1.0,276,0,3
276,3,-1.0,256,0,3
256,3,-1.0,236,0,1
236,1,-1.0,136,0,3
136,3,-1.0,116,0,1
116,1,-1.0,16,0,5
16,5,20.0,0,1,0
163,0,-1.0,263,0,3
263,3,-1.0,243,0,3
243,3,-1.0,223,0,1
223,1,-1.0,123,0,2
123,2,-1.0,123,0,3
123,3,-1.0,103,0,4
103,4,-10.0,103,0,1
103,1,-1.0,3,0,4
3,4,-1.0,19,0,0
19,0,-1.0,119,0,0
119,0,-1.0,219,0,2
219,2,-1.0,239,0,2
239,2,-1.0,259,0,2
259,2,-1.0,279,0,0
279,0,-1.0,379,0,0
379,0,-1.0,479,0,5
479,5,20.0,475,1,0
472,4,-1.0,476,0,1
476,1,-1.0,376,0,1
376,1,-1.0,276,0,1
276,1,-1.0,176,0,0
176,0,-1.0,276,0,3
276,3,-1.0,256,0,3
256,3,-1.0,236,0,1
236,1,-1.0,136,0,3
136,3,-1.0,116,0,1
116,1,-1.0,16,0,5
16,5,20.0,0,1,0
114,2,-1.0,134,0,2
134,2,-1.0,134,0,0
134,0,-1.0,234,0,2
234,2,-1.0,254,0,2
254,2,-1.0,274,0,0
274,0,-1.0,374,0,0
374,0,-1.0,474,0,4
474,4,-1.0,478,0,1
478,1,-1.0,378,0,1
378,1,-1.0,278,0,5
278,5,-10.0,278,0,3
278,3,-1.0,258,0,1
258,1,-1.0,158,0,0
158,0,-1.0,258,0,3
258,3,-1.0,238,0,3
238,3,-1.0,218,0,0
218,0,-1.0,318,0,0
318,0,-1.0,418,0,5
418,5,20.0,410,1,0
453,1,-1.0,353,0,1
353,1,-1.0,253,0,2
253,2,-1.0,273,0,0
273,0,-1.0,373,0,0
373,0,-1.0,473,0,4
473,4,-1.0,477,0,2
477,2,-1.0,497,0,1
497,1,-1.0,397,0,1
397,1,-1.0,297,0,1
297,1,-1.0,197,0,1
197,1,-1.0,97,0,5
97,5,20.0,85,1,0
426,1,-1.0,326,0,1
326,1,-1.0,226,0,2
226,2,-1.0,246,0,2
246,2,-1.0,266,0,2
266,2,-1.0,286,0,1
286,1,-1.0,186,0,1
186,1,-1.0,86,0,4
86,4,-1.0,98,0,0
98,0,-1.0,198,0,5
198,5,-10.0,198,0,0
198,0,-1.0,298,0,3
298,3,-1.0,278,0,3
278,3,-1.0,258,0,3
258,3,-1.0,238,0,0
238,0,-1.0,338,0,1
338,1,-1.0,238,0,3
238,3,-1.0,218,0,0
218,0,-1.0,318,0,0
318,0,-1.0,418,0,5
418,5,20.0,410,1,0
494,3,-1.0,474,0,4
474,4,-1.0,478,0,1
478,1,-1.0,378,0,1
378,1,-1.0,278,0,3
278,3,-1.0,258,0,3
258,3,-1.0,238,0,3
238,3,-1.0,218,0,0
218,0,-1.0,318,0,0
318,0,-1.0,418,0,5
418,5,20.0,410,1,0
73,0,-1.0,173,0,0
173,0,-1.0,273,0,0
273,0,-1.0,373,0,0
373,0,-1.0,473,0,4
473,4,-1.0,477,0,2
477,2,-1.0,497,0,1
497,1,-1.0,397,0,1
397,1,-1.0,297,0,1
297,1,-1.0,197,0,2
197,2,-1.0,197,0,1
197,1,-1.0,97,0,5
97,5,20.0,85,1,0
166,2,-1.0,186,0,1
186,1,-1.0,86,0,4
86,4,-1.0,98,0,5
98,5,-1.0,86,0,4
86,4,-1.0,98,0,0
98,0,-1.0,198,0,0
198,0,-1.0,298,0,3
298,3,-1.0,278,0,3
278,3,-1.0,258,0,3
258,3,-1.0,238,0,3
238,3,-1.0,218,0,0
218,0,-1.0,318,0,0
318,0,-1.0,418,0,5
418,5,20.0,410,1,0
31,0,-1.0,131,0,3
131,3,-1.0,111,0,0
111,0,-1.0,211,0,0
211,0,-1.0,311,0,0
311,0,-1.0,411,0,4
411,4,-1.0,419,0,1
419,1,-1.0,319,0,1
319,1,-1.0,219,0,2
219,2,-1.0,239,0,2
239,2,-1.0,259,0,2
259,2,-1.0,279,0,0
279,0,-1.0,379,0,5
379,5,-10.0,379,0,0
379,0,-1.0,479,0,5
479,5,20.0,475,1,0
491,3,-1.0,471,0,1
471,1,-1.0,371,0,1
371,1,-1.0,271,0,3
271,3,-1.0,251,0,3
251,3,-1.0,231,0,3
231,3,-1.0,211,0,0
211,0,-1.0,311,0,0
311,0,-1.0,411,0,4
411,4,-1.0,419,0,1
419,1,-1.0,319,0,1
319,1,-1.0,219,0,2
219,2,-1.0,239,0,2
239,2,-1.0,259,0,2
259,2,-1.0,279,0,0
279,0,-1.0,379,0,3
379,3,-1.0,379,0,0
379,0,-1.0,479,0,5
479,5,20.0,475,1,0
94,3,-1.0,74,0,0
74,0,-1.0,174,0,0
174,0,-1.0,274,0,0
274,0,-1.0,374,0,0
374,0,-1.0,474,0,4
474,4,-1.0,478,0,1
478,1,-1.0,378,0,1
378,1,-1.0,278,0,3
278,3,-1.0,258,0,3
258,3,-1.0,238,0,3
238,3,-1.0,218,0,0
218,0,-1.0,318,0,0
318,0,-1.0,418,0,5
418,5,20.0,410,1,0
341,1,-1.0,241,0,3
241,3,-1.0,221,0,1
221,1,-1.0,121,0,1
121,1,-1.0,21,0,3
21,3,-1.0,1,0,4
1,4,-1.0,17,0,0
17,0,-1.0,117,0,2
117,2,-1.0,137,0,0
137,0,-1.0,237,0,2
237,2,-1.0,257,0,1
257,1,-1.0,157,0,2
157,2,-1.0,177,0,2
177,2,-1.0,197,0,1
197,1,-1.0,97,0,5
97,5,20.0,85,1,0
29,0,-1.0,129,0,3
129,3,-1.0,109,0,0
109,0,-1.0,209,0,0
209,0,-1.0,309,0,0
309,0,-1.0,409,0,4
409,4,-1.0,417,0,1
417,1,-1.0,317,0,1
317,1,-1.0,217,0,3
217,3,-1.0,217,0,2
217,2,-1.0,237,0,2
237,2,-1.0,257,0,1
257,1,-1.0,157,0,2
157,2,-1.0,177,0,2
177,2,-1.0,197,0,1
197,1,-1.0,97,0,4
97,4,-10.0,97,0,5
97,5,20.0,85,1,0
393,3,-1.0,373,0,5
373,5,-10.0,373,0,0
373,0,-1.0,473,0,4
473,4,-1.0,477,0,2
477,2,-1.0,497,0,1
497,1,-1.0,397,0,1
397,1,-1.0,297,0,1
297,1,-1.0,197,0,1
197,1,-1.0,97,0,5
97,5,20.0,85,1,0
214,2,-1.0,234,0,2
234,2,-1.0,254,0,2
254,2,-1.0,274,0,0
274,0,-1.0,374,0,0
374,0,-1.0,474,0,4
474,4,-1.0,478,0,1
478,1,-1.0,378,0,1
378,1,-1.0,278,0,3
278,3,-1.0,258,0,3
258,3,-1.0,238,0,3
238,3,-1.0,218,0,0
218,0,-1.0,318,0,0
318,0,-1.0,418,0,5
418,5,20.0,410,1,0
43,0,-1.0,143,0,0
143,0,-1.0,243,0,3
243,3,-1.0,223,0,1
223,1,-1.0,123,0,3
123,3,-1.0,103,0,1
103,1,-1.0,3,0,4
3,4,-1.0,19,0,0
19,0,-1.0,119,0,2
119,2,-1.0,139,0,0
139,0,-1.0,239,0,2
239,2,-1.0,259,0,2
259,2,-1.0,279,0,0
279,0,-1.0,379,0,0
379,0,-1.0,479,0,5
479,5,20.0,475,1,0
12,0,-1.0,112,0,0
112,0,-1.0,212,0,0
212,0,-1.0,312,0,1
312,1,-1.0,212,0,2
212,2,-1.0,232,0,2
232,2,-1.0,252,0,2
252,2,-1.0,272,0,0
272,0,-1.0,372,0,2
372,2,-1.0,392,0,3
392,3,-1.0,372,0,0
372,0,-1.0,472,0,4
472,4,-1.0,476,0,1
476,1,-1.0,376,0,1
376,1,-1.0,276,0,3
276,3,-1.0,256,0,3
256,3,-1.0,236,0,1
236,1,-1.0,136,0,3
136,3,-1.0,116,0,1
116,1,-1.0,16,0,5
16,5,20.0,0,1,0
252,2,-1.0,272,0,0
272,0,-1.0,372,0,0
372,0,-1.0,472,0,4
472,4,-1.0,476,0,1
476,1,-1.0,376,0,1
376,1,-1.0,276,0,3
276,3,-1.0,256,0,3
256,3,-1.0,236,0,1
236,1,-1.0,136,0,3
136,3,-1.0,116,0,1
116,1,-1.0,16,0,5
16,5,20.0,0,1,0
389,1,-1.0,289,0,3
289,3,-1.0,269,0,3
269,3,-1.0,249,0,3
249,3,-1.0,229,0,3
229,3,-1.0,209,0,0
209,0,-1.0,309,0,4
309,4,-10.0,309,0,0
309,0,-1.0,409,0,4
409,4,-1.0,417,0,1
417,1,-1.0,317,0,1
317,1,-1.0,217,0,2
217,2,-1.0,237,0,2
237,2,-1.0,257,0,1
257,1,-1.0,157,0,2
157,2,-1.0,177,0,2
177,2,-1.0,197,0,1
197,1,-1.0,97,0,5
97,5,20.0,85,1,0
383,1,-1.0,283,0,3
283,3,-1.0,263,0,3
263,3,-1.0,243,0,3
243,3,-1.0,223,0,1
223,1,-1.0,123,0,3
123,3,-1.0,103,0,1
103,1,-1.0,3,0,4
3,4,-1.0,19,0,0
19,0,-1.0,119,0,5
119,5,-10.0,119,0,0
119,0,-1.0,219,0,2
219,2,-1.0,239,0,4
239,4,-10.0,239,0,2
239,2,-1.0,259,0,2
259,2,-1.0,279,0,0
279,0,-1.0,379,0,0
379,0,-1.0,479,0,5
479,5,20.0,475,1,0
268,3,-1.0,248,0,3
248,3,-1.0,228,0,3
228,3,-1.0,208,0,0
208,0,-1.0,308,0,0
308,0,-1.0,408,0,4
408,4,-1.0,416,0,0
416,0,-1.0,416,0,5
416,5,-1.0,408,0,4
408,4,-1.0,416,0,1
416,1,-1.0,316,0,1
316,1,-1.0,216,0,1
216,1,-1.0,116,0,2
116,2,-1.0,136,0,3
136,3,-1.0,116,0,1
116,1,-1.0,16,0,4
16,4,-10.0,16,0,5
16,5,20.0,0,1,0
71,0,-1.0,171,0,0
171,0,-1.0,271,0,3
271,3,-1.0,251,0,3
251,3,-1.0,231,0,3
231,3,-1.0,211,0,0
211,0,-1.0,311,0,0
311,0,-1.0,411,0,4
411,4,-1.0,419,0,4
419,4,-10.0,419,0,1
419,1,-1.0,319,0,1
319,1,-1.0,219,0,2
219,2,-1.0,239,0,2
239,2,-1.0,259,0,2
259,2,-1.0,279,0,0
279,0,-1.0,379,0,0
379,0,-1.0,479,0,5
479,5,20.0,475,1,0
26,0,-1.0,126,0,0
126,0,-1.0,226,0,2
226,2,-1.0,246,0,2
246,2,-1.0,266,0,2
266,2,-1.0,286,0,5
286,5,-10.0,286,0,1
286,1,-1.0,186,0,1
186,1,-1.0,86,0,4
86,4,-1.0,98,0,0
98,0,-1.0,198,0,0
198,0,-1.0,298,0,3
298,3,-1.0,278,0,3
278,3,-1.0,258,0,3
258,3,-1.0,238,0,3
238,3,-1.0,218,0,0
218,0,-1.0,318,0,0
318,0,-1.0,418,0,5
418,5,20.0,410,1,0
351,1,-1.0,251,0,3
251,3,-1.0,231,0,3
231,3,-1.0,211,0,0
211,0,-1.0,311,0,0
311,0,-1.0,411,0,4
411,4,-1.0,419,0,1
419,1,-1.0,319,0,1
319,1,-1.0,219,0,2
219,2,-1.0,239,0,2
239,2,-1.0,259,0,2
259,2,-1.0,279,0,0
279,0,-1.0,379,0,0
379,0,-1.0,479,0,5
479,5,20.0,475,1,0
421,1,-1.0,321,0,1
321,1,-1.0,221,0,1
221,1,-1.0,121,0,1
121,1,-1.0,21,0,5
21,5,-10.0,21,0,3
21,3,-1.0,1,0,4
1,4,-1.0,17,0,0
17,0,-1.0,117,0,2
117,2,-1.0,137,0,0
137,0,-1.0,237,0,2
237,2,-1.0,257,0,1
257,1,-1.0,157,0,2
157,2,-1.0,177,0,5
177,5,-10.0,177,0,2
177,2,-1.0,197,0,1
197,1,-1.0,97,0,5
97,5,20.0,85,1,0
422,1,-1.0,322,0,1
322,1,-1.0,222,0,1
222,1,-1.0,122,0,3
122,3,-1.0,102,0,1
102,1,-1.0,2,0,4
2,4,-1.0,18,0,0
18,0,-1.0,118,0,0
118,0,-1.0,218,0,0
218,0,-1.0,318,0,0
318,0,-1.0,418,0,5
418,5,20.0,410,1,0
71,0,-1.0,171,0,0
171,0,-1.0,271,0,3
271,3,-1.0,251,0,3
251,3,-1.0,231,0,1
231,1,-1.0,131,0,3
131,3,-1.0,111,0,0
111,0,-1.0,211,0,0
211,0,-1.0,311,0,0
311,0,-1.0,411,0,4
411,4,-1.0,419,0,1
419,1,-1.0,319,0,1
319,1,-1.0,219,0,2
219,2,-1.0,239,0,2
239,2,-1.0,259,0,2
259,2,-1.0,279,0,0
279,0,-1.0,379,0,0
379,0,-1.0,479,0,5
479,5,20.0,475,1,0
213,2,-1.0,233,0,2
233,2,-1.0,253,0,0
253,0,-1.0,353,0,1
353,1,-1.0,253,0,2
253,2,-1.0,273,0,0
273,0,-1.0,373,0,0
373,0,-1.0,473,0,4
473,4,-1.0,477,0,2
477,2,-1.0,497,0,0
497,0,-1.0,497,0,1
497,1,-1.0,397,0,1
397,1,-1.0,297,0,1
297,1,-1.0,197,0,1
197,1,-1.0,97,0,5
97,5,20.0,85,1,0
49,0,-1.0,149,0,0
149,0,-1.0,249,0,3
249,3,-1.0,229,0,3
229,3,-1.0,209,0,0
209,0,-1.0,309,0,0
309,0,-1.0,409,0,4
409,4,-1.0,417,0,1
417,1,-1.0,317,0,1
317,1,-1.0,217,0,1
217,1,-1.0,117,0,2
117,2,-1.0,137,0,0
137,0,-1.0,237,0,2
237,2,-1.0,257,0,1
257,1,-1.0,157,0,2
157,2,-1.0,177,0,2
177,2,-1.0,197,0,1
197,1,-1.0,97,0,5
97,5,20.0,85,1,0
424,1,-1.0,324,0,1
324,1,-1.0,224,0,2
224,2,-1.0,244,0,4
244,4,-10.0,244,0,1
244,1,-1.0,144,0,2
144,2,-1.0,164,0,2
164,2,-1.0,184,0,1
184,1,-1.0,84,0,4
84,4,-1.0,96,0,0
96,0,-1.0,196,0,5
196,5,-10.0,196,0,3
196,3,-1.0,176,0,0
176,0,-1.0,276,0,3
276,3,-1.0,256,0,3
256,3,-1.0,236,0,1
236,1,-1.0,136,0,3
136,3,-1.0,116,0,1
116,1,-1.0,16,0,5
16,5,20.0,0,1,0
13,0,-1.0,113,0,0
113,0,-1.0,213,0,2
213,2,-1.0,233,0,2
233,2,-1.0,253,0,2
253,2,-1.0,273,0,0
273,0,-1.0,373,0,0
373,0,-1.0,473,0,4
473,4,-1.0,477,0,2
477,2,-1.0,497,0,1
497,1,-1.0,397,0,1
397,1,-1.0,297,0,1
297,1,-1.0,197,0,1
197,1,-1.0,97,0,5
97,5,20.0,85,1,0
241,3,-1.0,221,0,1
221,1,-1.0,121,0,1
121,1,-1.0,21,0,3
21,3,-1.0,1,0,4
1,4,-1.0,17,0,0
17,0,-1.0,117,0,2
117,2,-1.0,137,0,0
137,0,-1.0,237,0,2
237,2,-1.0,257,0,1
257,1,-1.0,157,0,2
157,2,-1.0,177,0,2
177,2,-1.0,197,0,1
197,1,-1.0,97,0,5
97,5,20.0,85,1,0
327,2,-1.0,347,0,1
347,1,-1.0,247,0,2
247,2,-1.0,267,0,2
267,2,-1.0,287,0,1
287,1,-1.0,187,0,1
187,1,-1.0,87,0,4
87,4,-1.0,99,0,3
99,3,-1.0,79,0,0
79,0,-1.0,179,0,0
179,0,-1.0,279,0,0
279,0,-1.0,379,0,0
379,0,-1.0,479,0,5
479,5,20.0,475,1,0
26,0,-1.0,126,0,0
126,0,-1.0,226,0,2
226,2,-1.0,246,0,3
246,3,-1.0,226,0,2
226,2,-1.0,246,0,2
246,2,-1.0,266,0,0
266,0,-1.0,366,0,2
366,2,-1.0,386,0,5
386,5,-10.0,386,0,1
386,1,-1.0,286,0,1
286,1,-1.0,186,0,1
186,1,-1.0,86,0,4
86,4,-1.0,98,0,0
98,0,-1.0,198,0,0
198,0,-1.0,298,0,3
298,3,-1.0,278,0,3
278,3,-1.0,258,0,3
258,3,-1.0,238,0,3
238,3,-1.0,218,0,0
218,0,-1.0,318,0,0
318,0,-1.0,418,0,5
418,5,20.0,410,1,0
174,0,-1.0,274,0,0
274,0,-1.0,374,0,0
374,0,-1.0,474,0,4
474,4,-1.0,478,0,1
478,1,-1.0,378,0,1
378,1,-1.0,278,0,3
278,3,-1.0,258,0,3
258,3,-1.0,238,0,3
238,3,-1.0,218,0,0
218,0,-1.0,318,0,0
318,0,-1.0,418,0,5
418,5,20.0,410,1,0
11,0,-1.0,111,0,2
111,2,-1.0,131,0,0
131,0,-1.0,231,0,3
231,3,-1.0,211,0,0
211,0,-1.0,311,0,0
311,0,-1.0,411,0,4
411,4,-1.0,419,0,1
419,1,-1.0,319,0,1
319,1,-1.0,219,0,2
219,2,-1.0,239,0,2
239,2,-1.0,259,0,2
259,2,-1.0,279,0,0
279,0,-1.0,379,0,0
379,0,-1.0,479,0,5
479,5,20.0,475,1,0
201,1,-1.0,101,0,1
101,1,-1.0,1,0,4
1,4,-1.0,17,0,0
17,0,-1.0,117,0,2
117,2,-1.0,137,0,0
137,0,-1.0,237,0,2
237,2,-1.0,257,0,1
257,1,-1.0,157,0,2
157,2,-1.0,177,0,2
177,2,-1.0,197,0,1
197,1,-1.0,97,0,5
97,5,20.0,85,1,0
213,2,-1.0,233,0,2
233,2,-1.0,253,0,2
253,2,-1.0,273,0,0
273,0,-1.0,373,0,0
373,0,-1.0,473,0,4
473,4,-1.0,477,0,2
477,2,-1.0,497,0,1
497,1,-1.0,397,0,1
397,1,-1.0,297,0,1
297,1,-1.0,197,0,1
197,1,-1.0,97,0,5
97,5,20.0,85,1,0
247,2,-1.0,267,0,2
267,2,-1.0,287,0,1
287,1,-1.0,187,0,1
187,1,-1.0,87,0,4
87,4,-1.0,99,0,3
99,3,-1.0,79,0,0
79,0,-1.0,179,0,0
179,0,-1.0,279,0,0
279,0,-1.0,379,0,0
379,0,-1.0,479,0,5
479,5,20.0,475,1,0
248,3,-1.0,228,0,3
228,3,-1.0,208,0,0
208,0,-1.0,308,0,0
308,0,-1.0,408,0,4
408,4,-1.0,416,0,1
416,1,-1.0,316,0,1
316,1,-1.0,216,0,1
216,1,-1.0,116,0,1
116,1,-1.0,16,0,5
16,5,20.0,0,1,0
408,4,-1.0,416,0,1
416,1,-1.0,316,0,1
316,1,-1.0,216,0,1
216,1,-1.0,116,0,1
116,1,-1.0,16,0,0
16,0,-1.0,116,0,1
116,1,-1.0,16,0,5
16,5,20.0,0,1,0
91,3,-1.0,71,0,0
71,0,-1.0,171,0,0
171,0,-1.0,271,0,3
271,3,-1.0,251,0,3
251,3,-1.0,231,0,3
231,3,-1.0,211,0,0
211,0,-1.0,311,0,0
311,0,-1.0,411,0,4
411,4,-1.0,419,0,1
419,1,-1.0,319,0,1
319,1,-1.0,219,0,2
219,2,-1.0,239,0,2
239,2,-1.0,259,0,2
259,2,-1.0,279,0,0
279,0,-1.0,379,0,0
379,0,-1.0,479,0,5
479,5,20.0,475,1,0
392,3,-1.0,372,0,0
372,0,-1.0,472,0,1
472,1,-1.0,372,0,2
372,2,-1.0,392,0,3
392,3,-1.0,372,0,0
372,0,-1.0,472,0,4
472,4,-1.0,476,0,1
476,1,-1.0,376,0,1
376,1,-1.0,276,0,3
276,3,-1.0,256,0,3
256,3,-1.0,236,0,1
236,1,-1.0,136,0,1
136,1,-1.0,36,0,3
36,3,-1.0,16,0,5
16,5,20.0,0,1,0
283,3,-1.0,263,0,3
263,3,-1.0,243,0,3
243,3,-1.0,223,0,1
223,1,-1.0,123,0,3
123,3,-1.0,103,0,1
103,1,-1.0,3,0,4
3,4,-1.0,19,0,0
19,0,-1.0,119,0,0
119,0,-1.0,219,0,2
219,2,-1.0,239,0,2
239,2,-1.0,259,0,2
259,2,-1.0,279,0,0
279,0,-1.0,379,0,0
379,0,-1.0,479,0,5
479,5,20.0,475,1,0
162,3,-1.0,142,0,0
142,0,-1.0,242,0,3
242,3,-1.0,222,0,1
222,1,-1.0,122,0,3
122,3,-1.0,102,0,1
102,1,-1.0,2,0,4
2,4,-1.0,18,0,0
18,0,-1.0,118,0,0
118,0,-1.0,218,0,0
218,0,-1.0,318,0,0
318,0,-1.0,418,0,5
418,5,20.0,410,1,0
493,3,-1.0,473,0,4
473,4,-1.0,477,0,2
477,2,-1.0,497,0,1
497,1,-1.0,397,0,3
397,3,-1.0,377,0,2
377,2,-1.0,397,0,1
397,1,-1.0,297,0,1
297,1,-1.0,197,0,3
197,3,-1.0,177,0,2
177,2,-1.0,197,0,1
197,1,-1.0,97,0,5
97,5,20.0,85,1,0
253,2,-1.0,273,0,0
273,0,-1.0,373,0,0
373,0,-1.0,473,0,4
473,4,-1.0,477,0,2
477,2,-1.0,497,0,1
497,1,-1.0,397,0,1
397,1,-1.0,297,0,1
297,1,-1.0,197,0,1
197,1,-1.0,97,0,5
97,5,20.0,85,1,0
233,2,-1.0,253,0,2
253,2,-1.0,273,0,0
273,0,-1.0,373,0,0
373,0,-1.0,473,0,4
473,4,-1.0,477,0,2
477,2,-1.0,497,0,1
497,1,-1.0,397,0,1
397,1,-1.0,297,0,1
297,1,-1.0,197,0,1
197,1,-1.0,97,0,5
97,5,20.0,85,1,0
493,3,-1.0,473,0,4
473,4,-1.0,477,0,2
477,2,-1.0,497,0,4
497,4,-10.0,497,0,1
497,1,-1.0,397,0,1
397,1,-1.0,297,0,1
297,1,-1.0,197,0,1
197,1,-1.0,97,0,5
97,5,20.0,85,1,0
421,1,-1.0,321,0,1
321,1,-1.0,221,0,1
221,1,-1.0,121,0,1
121,1,-1.0,21,0,3
21,3,-1.0,1,0,2
1,2,-1.0,21,0,5
21,5,-10.0,21,0,3
21,3,-1.0,1,0,2
1,2,-1.0,21,0,5
21,5,-10.0,21,0,3
21,3,-1.0,1,0,4
1,4,-1.0,17,0,0
17,0,-1.0,117,0,2
117,2,-1.0,137,0,3
137,3,-1.0,117,0,2
117,2,-1.0,137,0,0
137,0,-1.0,237,0,2
237,2,-1.0,257,0,1
257,1,-1.0,157,0,2
157,2,-1.0,177,0,2
177,2,-1.0,197,0,2
197,2,-1.0,197,0,1
197,1,-1.0,97,0,5
97,5,20.0,85,1,0
189,3,-1.0,169,0,3
169,3,-1.0,149,0,0
149,0,-1.0,249,0,3
249,3,-1.0,229,0,3
229,3,-1.0,209,0,0
209,0,-1.0,309,0,0
309,0,-1.0,409,0,2
409,2,-1.0,409,0,4
409,4,-1.0,417,0,1
417,1,-1.0,317,0,1
317,1,-1.0,217,0,2
217,2,-1.0,237,0,2
237,2,-1.0,257,0,1
257,1,-1.0,157,0,2
157,2,-1.0,177,0,2
177,2,-1.0,197,0,1
197,1,-1.0,97,0,4
97,4,-10.0,97,0,5
97,5,20.0,85,1,0
308,0,-1.0,408,0,4
408,4,-1.0,416,0,1
416,1,-1.0,316,0,1
316,1,-1.0,216,0,1
216,1,-1.0,116,0,1
116,1,-1.0,16,0,5
16,5,20.0,0,1,0
493,3,-1.0,473,0,4
473,4,-1.0,477,0,2
477,2,-1.0,497,0,1
497,1,-1.0,397,0,1
397,1,-1.0,297,0,1
297,1,-1.0,197,0,1
197,1,-1.0,97,0,5
97,5,20.0,85,1,0
141,0,-1.0,241,0,3
241,3,-1.0,221,0,1
221,1,-1.0,121,0,1
121,1,-1.0,21,0,3
21,3,-1.0,1,0,4
1,4,-1.0,17,0,0
17,0,-1.0,117,0,2
117,2,-1.0,137,0,4
137,4,-10.0,137,0,3
137,3,-1.0,117,0,2
117,2,-1.0,137,0,0
137,0,-1.0,237,0,2
237,2,-1.0,257,0,1
257,1,-1.0,157,0,2
157,2,-1.0,177,0,2
177,2,-1.0,197,0,5
197,5,-10.0,197,0,1
197,1,-1.0,97,0,5
97,5,20.0,85,1,0
448,1,-1.0,348,0,1
348,1,-1.0,248,0,3
248,3,-1.0,228,0,3
228,3,-1.0,208,0,0
208,0,-1.0,308,0,0
308,0,-1.0,408,0,4
408,4,-1.0,416,0,0
416,0,-1.0,416,0,1
416,1,-1.0,316,0,1
316,1,-1.0,216,0,1
216,1,-1.0,116,0,1
116,1,-1.0,16,0,5
16,5,20.0,0,1,0
266,2,-1.0,286,0,1
286,1,-1.0,186,0,1
186,1,-1.0,86,0,4
86,4,-1.0,98,0,0
98,0,-1.0,198,0,2
198,2,-1.0,198,0,0
198,0,-1.0,298,0,3
298,3,-1.0,278,0,3
278,3,-1.0,258,0,3
258,3,-1.0,238,0,3
238,3,-1.0,218,0,0
218,0,-1.0,318,0,0
318,0,-1.0,418,0,5
418,5,20.0,410,1,0
49,0,-1.0,149,0,0
149,0,-1.0,249,0,3
249,3,-1.0,229,0,3
229,3,-1.0,209,0,0
209,0,-1.0,309,0,0
309,0,-1.0,409,0,4
409,4,-1.0,417,0,1
417,1,-1.0,317,0,1
317,1,-1.0,217,0,2
217,2,-1.0,237,0,2
237,2,-1.0,257,0,1
257,1,-1.0,157,0,0
157,0,-1.0,257,0,1
257,1,-1.0,157,0,2
157,2,-1.0,177,0,2
177,2,-1.0,197,0,1
197,1,-1.0,97,0,5
97,5,20.0,85,1,0
194,3,-1.0,174,0,0
174,0,-1.0,274,0,0
274,0,-1.0,374,0,0
374,0,-1.0,474,0,4
474,4,-1.0,478,0,1
478,1,-1.0,378,0,1
378,1,-1.0,278,0,3
278,3,-1.0,258,0,3
258,3,-1.0,238,0,3
238,3,-1.0,218,0,0
218,0,-1.0,318,0,1
318,1,-1.0,218,0,0
218,0,-1.0,318,0,0
318,0,-1.0,418,0,5
418,5,20.0,410,1,0
246,2,-1.0,266,0,2
266,2,-1.0,286,0,1
286,1,-1.0,186,0,1
186,1,-1.0,86,0,4
86,4,-1.0,98,0,0
98,0,-1.0,198,0,0
198,0,-1.0,298,0,3
298,3,-1.0,278,0,3
278,3,-1.0,258,0,3
258,3,-1.0,238,0,3
238,3,-1.0,218,0,0
218,0,-1.0,318,0,0
318,0,-1.0,418,0,5
418,5,20.0,410,1,0
469,1,-1.0,369,0,1
369,1,-1.0,269,0,3
269,3,-1.0,249,0,3
249,3,-1.0,229,0,3
229,3,-1.0,209,0,0
209,0,-1.0,309,0,2
309,2,-1.0,309,0,0
309,0,-1.0,409,0,4
409,4,-1.0,417,0,1
417,1,-1.0,317,0,1
317,1,-1.0,217,0,2
217,2,-1.0,237,0,2
237,2,-1.0,257,0,1
257,1,-1.0,157,0,2
157,2,-1.0,177,0,2
177,2,-1.0,197,0,1
197,1,-1.0,97,0,5
97,5,20.0,85,1,0
208,3,-1.0,208,0,0
208,0,-1.0,308,0,0
308,0,-1.0,408,0,0
408,0,-1.0,408,0,4
408,4,-1.0,416,0,1
416,1,-1.0,316,0,1
316,1,-1.0,216,0,1
216,1,-1.0,116,0,1
116,1,-1.0,16,0,5
16,5,20.0,0,1,0
184,1,-1.0,84,0,4
84,4,-1.0,96,0,0
96,0,-1.0,196,0,3
196,3,-1.0,176,0,0
176,0,-1.0,276,0,3
276,3,-1.0,256,0,3
256,3,-1.0,236,0,1
236,1,-1.0,136,0,3
136,3,-1.0,116,0,1
116,1,-1.0,16,0,5
16,5,20.0,0,1,0
341,1,-1.0,241,0,3
241,3,-1.0,221,0,1
221,1,-1.0,121,0,1
121,1,-1.0,21,0,3
21,3,-1.0,1,0,4
1,4,-1.0,17,0,0
17,0,-1.0,117,0,2
117,2,-1.0,137,0,0
137,0,-1.0,237,0,2
237,2,-1.0,257,0,1
257,1,-1.0,157,0,2
157,2,-1.0,177,0,2
177,2,-1.0,197,0,1
197,1,-1.0,97,0,5
97,5,20.0,85,1,0
26,0,-1.0,126,0,5
126,5,-10.0,126,0,0
126,0,-1.0,226,0,2
226,2,-1.0,246,0,2
246,2,-1.0,266,0,2
266,2,-1.0,286,0,1
286,1,-1.0,186,0,1
186,1,-1.0,86,0,4
86,4,-1.0,98,0,0
98,0,-1.0,198,0,0
198,0,-1.0,298,0,3
298,3,-1.0,278,0,3
278,3,-1.0,258,0,3
258,3,-1.0,238,0,3
238,3,-1.0,218,0,0
218,0,-1.0,318,0,0
318,0,-1.0,418,0,5
418,5,20.0,410,1,0
21,3,-1.0,1,0,4
1,4,-1.0,17,0,0
17,0,-1.0,117,0,2
117,2,-1.0,137,0,0
137,0,-1.0,237,0,2
237,2,-1.0,257,0,1
257,1,-1.0,157,0,2
157,2,-1.0,177,0,2
177,2,-1.0,197,0,1
197,1,-1.0,97,0,5
97,5,20.0,85,1,0
404,1,-1.0,304,0,1
304,1,-1.0,204,0,2
204,2,-1.0,224,0,2
224,2,-1.0,244,0,1
244,1,-1.0,144,0,2
144,2,-1.0,164,0,2
164,2,-1.0,184,0,1
184,1,-1.0,84,0,4
84,4,-1.0,96,0,0
96,0,-1.0,196,0,3
196,3,-1.0,176,0,0
176,0,-1.0,276,0,3
276,3,-1.0,256,0,3
256,3,-1.0,236,0,1
236,1,-1.0,136,0,3
136,3,-1.0,116,0,1
116,1,-1.0,16,0,5
16,5,20.0,0,1,0
27,0,-1.0,127,0,0
127,0,-1.0,227,0,4
227,4,-10.0,227,0,2
227,2,-1.0,247,0,2
247,2,-1.0,267,0,2
267,2,-1.0,287,0,1
287,1,-1.0,187,0,1
187,1,-1.0,87,0,4
87,4,-1.0,99,0,3
99,3,-1.0,79,0,3
79,3,-1.0,59,0,0
59,0,-1.0,159,0,0
159,0,-1.0,259,0,2
259,2,-1.0,279,0,0
279,0,-1.0,379,0,0
379,0,-1.0,479,0,5
479,5,20.0,475,1,0
232,2,-1.0,252,0,2
252,2,-1.0,272,0,0
272,0,-1.0,372,0,0
372,0,-1.0,472,0,4
472,4,-1.0,476,0,1
476,1,-1.0,376,0,1
376,1,-1.0,276,0,3
276,3,-1.0,256,0,3
256,3,-1.0,236,0,1
236,1,-1.0,136,0,3
136,3,-1.0,116,0,1
116,1,-1.0,16,0,2
16,2,-1.0,36,0,3
36,3,-1.0,16,0,5
16,5,20.0,0,1,0
301,1,-1.0,201,0,1
201,1,-1.0,101,0,1
101,1,-1.0,1,0,4
1,4,-1.0,17,0,0
17,0,-1.0,117,0,2
117,2,-1.0,137,0,0
137,0,-1.0,237,0,3
237,3,-1.0,217,0,2
217,2,-1.0,237,0,2
237,2,-1.0,257,0,1
257,1,-1.0,157,0,2
157,2,-1.0,177,0,2
177,2,-1.0,197,0,1
197,1,-1.0,97,0,5
97,5,20.0,85,1,0
26,2,-1.0,26,0,0
26,0,-1.0,126,0,0
126,0,-1.0,226,0,2
226,2,-1.0,246,0,2
246,2,-1.0,266,0,2
266,2,-1.0,286,0,1
286,1,-1.0,186,0,1
186,1,-1.0,86,0,4
86,4,-1.0,98,0,0
98,0,-1.0,198,0,0
198,0,-1.0,298,0,3
298,3,-1.0,278,0,3
278,3,-1.0,258,0,5
258,5,-10.0,258,0,3
258,3,-1.0,238,0,3
238,3,-1.0,218,0,0
218,0,-1.0,318,0,2
318,2,-1.0,318,0,0
318,0,-1.0,418,0,5
418,5,20.0,410,1,0
301,3,-1.0,301,0,1
301,1,-1.0,201,0,1
201,1,-1.0,101,0,1
101,1,-1.0,1,0,4
1,4,-1.0,17,0,0
17,0,-1.0,117,0,2
117,2,-1.0,137,0,0
137,0,-1.0,237,0,2
237,2,-1.0,257,0,1
257,1,-1.0,157,0,2
157,2,-1.0,177,0,2
177,2,-1.0,197,0,1
197,1,-1.0,97,0,5
97,5,20.0,85,1,0
433,1,-1.0,333,0,2
333,2,-1.0,353,0,1
353,1,-1.0,253,0,2
253,2,-1.0,273,0,0
273,0,-1.0,373,0,0
373,0,-1.0,473,0,4
473,4,-1.0,477,0,2
477,2,-1.0,497,0,1
497,1,-1.0,397,0,1
397,1,-1.0,297,0,1
297,1,-1.0,197,0,1
197,1,-1.0,97,0,5
97,5,20.0,85,1,0
74,5,-10.0,74,0,0
74,0,-1.0,174,0,0
174,0,-1.0,274,0,0
274,0,-1.0,374,0,0
374,0,-1.0,474,0,4
474,4,-1.0,478,0,1
478,1,-1.0,378,0,0
378,0,-1.0,478,0,1
478,1,-1.0,378,0,1
378,1,-1.0,278,0,3
278,3,-1.0,258,0,3
258,3,-1.0,238,0,2
238,2,-1.0,258,0,3
258,3,-1.0,238,0,3
238,3,-1.0,218,0,0
218,0,-1.0,318,0,4
318,4,-10.0,318,0,0
318,0,-1.0,418,0,5
418,5,20.0,410,1,0
91,3,-1.0,71,0,0
71,0,-1.0,171,0,0
171,0,-1.0,271,0,3
271,3,-1.0,251,0,3
251,3,-1.0,231,0,3
231,3,-1.0,211,0,0
211,0,-1.0,311,0,0
311,0,-1.0,411,0,4
411,4,-1.0,419,0,1
419,1,-1.0,319,0,1
319,1,-1.0,219,0,2
219,2,-1.0,239,0,2
239,2,-1.0,259,0,2
259,2,-1.0,279,0,0
279,0,-1.0,379,0,0
379,0,-1.0,479,0,5
479,5,20.0,475,1,0
403,1,-1.0,303,0,1
303,1,-1.0,203,0,1
203,1,-1.0,103,0,1
103,1,-1.0,3,0,4
3,4,-1.0,19,0,0
19,0,-1.0,119,0,0
119,0,-1.0,219,0,2
219,2,-1.0,239,0,3
239,3,-1.0,219,0,2
219,2,-1.0,239,0,2
239,2,-1.0,259,0,2
259,2,-1.0,279,0,0
279,0,-1.0,379,0,0
379,0,-1.0,479,0,5
479,5,20.0,475,1,0
352,1,-1.0,252,0,2
252,2,-1.0,272,0,0
272,0,-1.0,372,0,0
372,0,-1.0,472,0,4
472,4,-1.0,476,0,1
476,1,-1.0,376,0,1
376,1,-1.0,276,0,3
276,3,-1.0,256,0,3
256,3,-1.0,236,0,1
236,1,-1.0,136,0,3
136,3,-1.0,116,0,1
116,1,-1.0,16,0,5
16,5,20.0,0,1,0
122,3,-1.0,102,0,1
102,1,-1.0,2,0,4
2,4,-1.0,18,0,0
18,0,-1.0,118,0,4
118,4,-10.0,118,0,0
118,0,-1.0,218,0,0
218,0,-1.0,318,0,0
318,0,-1.0,418,0,5
418,5,20.0,410,1,0
84,4,-1.0,96,0,0
96,0,-1.0,196,0,3
196,3,-1.0,176,0,0
176,0,-1.0,276,0,3
276,3,-1.0,256,0,3
256,3,-1.0,236,0,1
236,1,-1.0,136,0,4
136,4,-10.0,136,0,3
136,3,-1.0,116,0,4
116,4,-10.0,116,0,1
116,1,-1.0,16,0,5
16,5,20.0,0,1,0
354,1,-1.0,254,0,2
254,2,-1.0,274,0,2
274,2,-1.0,294,0,3
294,3,-1.0,274,0,0
274,0,-1.0,374,0,0
374,0,-1.0,474,0,4
474,4,-1.0,478,0,1
478,1,-1.0,378,0,1
378,1,-1.0,278,0,3
278,3,-1.0,258,0,3
258,3,-1.0,238,0,3
238,3,-1.0,218,0,1
218,1,-1.0,118,0,0
118,0,-1.0,218,0,0
218,0,-1.0,318,0,0
318,0,-1.0,418,0,0
418,0,-1.0,418,0,5
418,5,20.0,410,1,0
424,1,-1.0,324,0,1
324,1,-1.0,224,0,2
224,2,-1.0,244,0,1
244,1,-1.0,144,0,2
144,2,-1.0,164,0,2
164,2,-1.0,184,0,1
184,1,-1.0,84,0,4
84,4,-1.0,96,0,0
96,0,-1.0,196,0,3
196,3,-1.0,176,0,0
176,0,-1.0,276,0,3
276,3,-1.0,256,0,3
256,3,-1.0,236,0,1
236,1,-1.0,136,0,3
136,3,-1.0,116,0,1
116,1,-1.0,16,0,5
16,5,20.0,0,1,0
467,2,-1.0,487,0,1
487,1,-1.0,387,0,1
387,1,-1.0,287,0,1
287,1,-1.0,187,0,1
187,1,-1.0,87,0,4
87,4,-1.0,99,0,2
99,2,-1.0,99,0,3
99,3,-1.0,79,0,0
79,0,-1.0,179,0,0
179,0,-1.0,279,0,0
279,0,-1.0,379,0,0
379,0,-1.0,479,0,0
479,0,-1.0,479,0,2
479,2,-1.0,499,0,3
499,3,-1.0,479,0,5
479,5,20.0,475,1,0
492,3,-1.0,472,0,4
472,4,-1.0,476,0,1
476,1,-1.0,376,0,1
376,1,-1.0,276,0,3
276,3,-1.0,256,0,3
256,3,-1.0,236,0,1
236,1,-1.0,136,0,3
136,3,-1.0,116,0,1
116,1,-1.0,16,0,5
16,5,20.0,0,1,0
168,0,-1.0,268,0,3
268,3,-1.0,248,0,3
248,3,-1.0,228,0,3
228,3,-1.0,208,0,0
208,0,-1.0,308,0,0
308,0,-1.0,408,0,4
408,4,-1.0,416,0,1
416,1,-1.0,316,0,1
316,1,-1.0,216,0,1
216,1,-1.0,116,0,1
116,1,-1.0,16,0,5
16,5,20.0,0,1,0
201,1,-1.0,101,0,1
101,1,-1.0,1,0,4
1,4,-1.0,17,0,0
17,0,-1.0,117,0,2
117,2,-1.0,137,0,0
137,0,-1.0,237,0,2
237,2,-1.0,257,0,1
257,1,-1.0,157,0,2
157,2,-1.0,177,0,1
177,1,-1.0,77,0,2
77,2,-1.0,97,0,1
97,1,-1.0,97,0,5
97,5,20.0,85,1,0
26,0,-1.0,126,0,0
126,0,-1.0,226,0,2
226,2,-1.0,246,0,5
246,5,-10.0,246,0,2
246,2,-1.0,266,0,2
266,2,-1.0,286,0,1
286,1,-1.0,186,0,1
186,1,-1.0,86,0,4
86,4,-1.0,98,0,0
98,0,-1.0,198,0,0
198,0,-1.0,298,0,3
298,3,-1.0,278,0,3
278,3,-1.0,258,0,3
258,3,-1.0,238,0,3
238,3,-1.0,218,0,0
218,0,-1.0,318,0,0
318,0,-1.0,418,0,2
418,2,-1.0,418,0,5
418,5,20.0,410,1,0
321,1,-1.0,221,0,1
221,1,-1.0,121,0,1
121,1,-1.0,21,0,2
21,2,-1.0,21,0,3
21,3,-1.0,1,0,4
1,4,-1.0,17,0,0
17,0,-1.0,117,0,2
117,2,-1.0,137,0,1
137,1,-1.0,37,0,0
37,0,-1.0,137,0,0
137,0,-1.0,237,0,2
237,2,-1.0,257,0,1
257,1,-1.0,157,0,2
157,2,-1.0,177,0,2
177,2,-1.0,197,0,1
197,1,-1.0,97,0,5
97,5,20.0,85,1,0
461,1,-1.0,361,0,1
361,1,-1.0,261,0,3
261,3,-1.0,241,0,3
241,3,-1.0,221,0,1
221,1,-1.0,121,0,1
121,1,-1.0,21,0,3
21,3,-1.0,1,0,4
1,4,-1.0,17,0,0
17,0,-1.0,117,0,2
117,2,-1.0,137,0,0
137,0,-1.0,237,0,2
237,2,-1.0,257,0,1
257,1,-1.0,157,0,2
157,2,-1.0,177,0,2
177,2,-1.0,197,0,1
197,1,-1.0,97,0,5
97,5,20.0,85,1,0
141,2,-1.0,161,0,3
161,3,-1.0,141,0,0
141,0,-1.0,241,0,3
241,3,-1.0,221,0,1
221,1,-1.0,121,0,1
121,1,-1.0,21,0,3
21,3,-1.0,1,0,0
1,0,-1.0,101,0,1
101,1,-1.0,1,0,4
1,4,-1.0,17,0,0
17,0,-1.0,117,0,2
117,2,-1.0,137,0,2
137,2,-1.0,137,0,0
137,0,-1.0,237,0,2
237,2,-1.0,257,0,1
257,1,-1.0,157,0,2
157,2,-1.0,177,0,2
177,2,-1.0,197,0,1
197,1,-1.0,97,0,5
97,5,20.0,85,1,0
304,1,-1.0,204,0,2
204,2,-1.0,224,0,2
224,2,-1.0,244,0,1
244,1,-1.0,144,0,2
144,2,-1.0,164,0,2
164,2,-1.0,184,0,1
184,1,-1.0,84,0,4
84,4,-1.0,96,0,2
96,2,-1.0,96,0,5
96,5,-1.0,84,0,4
84,4,-1.0,96,0,0
96,0,-1.0,196,0,3
196,3,-1.0,176,0,0
176,0,-1.0,276,0,3
276,3,-1.0,256,0,3
256,3,-1.0,236,0,1
236,1,-1.0,136,0,3
136,3,-1.0,116,0,1
116,1,-1.0,16,0,5
16,5,20.0,0,1,0
166,2,-1.0,186,0,1
186,1,-1.0,86,0,4
86,4,-1.0,98,0,0
98,0,-1.0,198,0,0
198,0,-1.0,298,0,3
298,3,-1.0,278,0,3
278,3,-1.0,258,0,3
258,3,-1.0,238,0,3
238,3,-1.0,218,0,0
218,0,-1.0,318,0,0
318,0,-1.0,418,0,0
418,0,-1.0,418,0,5
418,5,20.0,410,1,0
52,0,-1.0,152,0,2
152,2,-1.0,172,0,0
172,0,-1.0,272,0,4
272,4,-10.0,272,0,0
272,0,-1.0,372,0,0
372,0,-1.0,472,0,4
472,4,-1.0,476,0,1
476,1,-1.0,376,0,1
376,1,-1.0,276,0,3
276,3,-1.0,256,0,3
256,3,-1.0,236,0,1
236,1,-1.0,136,0,3
136,3,-1.0,116,0,1
116,1,-1.0,16,0,0
16,0,-1.0,116,0,1
116,1,-1.0,16,0,5
16,5,20.0,0,1,0
461,1,-1.0,361,0,1
361,1,-1.0,261,0,3
261,3,-1.0,241,0,3
241,3,-1.0,221,0,1
221,1,-1.0,121,0,1
121,1,-1.0,21,0,3
21,3,-1.0,1,0,4
1,4,-1.0,17,0,0
17,0,-1.0,117,0,2
117,2,-1.0,137,0,0
137,0,-1.0,237,0,2
237,2,-1.0,257,0,1
257,1,-1.0,157,0,2
157,2,-1.0,177,0,2
177,2,-1.0,197,0,1
197,1,-1.0,97,0,5
97,5,20.0,85,1,0
124,0,-1.0,224,0,2
224,2,-1.0,244,0,1
244,1,-1.0,144,0,2
144,2,-1.0,164,0,2
164,2,-1.0,184,0,1
184,1,-1.0,84,0,4
84,4,-1.0,96,0,0
96,0,-1.0,196,0,3
196,3,-1.0,176,0,0
176,0,-1.0,276,0,3
276,3,-1.0,256,0,3
256,3,-1.0,236,0,1
236,1,-1.0,136,0,3
136,3,-1.0,116,0,1
116,1,-1.0,16,0,5
16,5,20.0,0,1,0
52,0,-1.0,152,0,2
152,2,-1.0,172,0,0
172,0,-1.0,272,0,0
272,0,-1.0,372,0,0
372,0,-1.0,472,0,4
472,4,-1.0,476,0,1
476,1,-1.0,376,0,1
376,1,-1.0,276,0,3
276,3,-1.0,256,0,3
256,3,-1.0,236,0,1
236,1,-1.0,136,0,3
136,3,-1.0,116,0,1
116,1,-1.0,16,0,1
16,1,-1.0,16,0,5
16,5,20.0,0,1,0
448,1,-1.0,348,0,1
348,1,-1.0,248,0,3
248,3,-1.0,228,0,3
228,3,-1.0,208,0,0
208,0,-1.0,308,0,0
308,0,-1.0,408,0,4
408,4,-1.0,416,0,1
416,1,-1.0,316,0,1
316,1,-1.0,216,0,1
216,1,-1.0,116,0,1
116,1,-1.0,16,0,0
16,0,-1.0,116,0,1
116,1,-1.0,16,0,5
16,5,20.0,0,1,0
243,3,-1.0,223,0,1
223,1,-1.0,123,0,4
123,4,-10.0,123,0,3
123,3,-1.0,103,0,1
103,1,-1.0,3,0,4
3,4,-1.0,19,0,0
19,0,-1.0,119,0,0
119,0,-1.0,219,0,2
219,2,-1.0,239,0,2
239,2,-1.0,259,0,2
259,2,-1.0,279,0,0
279,0,-1.0,379,0,0
379,0,-1.0,479,0,5
479,5,20.0,475,1,0
12,0,-1.0,112,0,0
112,0,-1.0,212,0,2
212,2,-1.0,232,0,2
232,2,-1.0,252,0,2
252,2,-1.0,272,0,0
272,0,-1.0,372,0,0
372,0,-1.0,472,0,4
472,4,-1.0,476,0,1
476,1,-1.0,376,0,1
376,1,-1.0,276,0,3
276,3,-1.0,256,0,3
256,3,-1.0,236,0,1
236,1,-1.0,136,0,3
136,3,-1.0,116,0,1
116,1,-1.0,16,0,5
16,5,20.0,0,1,0
324,1,-1.0,224,0,2
224,2,-1.0,244,0,1
244,1,-1.0,144,0,2
144,2,-1.0,164,0,2
164,2,-1.0,184,0,1
184,1,-1.0,84,0,4
84,4,-1.0,96,0,0
96,0,-1.0,196,0,3
196,3,-1.0,176,0,0
176,0,-1.0,276,0,3
276,3,-1.0,256,0,3
256,3,-1.0,236,0,1
236,1,-1.0,136,0,3
136,3,-1.0,116,0,1
116,1,-1.0,16,0,5
16,5,20.0,0,1,0
152,2,-1.0,172,0,0
172,0,-1.0,272,0,0
272,0,-1.0,372,0,2
372,2,-1.0,392,0,3
392,3,-1.0,372,0,0
372,0,-1.0,472,0,4
472,4,-1.0,476,0,1
476,1,-1.0,376,0,1
376,1,-1.0,276,0,3
276,3,-1.0,256,0,3
256,3,-1.0,236,0,4
236,4,-10.0,236,0,1
236,1,-1.0,136,0,3
136,3,-1.0,116,0,1
116,1,-1.0,16,0,5
16,5,20.0,0,1,0
352,1,-1.0,252,0,2
252,2,-1.0,272,0,0
272,0,-1.0,372,0,0
372,0,-1.0,472,0,4
472,4,-1.0,476,0,1
476,1,-1.0,376,0,1
376,1,-1.0,276,0,3
276,3,-1.0,256,0,3
256,3,-1.0,236,0,1
236,1,-1.0,136,0,3
136,3,-1.0,116,0,1
116,1,-1.0,16,0,5
16,5,20.0,0,1,0
27,0,-1.0,127,0,0
127,0,-1.0,227,0,5
227,5,-10.0,227,0,2
227,2,-1.0,247,0,2
247,2,-1.0,267,0,2
267,2,-1.0,287,0,1
287,1,-1.0,187,0,1
187,1,-1.0,87,0,4
87,4,-1.0,99,0,3
99,3,-1.0,79,0,0
79,0,-1.0,179,0,0
179,0,-1.0,279,0,0
279,0,-1.0,379,0,0
379,0,-1.0,479,0,5
479,5,20.0,475,1,0
383,1,-1.0,283,0,3
283,3,-1.0,263,0,2
263,2,-1.0,283,0,3
283,3,-1.0,263,0,3
263,3,-1.0,243,0,3
243,3,-1.0,223,0,1
223,1,-1.0,123,0,3
123,3,-1.0,103,0,1
103,1,-1.0,3,0,4
3,4,-1.0,19,0,0
19,0,-1.0,119,0,0
119,0,-1.0,219,0,2
219,2,-1.0,239,0,2
239,2,-1.0,259,0,2
259,2,-1.0,279,0,1
279,1,-1.0,179,0,0
179,0,-1.0,279,0,0
279,0,-1.0,379,0,0
379,0,-1.0,479,0,5
479,5,20.0,475,1,0
262,3,-1.0,242,0,3
242,3,-1.0,222,0,1
222,1,-1.0,122,0,5
122,5,-10.0,122,0,3
122,3,-1.0,102,0,1
102,1,-1.0,2,0,4
2,4,-1.0,18,0,0
18,0,-1.0,118,0,0
118,0,-1.0,218,0,0
218,0,-1.0,318,0,0
318,0,-1.0,418,0,5
418,5,20.0,410,1,0
382,1,-1.0,282,0,3
282,3,-1.0,262,0,3
262,3,-1.0,242,0,3
242,3,-1.0,222,0,1
222,1,-1.0,122,0,3
122,3,-1.0,102,0,5
102,5,-10.0,102,0,1
102,1,-1.0,2,0,4
2,4,-1.0,18,0,0
18,0,-1.0,118,0,0
118,0,-1.0,218,0,0
218,0,-1.0,318,0,0
318,0,-1.0,418,0,5
418,5,20.0,410,1,0
491,1,-1.0,391,0,1
391,1,-1.0,291,0,5
291,5,-10.0,291,0,3
291,3,-1.0,271,0,3
271,3,-1.0,251,0,3
251,3,-1.0,231,0,3
231,3,-1.0,211,0,0
211,0,-1.0,311,0,0
311,0,-1.0,411,0,4
411,4,-1.0,419,0,1
419,1,-1.0,319,0,1
319,1,-1.0,219,0,2
219,2,-1.0,239,0,2
239,2,-1.0,259,0,2
259,2,-1.0,279,0,0
279,0,-1.0,379,0,0
379,0,-1.0,479,0,5
479,5,20.0,475,1,0
401,1,-1.0,301,0,1
301,1,-1.0,201,0,1
201,1,-1.0,101,0,1
101,1,-1.0,1,0,4
1,4,-1.0,17,0,0
17,0,-1.0,117,0,2
117,2,-1.0,137,0,0
137,0,-1.0,237,0,2
237,2,-1.0,257,0,1
257,1,-1.0,157,0,2
157,2,-1.0,177,0,0
177,0,-1.0,277,0,1
277,1,-1.0,177,0,2
177,2,-1.0,197,0,1
197,1,-1.0,97,0,5
97,5,20.0,85,1,0
8,0,-1.0,108,0,0
108,0,-1.0,208,0,0
208,0,-1.0,308,0,0
308,0,-1.0,408,0,4
408,4,-1.0,416,0,1
416,1,-1.0,316,0,1
316,1,-1.0,216,0,1
216,1,-1.0,116,0,1
116,1,-1.0,16,0,5
16,5,20.0,0,1,0
254,2,-1.0,274,0,0
274,0,-1.0,374,0,0
374,0,-1.0,474,0,4
474,4,-1.0,478,0,1
478,1,-1.0,378,0,1
378,1,-1.0,278,0,3
278,3,-1.0,258,0,3
258,3,-1.0,238,0,3
238,3,-1.0,218,0,0
218,0,-1.0,318,0,3
318,3,-1.0,318,0,0
318,0,-1.0,418,0,5
418,5,20.0,410,1,0
383,1,-1.0,283,0,3
283,3,-1.0,263,0,3
263,3,-1.0,243,0,3
243,3,-1.0,223,0,2
223,2,-1.0,243,0,3
243,3,-1.0,223,0,1
223,1,-1.0,123,0,3
123,3,-1.0,103,0,1
103,1,-1.0,3,0,4
3,4,-1.0,19,0,0
19,0,-1.0,119,0,0
119,0,-1.0,219,0,2
219,2,-1.0,239,0,2
239,2,-1.0,259,0,2
259,2,-1.0,279,0,0
279,0,-1.0,379,0,0
379,0,-1.0,479,0,5
479,5,20.0,475,1,0
121,1,-1.0,21,0,3
21,3,-1.0,1,0,4
1,4,-1.0,17,0,0
17,0,-1.0,117,0,2
117,2,-1.0,137,0,0
137,0,-1.0,237,0,2
237,2,-1.0,257,0,1
257,1,-1.0,157,0,2
157,2,-1.0,177,0,2
177,2,-1.0,197,0,1
197,1,-1.0,97,0,5
97,5,20.0,85,1,0
169,3,-1.0,149,0,0
149,0,-1.0,249,0,3
249,3,-1.0,229,0,3
229,3,-1.0,209,0,0
209,0,-1.0,309,0,0
309,0,-1.0,409,0,4
409,4,-1.0,417,0,1
417,1,-1.0,317,0,1
317,1,-1.0,217,0,2
217,2,-1.0,237,0,2
237,2,-1.0,257,0,1
257,1,-1.0,157,0,2
157,2,-1.0,177,0,2
177,2,-1.0,197,0,1
197,1,-1.0,97,0,5
97,5,20.0,85,1,0
272,0,-1.0,372,0,0
372,0,-1.0,472,0,4
472,4,-1.0,476,0,1
476,1,-1.0,376,0,1
376,1,-1.0,276,0,3
276,3,-1.0,256,0,0
256,0,-1.0,356,0,1
356,1,-1.0,256,0,2
256,2,-1.0,276,0,0
276,0,-1.0,376,0,3
376,3,-1.0,376,0,1
376,1,-1.0,276,0,2
276,2,-1.0,296,0,3
296,3,-1.0,276,0,0
276,0,-1.0,376,0,1
376,1,-1.0,276,0,3
276,3,-1.0,256,0,3
256,3,-1.0,236,0,1
236,1,-1.0,136,0,3
136,3,-1.0,116,0,1
116,1,-1.0,16,0,5
16,5,20.0,0,1,0
243,3,-1.0,223,0,1
223,1,-1.0,123,0,3
123,3,-1.0,103,0,1
103,1,-1.0,3,0,4
3,4,-1.0,19,0,0
19,0,-1.0,119,0,0
119,0,-1.0,219,0,2
219,2,-1.0,239,0,2
239,2,-1.0,259,0,2
259,2,-1.0,279,0,0
279,0,-1.0,379,0,0
379,0,-1.0,479,0,5
479,5,20.0,475,1,0
52,3,-1.0,52,0,0
52,0,-1.0,152,0,2
152,2,-1.0,172,0,0
172,0,-1.0,272,0,0
272,0,-1.0,372,0,0
372,0,-1.0,472,0,4
472,4,-1.0,476,0,1
476,1,-1.0,376,0,1
376,1,-1.0,276,0,3
276,3,-1.0,256,0,3
256,3,-1.0,236,0,1
236,1,-1.0,136,0,3
136,3,-1.0,116,0,1
116,1,-1.0,16,0,1
16,1,-1.0,16,0,5
16,5,20.0,0,1,0
226,2,-1.0,246,0,2
246,2,-1.0,266,0,2
266,2,-1.0,286,0,1
286,1,-1.0,186,0,3
186,3,-1.0,166,0,2
166,2,-1.0,186,0,1
186,1,-1.0,86,0,4
86,4,-1.0,98,0,0
98,0,-1.0,198,0,0
198,0,-1.0,298,0,4
298,4,-10.0,298,0,3
298,3,-1.0,278,0,3
278,3,-1.0,258,0,3
258,3,-1.0,238,0,0
238,0,-1.0,338,0,1
338,1,-1.0,238,0,3
238,3,-1.0,218,0,0
218,0,-1.0,318,0,0
318,0,-1.0,418,0,3
418,3,-1.0,418,0,5
418,5,20.0,410,1,0
9,0,-1.0,109,0,0
109,0,-1.0,209,0,0
209,0,-1.0,309,0,2
309,2,-1.0,309,0,0
309,0,-1.0,409,0,4
409,4,-1.0,417,0,1
417,1,-1.0,317,0,1
317,1,-1.0,217,0,2
217,2,-1.0,237,0,2
237,2,-1.0,257,0,1
257,1,-1.0,157,0,2
157,2,-1.0,177,0,2
177,2,-1.0,197,0,1
197,1,-1.0,97,0,5
97,5,20.0,85,1,0
51,0,-1.0,151,0,0
151,0,-1.0,251,0,3
251,3,-1.0,231,0,3
231,3,-1.0,211,0,0
211,0,-1.0,311,0,0
311,0,-1.0,411,0,4
411,4,-1.0,419,0,1
419,1,-1.0,319,0,1
319,1,-1.0,219,0,2
219,2,-1.0,239,0,2
239,2,-1.0,259,0,2
259,2,-1.0,279,0,0
279,0,-1.0,379,0,0
379,0,-1.0,479,0,2
479,2,-1.0,499,0,3
499,3,-1.0,479,0,5
479,5,20.0,475,1,0
471,1,-1.0,371,0,4
371,4,-10.0,371,0,1
371,1,-1.0,271,0,3
271,3,-1.0,251,0,3
251,3,-1.0,231,0,3
231,3,-1.0,211,0,0
211,0,-1.0,311,0,0
311,0,-1.0,411,0,4
411,4,-1.0,419,0,1
419,1,-1.0,319,0,1
319,1,-1.0,219,0,2
219,2,-1.0,239,0,2
239,2,-1.0,259,0,2
259,2,-1.0,279,0,0
279,0,-1.0,379,0,0
379,0,-1.0,479,0,5
479,5,20.0,475,1,0
484,1,-1.0,384,0,1
384,1,-1.0,284,0,1
284,1,-1.0,184,0,1
184,1,-1.0,84,0,4
84,4,-1.0,96,0,0
96,0,-1.0,196,0,3
196,3,-1.0,176,0,0
176,0,-1.0,276,0,3
276,3,-1.0,256,0,3
256,3,-1.0,236,0,3
236,3,-1.0,216,0,1
216,1,-1.0,116,0,1
116,1,-1.0,16,0,5
16,5,20.0,0,1,0
21,3,-1.0,1,0,4
1,4,-1.0,17,0,0
17,0,-1.0,117,0,2
117,2,-1.0,137,0,2
137,2,-1.0,137,0,0
137,0,-1.0,237,0,2
237,2,-1.0,257,0,1
257,1,-1.0,157,0,2
157,2,-1.0,177,0,2
177,2,-1.0,197,0,1
197,1,-1.0,97,0,5
97,5,20.0,85,1,0
