state,action,reward,next_state,done,next_action
131,3,-1.0,111,0,0
111,0,-1.0,211,0,0
211,0,-1.0,311,0,0
311,0,-1.0,411,0,4
411,4,-1.0,419,0,1
419,0,-1.0,419,0,1
419,4,-10.0,419,0,1
419,1,-1.0,319,0,1
319,1,-1.0,219,0,2
219,4,-10.0,219,0,2
219,2,-1.0,239,0,2
239,2,-1.0,259,0,2
259,2,-1.0,279,0,0
279,0,-1.0,379,0,0
379,0,-1.0,479,0,5
479,5,20.0,475,1,0
147,2,-1.0,167,0,2
167,2,-1.0,187,0,1
187,1,-1.0,87,0,4
87,4,-1.0,99,0,3
99,3,-1.0,79,0,0
79,0,-1.0,179,0,0
179,0,-1.0,279,0,0
279,0,-1.0,379,0,2
379,0,-1.0,479,0,5
479,5,20.0,475,1,0
324,4,-10.0,324,0,1
324,1,-1.0,224,0,2
224,2,-1.0,244,0,1
244,3,-1.0,224,0,2
224,2,-1.0,244,0,1
244,1,-1.0,144,0,2
144,2,-1.0,164,0,2
164,2,-1.0,184,0,1
184,1,-1.0,84,0,4
84,4,-1.0,96,0,0
96,0,-1.0,196,0,3
196,3,-1.0,176,0,0
176,0,-1.0,276,0,3
276,3,-1.0,256,0,3
256,3,-1.0,236,0,1
236,1,-1.0,136,0,3
136,3,-1.0,116,0,1
116,1,-1.0,16,0,5
16,5,20.0,0,1,0
412,1,-1.0,312,0,0
312,1,-1.0,212,0,2
212,2,-1.0,232,0,2
232,2,-1.0,252,0,2
252,2,-1.0,272,0,0
272,0,-1.0,372,0,0
372,0,-1.0,472,0,4
472,4,-1.0,476,0,1
476,5,-1.0,472,0,4
472,4,-1.0,476,0,5
476,4,-10.0,476,0,1
476,1,-1.0,376,0,1
376,2,-1.0,396,0,5
396,3,-1.0,376,0,1
376,1,-1.0,276,0,3
276,3,-1.0,256,0,3
256,3,-1.0,236,0,1
236,1,-1.0,136,0,3
136,3,-1.0,116,0,1
116,1,-1.0,16,0,5
16,5,20.0,0,1,0
463,1,-1.0,363,0,1
363,1,-1.0,263,0,3
263,3,-1.0,243,0,3
243,3,-1.0,223,0,1
223,1,-1.0,123,0,3
123,3,-1.0,103,0,3
103,1,-1.0,3,0,4
3,4,-1.0,19,0,0
19,1,-1.0,19,0,0
19,0,-1.0,119,0,0
119,0,-1.0,219,0,2
219,3,-1.0,219,0,2
219,2,-1.0,239,0,2
239,2,-1.0,259,0,2
259,2,-1.0,279,0,0
279,0,-1.0,379,0,0
379,0,-1.0,479,0,5
479,5,20.0,475,1,0
463,1,-1.0,363,0,1
363,1,-1.0,263,0,3
263,3,-1.0,243,0,3
243,3,-1.0,223,0,1
223,1,-1.0,123,0,3
123,3,-1.0,103,0,1
103,1,-1.0,3,0,4
3,4,-1.0,19,0,0
19,0,-1.0,119,0,0
119,0,-1.0,219,0,2
219,2,-1.0,239,0,3
239,2,-1.0,259,0,5
259,2,-1.0,279,0,0
279,0,-1.0,379,0,0
379,0,-1.0,479,0,5
479,5,20.0,475,1,0
464,1,-1.0,364,0,1
364,1,-1.0,264,0,3
264,2,-1.0,284,0,1
284,1,-1.0,184,0,2
184,1,-1.0,84,0,1
84,4,-1.0,96,0,0
96,0,-1.0,196,0,3
196,3,-1.0,176,0,0
176,2,-1.0,196,0,1
196,3,-1.0,176,0,0
176,0,-1.0,276,0,3
276,3,-1.0,256,0,3
256,3,-1.0,236,0,1
236,1,-1.0,136,0,5
136,3,-1.0,116,0,1
116,1,-1.0,16,0,5
16,5,20.0,0,1,0
121,1,-1.0,21,0,3
21,3,-1.0,1,0,4
1,4,-1.0,17,0,0
17,0,-1.0,117,0,2
117,3,-1.0,117,0,2
117,2,-1.0,137,0,0
137,0,-1.0,237,0,2
237,2,-1.0,257,0,1
257,5,-10.0,257,0,1
257,1,-1.0,157,0,2
157,2,-1.0,177,0,2
177,2,-1.0,197,0,1
197,1,-1.0,97,0,5
97,5,20.0,85,1,0
272,0,-1.0,372,0,2
372,0,-1.0,472,0,4
472,4,-1.0,476,0,1
476,1,-1.0,376,0,1
376,1,-1.0,276,0,3
276,3,-1.0,256,0,3
256,3,-1.0,236,0,1
236,1,-1.0,136,0,3
136,3,-1.0,116,0,1
116,1,-1.0,16,0,5
16,4,-10.0,16,0,5
16,2,-1.0,36,0,3
36,3,-1.0,16,0,5
16,5,20.0,0,1,0
348,1,-1.0,248,0,3
248,3,-1.0,228,0,3
228,3,-1.0,208,0,2
208,0,-1.0,308,0,0
308,0,-1.0,408,0,4
408,4,-1.0,416,0,1
416,1,-1.0,316,0,1
316,1,-1.0,216,0,1
216,1,-1.0,116,0,1
116,1,-1.0,16,0,5
16,5,20.0,0,1,0
428,1,-1.0,328,0,1
328,1,-1.0,228,0,3
228,3,-1.0,208,0,1
208,0,-1.0,308,0,0
308,0,-1.0,408,0,4
408,4,-1.0,416,0,1
416,1,-1.0,316,0,1
316,4,-10.0,316,0,1
316,1,-1.0,216,0,1
216,1,-1.0,116,0,1
116,1,-1.0,16,0,0
16,5,20.0,0,1,0
428,1,-1.0,328,0,1
328,4,-10.0,328,0,1
328,1,-1.0,228,0,3
228,3,-1.0,208,0,0
208,0,-1.0,308,0,0
308,0,-1.0,408,0,4
408,4,-1.0,416,0,1
416,1,-1.0,316,0,1
316,1,-1.0,216,0,1
216,1,-1.0,116,0,1
116,1,-1.0,16,0,3
16,5,20.0,0,1,0
43,0,-1.0,143,0,0
143,0,-1.0,243,0,3
243,3,-1.0,223,0,1
223,1,-1.0,123,0,3
123,3,-1.0,103,0,0
103,1,-1.0,3,0,4
3,4,-1.0,19,0,1
19,0,-1.0,119,0,0
119,0,-1.0,219,0,2
219,2,-1.0,239,0,2
239,2,-1.0,259,0,2
259,2,-1.0,279,0,0
279,0,-1.0,379,0,0
379,0,-1.0,479,0,5
479,5,20.0,475,1,0
369,1,-1.0,269,0,3
269,3,-1.0,249,0,3
249,3,-1.0,229,0,0
229,3,-1.0,209,0,0
209,0,-1.0,309,0,0
309,0,-1.0,409,0,4
409,4,-1.0,417,0,1
417,1,-1.0,317,0,1
317,1,-1.0,217,0,2
217,2,-1.0,237,0,2
237,2,-1.0,257,0,1
257,1,-1.0,157,0,2
157,2,-1.0,177,0,2
177,2,-1.0,197,0,1
197,1,-1.0,97,0,5
97,5,20.0,85,1,0
246,2,-1.0,266,0,2
266,2,-1.0,286,0,1
286,1,-1.0,186,0,1
186,1,-1.0,86,0,4
86,4,-1.0,98,0,0
98,0,-1.0,198,0,0
198,0,-1.0,298,0,3
298,3,-1.0,278,0,3
278,3,-1.0,258,0,3
258,3,-1.0,238,0,3
238,3,-1.0,218,0,0
218,0,-1.0,318,0,0
318,0,-1.0,418,0,5
418,5,20.0,410,1,0
481,1,-1.0,381,0,1
381,1,-1.0,281,0,3
281,3,-1.0,261,0,0
261,3,-1.0,241,0,3
241,3,-1.0,221,0,1
221,1,-1.0,121,0,1
121,1,-1.0,21,0,3
21,3,-1.0,1,0,3
1,4,-1.0,17,0,3
17,0,-1.0,117,0,2
117,2,-1.0,137,0,0
137,0,-1.0,237,0,2
237,2,-1.0,257,0,1
257,1,-1.0,157,0,2
157,2,-1.0,177,0,2
177,2,-1.0,197,0,1
197,1,-1.0,97,0,5
97,5,20.0,85,1,0
394,3,-1.0,374,0,0
374,0,-1.0,474,0,4
474,4,-1.0,478,0,1
478,1,-1.0,378,0,1
378,1,-1.0,278,0,3
278,3,-1.0,258,0,5
258,3,-1.0,238,0,3
238,3,-1.0,218,0,0
218,0,-1.0,318,0,0
318,0,-1.0,418,0,5
418,5,20.0,410,1,0
67,2,-1.0,87,0,4
87,4,-1.0,99,0,3
99,3,-1.0,79,0,0
79,0,-1.0,179,0,0
179,0,-1.0,279,0,3
279,0,-1.0,379,0,0
379,0,-1.0,479,0,5
479,5,20.0,475,1,0
373,0,-1.0,473,0,4
473,4,-1.0,477,0,2
477,2,-1.0,497,0,1
497,1,-1.0,397,0,1
397,1,-1.0,297,0,1
297,1,-1.0,197,0,1
197,1,-1.0,97,0,5
97,5,20.0,85,1,0
192,0,-1.0,292,0,3
292,3,-1.0,272,0,0
272,0,-1.0,372,0,0
372,0,-1.0,472,0,4
472,4,-1.0,476,0,1
476,1,-1.0,376,0,1
376,1,-1.0,276,0,3
276,3,-1.0,256,0,3
256,3,-1.0,236,0,1
236,1,-1.0,136,0,3
136,2,-1.0,136,0,3
136,3,-1.0,116,0,1
116,2,-1.0,136,0,3
136,3,-1.0,116,0,1
116,1,-1.0,16,0,5
16,5,20.0,0,1,0
404,1,-1.0,304,0,1
304,1,-1.0,204,0,2
204,2,-1.0,224,0,2
224,2,-1.0,244,0,1
244,1,-1.0,144,0,2
144,2,-1.0,164,0,4
164,2,-1.0,184,0,1
184,1,-1.0,84,0,4
84,4,-1.0,96,0,0
96,0,-1.0,196,0,3
196,3,-1.0,176,0,0
176,1,-1.0,76,0,0
76,0,-1.0,176,0,0
176,0,-1.0,276,0,3
276,3,-1.0,256,0,3
256,2,-1.0,276,0,3
276,3,-1.0,256,0,3
256,3,-1.0,236,0,1
236,1,-1.0,136,0,3
136,3,-1.0,116,0,1
116,1,-1.0,16,0,5
16,5,20.0,0,1,0
469,1,-1.0,369,0,1
369,1,-1.0,269,0,3
269,3,-1.0,249,0,3
249,3,-1.0,229,0,3
229,3,-1.0,209,0,0
209,1,-1.0,109,0,0
109,0,-1.0,209,0,0
209,0,-1.0,309,0,0
309,0,-1.0,409,0,4
409,4,-1.0,417,0,1
417,1,-1.0,317,0,1
317,1,-1.0,217,0,2
217,2,-1.0,237,0,2
237,2,-1.0,257,0,1
257,1,-1.0,157,0,2
157,2,-1.0,177,0,2
177,2,-1.0,197,0,1
197,2,-1.0,197,0,1
197,1,-1.0,97,0,5
97,0,-1.0,197,0,1
197,1,-1.0,97,0,5
97,5,20.0,85,1,0
346,1,-1.0,246,0,2
246,2,-1.0,266,0,2
266,2,-1.0,286,0,1
286,1,-1.0,186,0,3
186,0,-1.0,286,0,1
286,1,-1.0,186,0,1
186,1,-1.0,86,0,4
86,4,-1.0,98,0,0
98,0,-1.0,198,0,0
198,0,-1.0,298,0,3
298,3,-1.0,278,0,3
278,3,-1.0,258,0,3
258,3,-1.0,238,0,3
238,3,-1.0,218,0,0
218,0,-1.0,318,0,0
318,0,-1.0,418,0,5
418,5,20.0,410,1,0
193,4,-10.0,193,0,0
193,0,-1.0,293,0,3
293,3,-1.0,273,0,0
273,0,-1.0,373,0,0
373,0,-1.0,473,0,4
473,4,-1.0,477,0,2
477,2,-1.0,497,0,1
497,1,-1.0,397,0,1
397,1,-1.0,297,0,1
297,1,-1.0,197,0,1
197,1,-1.0,97,0,5
97,5,20.0,85,1,0
424,1,-1.0,324,0,1
324,1,-1.0,224,0,2
224,2,-1.0,244,0,1
244,1,-1.0,144,0,2
144,2,-1.0,164,0,2
164,2,-1.0,184,0,1
184,1,-1.0,84,0,4
84,4,-1.0,96,0,0
96,0,-1.0,196,0,3
196,3,-1.0,176,0,0
176,3,-1.0,156,0,0
156,0,-1.0,256,0,3
256,3,-1.0,236,0,1
236,1,-1.0,136,0,3
136,3,-1.0,116,0,1
116,1,-1.0,16,0,5
16,5,20.0,0,1,0
46,2,-1.0,66,0,2
66,2,-1.0,86,0,4
86,4,-1.0,98,0,0
98,0,-1.0,198,0,0
198,5,-10.0,198,0,0
198,0,-1.0,298,0,3
298,3,-1.0,278,0,3
278,3,-1.0,258,0,3
258,3,-1.0,238,0,3
238,3,-1.0,218,0,0
218,0,-1.0,318,0,0
318,0,-1.0,418,0,5
418,5,20.0,410,1,0
387,1,-1.0,287,0,1
287,1,-1.0,187,0,1
187,1,-1.0,87,0,4
87,4,-1.0,99,0,3
99,3,-1.0,79,0,0
79,0,-1.0,179,0,0
179,0,-1.0,279,0,0
279,0,-1.0,379,0,0
379,0,-1.0,479,0,5
479,5,20.0,475,1,0
381,1,-1.0,281,0,3
281,3,-1.0,261,0,3
261,3,-1.0,241,0,3
241,3,-1.0,221,0,1
221,1,-1.0,121,0,4
121,1,-1.0,21,0,3
21,3,-1.0,1,0,4
1,4,-1.0,17,0,0
17,0,-1.0,117,0,2
117,2,-1.0,137,0,0
137,0,-1.0,237,0,2
237,2,-1.0,257,0,1
257,1,-1.0,157,0,2
157,2,-1.0,177,0,2
177,2,-1.0,197,0,1
197,1,-1.0,97,0,2
97,5,20.0,85,1,0
421,1,-1.0,321,0,1
321,1,-1.0,221,0,1
221,1,-1.0,121,0,3
121,1,-1.0,21,0,3
21,3,-1.0,1,0,4
1,4,-1.0,17,0,3
17,0,-1.0,117,0,2
117,2,-1.0,137,0,3
137,0,-1.0,237,0,2
237,2,-1.0,257,0,1
257,1,-1.0,157,0,2
157,2,-1.0,177,0,2
177,2,-1.0,197,0,1
197,1,-1.0,97,0,5
97,5,20.0,85,1,0
23,3,-1.0,3,0,4
3,4,-1.0,19,0,0
19,4,-10.0,19,0,0
19,0,-1.0,119,0,0
119,0,-1.0,219,0,2
219,2,-1.0,239,0,2
239,2,-1.0,259,0,2
259,2,-1.0,279,0,0
279,0,-1.0,379,0,0
379,0,-1.0,479,0,5
479,5,20.0,475,1,0
92,3,-1.0,72,0,0
72,0,-1.0,172,0,0
172,0,-1.0,272,0,0
272,0,-1.0,372,0,0
372,0,-1.0,472,0,4
472,4,-1.0,476,0,1
476,1,-1.0,376,0,1
376,1,-1.0,276,0,3
276,3,-1.0,256,0,3
256,3,-1.0,236,0,1
236,1,-1.0,136,0,3
136,3,-1.0,116,0,1
116,1,-1.0,16,0,5
16,5,20.0,0,1,0
309,0,-1.0,409,0,0
409,2,-1.0,409,0,4
409,4,-1.0,417,0,4
417,1,-1.0,317,0,1
317,1,-1.0,217,0,2
217,2,-1.0,237,0,2
237,2,-1.0,257,0,1
257,1,-1.0,157,0,1
157,2,-1.0,177,0,2
177,2,-1.0,197,0,1
197,1,-1.0,97,0,5
97,3,-1.0,77,0,2
77,2,-1.0,97,0,5
97,5,20.0,85,1,0
128,0,-1.0,228,0,0
228,3,-1.0,208,0,0
208,0,-1.0,308,0,0
308,0,-1.0,408,0,4
408,4,-1.0,416,0,0
416,1,-1.0,316,0,1
316,1,-1.0,216,0,1
216,1,-1.0,116,0,1
116,1,-1.0,16,0,5
16,5,20.0,0,1,0
123,3,-1.0,103,0,1
103,1,-1.0,3,0,4
3,4,-1.0,19,0,0
19,0,-1.0,119,0,0
119,0,-1.0,219,0,2
219,2,-1.0,239,0,2
239,2,-1.0,259,0,2
259,2,-1.0,279,0,0
279,0,-1.0,379,0,0
379,0,-1.0,479,0,5
479,5,20.0,475,1,0
306,1,-1.0,206,0,2
206,2,-1.0,226,0,2
226,1,-1.0,126,0,0
126,3,-1.0,106,0,0
106,0,-1.0,206,0,2
206,3,-1.0,206,0,2
206,2,-1.0,226,0,2
226,2,-1.0,246,0,2
246,2,-1.0,266,0,4
266,2,-1.0,286,0,1
286,1,-1.0,186,0,1
186,0,-1.0,286,0,1
286,1,-1.0,186,0,2
186,1,-1.0,86,0,4
86,4,-1.0,98,0,5
98,0,-1.0,198,0,0
198,0,-1.0,298,0,3
298,3,-1.0,278,0,3
278,3,-1.0,258,0,3
258,3,-1.0,238,0,3
238,3,-1.0,218,0,0
218,0,-1.0,318,0,0
318,0,-1.0,418,0,5
418,5,20.0,410,1,0
202,1,-1.0,102,0,1
102,1,-1.0,2,0,4
2,4,-1.0,18,0,0
18,0,-1.0,118,0,0
118,0,-1.0,218,0,0
218,0,-1.0,318,0,0
318,0,-1.0,418,0,5
418,5,20.0,410,1,0
311,0,-1.0,411,0,4
411,4,-1.0,419,0,1
419,1,-1.0,319,0,1
319,1,-1.0,219,0,2
219,2,-1.0,239,0,2
239,2,-1.0,259,0,2
259,2,-1.0,279,0,0
279,0,-1.0,379,0,0
379,0,-1.0,479,0,5
479,5,20.0,475,1,0
232,2,-1.0,252,0,2
252,2,-1.0,272,0,0
272,0,-1.0,372,0,0
372,0,-1.0,472,0,4
472,4,-1.0,476,0,1
476,1,-1.0,376,0,1
376,1,-1.0,276,0,3
276,3,-1.0,256,0,3
256,3,-1.0,236,0,1
236,1,-1.0,136,0,3
136,3,-1.0,116,0,1
116,1,-1.0,16,0,5
16,5,20.0,0,1,0
393,3,-1.0,373,0,5
373,0,-1.0,473,0,4
473,0,-1.0,473,0,4
473,4,-1.0,477,0,0
477,2,-1.0,497,0,1
497,1,-1.0,397,0,1
397,4,-10.0,397,0,1
397,1,-1.0,297,0,1
297,1,-1.0,197,0,1
197,1,-1.0,97,0,5
97,5,20.0,85,1,0
154,0,-1.0,254,0,2
254,2,-1.0,274,0,0
274,0,-1.0,374,0,0
374,0,-1.0,474,0,4
474,4,-1.0,478,0,1
478,1,-1.0,378,0,0
378,3,-1.0,378,0,1
378,1,-1.0,278,0,3
278,3,-1.0,258,0,3
258,3,-1.0,238,0,3
238,3,-1.0,218,0,0
218,0,-1.0,318,0,0
318,0,-1.0,418,0,5
418,5,20.0,410,1,0
54,2,-1.0,74,0,0
74,5,-10.0,74,0,0
74,0,-1.0,174,0,0
174,0,-1.0,274,0,0
274,0,-1.0,374,0,0
374,0,-1.0,474,0,4
474,4,-1.0,478,0,1
478,1,-1.0,378,0,1
378,1,-1.0,278,0,3
278,3,-1.0,258,0,3
258,3,-1.0,238,0,3
238,3,-1.0,218,0,0
218,0,-1.0,318,0,0
318,0,-1.0,418,0,5
418,5,20.0,410,1,0
453,1,-1.0,353,0,1
353,1,-1.0,253,0,2
253,2,-1.0,273,0,0
273,5,-10.0,273,0,0
273,0,-1.0,373,0,0
373,0,-1.0,473,0,4
473,4,-1.0,477,0,2
477,2,-1.0,497,0,1
497,1,-1.0,397,0,1
397,1,-1.0,297,0,1
297,1,-1.0,197,0,1
197,1,-1.0,97,0,3
97,5,20.0,85,1,0
402,1,-1.0,302,0,1
302,1,-1.0,202,0,1
202,3,-1.0,202,0,1
202,1,-1.0,102,0,1
102,1,-1.0,2,0,2
2,4,-1.0,18,0,0
18,0,-1.0,118,0,0
118,0,-1.0,218,0,0
218,0,-1.0,318,0,0
318,0,-1.0,418,0,5
418,2,-1.0,418,0,5
418,5,20.0,410,1,0
443,1,-1.0,343,0,1
343,1,-1.0,243,0,3
243,2,-1.0,263,0,3
263,3,-1.0,243,0,3
243,3,-1.0,223,0,1
223,1,-1.0,123,0,1
123,5,-10.0,123,0,3
123,3,-1.0,103,0,1
103,1,-1.0,3,0,4
3,1,-1.0,3,0,4
3,4,-1.0,19,0,0
19,0,-1.0,119,0,0
119,0,-1.0,219,0,2
219,2,-1.0,239,0,2
239,2,-1.0,259,0,2
259,2,-1.0,279,0,0
279,0,-1.0,379,0,0
379,5,-10.0,379,0,4
379,0,-1.0,479,0,5
479,5,20.0,475,1,0
329,1,-1.0,229,0,3
229,3,-1.0,209,0,0
209,0,-1.0,309,0,0
309,0,-1.0,409,0,4
409,4,-1.0,417,0,1
417,1,-1.0,317,0,1
317,1,-1.0,217,0,2
217,1,-1.0,117,0,2
117,1,-1.0,17,0,0
17,0,-1.0,117,0,2
117,2,-1.0,137,0,0
137,0,-1.0,237,0,2
237,2,-1.0,257,0,1
257,1,-1.0,157,0,3
157,2,-1.0,177,0,2
177,2,-1.0,197,0,1
197,1,-1.0,97,0,5
97,5,20.0,85,1,0
133,0,-1.0,233,0,2
233,2,-1.0,253,0,2
253,2,-1.0,273,0,4
273,0,-1.0,373,0,0
373,0,-1.0,473,0,4
473,4,-1.0,477,0,2
477,1,-1.0,377,0,2
377,2,-1.0,397,0,0
397,1,-1.0,297,0,1
297,1,-1.0,197,0,1
197,1,-1.0,97,0,5
97,5,20.0,85,1,0
281,3,-1.0,261,0,3
261,3,-1.0,241,0,3
241,3,-1.0,221,0,4
221,1,-1.0,121,0,1
121,1,-1.0,21,0,0
21,3,-1.0,1,0,2
1,4,-1.0,17,0,0
17,0,-1.0,117,0,2
117,2,-1.0,137,0,0
137,0,-1.0,237,0,2
237,2,-1.0,257,0,1
257,1,-1.0,157,0,2
157,2,-1.0,177,0,2
177,2,-1.0,197,0,1
197,1,-1.0,97,0,5
97,5,20.0,85,1,0
381,1,-1.0,281,0,3
281,3,-1.0,261,0,3
261,3,-1.0,241,0,3
241,4,-10.0,241,0,3
241,3,-1.0,221,0,1
221,1,-1.0,121,0,1
121,1,-1.0,21,0,3
21,3,-1.0,1,0,4
1,4,-1.0,17,0,0
17,0,-1.0,117,0,2
117,2,-1.0,137,0,0
137,0,-1.0,237,0,5
237,2,-1.0,257,0,1
257,1,-1.0,157,0,2
157,2,-1.0,177,0,2
177,2,-1.0,197,0,1
197,1,-1.0,97,0,5
97,5,20.0,85,1,0
13,0,-1.0,113,0,0
113,0,-1.0,213,0,2
213,2,-1.0,233,0,2
233,2,-1.0,253,0,2
253,2,-1.0,273,0,0
273,0,-1.0,373,0,0
373,0,-1.0,473,0,4
473,4,-1.0,477,0,2
477,2,-1.0,497,0,1
497,1,-1.0,397,0,1
397,1,-1.0,297,0,1
297,4,-10.0,297,0,1
297,1,-1.0,197,0,1
197,1,-1.0,97,0,3
97,5,20.0,85,1,0
161,3,-1.0,141,0,0
141,0,-1.0,241,0,3
241,3,-1.0,221,0,1
221,1,-1.0,121,0,1
121,1,-1.0,21,0,3
21,3,-1.0,1,0,4
1,4,-1.0,17,0,2
17,0,-1.0,117,0,2
117,2,-1.0,137,0,0
137,0,-1.0,237,0,5
237,2,-1.0,257,0,1
257,0,-1.0,357,0,1
357,1,-1.0,257,0,1
257,1,-1.0,157,0,2
157,2,-1.0,177,0,2
177,2,-1.0,197,0,1
197,1,-1.0,97,0,5
97,5,20.0,85,1,0
81,0,-1.0,181,0,3
181,3,-1.0,161,0,3
161,3,-1.0,141,0,0
141,5,-10.0,141,0,0
141,0,-1.0,241,0,1
241,3,-1.0,221,0,1
221,1,-1.0,121,0,1
121,1,-1.0,21,0,3
21,3,-1.0,1,0,4
1,4,-1.0,17,0,0
17,0,-1.0,117,0,2
117,2,-1.0,137,0,3
137,2,-1.0,137,0,0
137,0,-1.0,237,0,0
237,2,-1.0,257,0,1
257,1,-1.0,157,0,2
157,2,-1.0,177,0,2
177,2,-1.0,197,0,1
197,1,-1.0,97,0,5
97,5,20.0,85,1,0
427,1,-1.0,327,0,2
327,2,-1.0,347,0,5
347,1,-1.0,247,0,2
247,1,-1.0,147,0,1
147,2,-1.0,167,0,2
167,2,-1.0,187,0,1
187,1,-1.0,87,0,4
87,4,-1.0,99,0,3
99,3,-1.0,79,0,0
79,0,-1.0,179,0,0
179,0,-1.0,279,0,0
279,4,-10.0,279,0,0
279,0,-1.0,379,0,0
379,0,-1.0,479,0,5
479,5,20.0,475,1,0
202,1,-1.0,102,0,1
102,1,-1.0,2,0,4
2,4,-1.0,18,0,0
18,0,-1.0,118,0,0
118,0,-1.0,218,0,0
218,0,-1.0,318,0,5
318,0,-1.0,418,0,5
418,5,20.0,410,1,0
104,2,-1.0,124,0,0
124,0,-1.0,224,0,2
224,2,-1.0,244,0,1
244,1,-1.0,144,0,2
144,2,-1.0,164,0,2
164,2,-1.0,184,0,1
184,1,-1.0,84,0,4
84,0,-1.0,184,0,1
184,1,-1.0,84,0,4
84,4,-1.0,96,0,0
96,0,-1.0,196,0,3
196,3,-1.0,176,0,0
176,0,-1.0,276,0,3
276,3,-1.0,256,0,3
256,3,-1.0,236,0,1
236,1,-1.0,136,0,3
136,3,-1.0,116,0,1
116,1,-1.0,16,0,5
16,5,20.0,0,1,0
403,1,-1.0,303,0,1
303,1,-1.0,203,0,5
203,1,-1.0,103,0,1
103,1,-1.0,3,0,4
3,4,-1.0,19,0,0
19,0,-1.0,119,0,0
119,2,-1.0,139,0,0
139,0,-1.0,239,0,2
239,2,-1.0,259,0,2
259,2,-1.0,279,0,0
279,0,-1.0,379,0,0
379,0,-1.0,479,0,5
479,5,20.0,475,1,0
124,0,-1.0,224,0,2
224,2,-1.0,244,0,1
244,1,-1.0,144,0,2
144,2,-1.0,164,0,2
164,2,-1.0,184,0,1
184,1,-1.0,84,0,4
84,4,-1.0,96,0,0
96,0,-1.0,196,0,3
196,3,-1.0,176,0,0
176,0,-1.0,276,0,3
276,3,-1.0,256,0,3
256,3,-1.0,236,0,1
236,1,-1.0,136,0,3
136,3,-1.0,116,0,1
116,1,-1.0,16,0,5
16,5,20.0,0,1,0
446,1,-1.0,346,0,3
346,1,-1.0,246,0,5
246,2,-1.0,266,0,2
266,2,-1.0,286,0,1
286,1,-1.0,186,0,1
186,1,-1.0,86,0,4
86,4,-1.0,98,0,0
98,1,-1.0,98,0,2
98,0,-1.0,198,0,0
198,0,-1.0,298,0,3
298,4,-10.0,298,0,3
298,5,-10.0,298,0,3
298,3,-1.0,278,0,3
278,3,-1.0,258,0,3
258,3,-1.0,238,0,3
238,3,-1.0,218,0,0
218,0,-1.0,318,0,0
318,0,-1.0,418,0,5
418,5,20.0,410,1,0
87,4,-1.0,99,0,3
99,3,-1.0,79,0,0
79,0,-1.0,179,0,5
179,0,-1.0,279,0,0
279,0,-1.0,379,0,0
379,0,-1.0,479,0,2
479,5,20.0,475,1,0
382,1,-1.0,282,0,3
282,3,-1.0,262,0,3
262,3,-1.0,242,0,3
242,3,-1.0,222,0,1
222,1,-1.0,122,0,3
122,3,-1.0,102,0,1
102,1,-1.0,2,0,4
2,4,-1.0,18,0,0
18,0,-1.0,118,0,0
118,0,-1.0,218,0,0
218,0,-1.0,318,0,0
318,0,-1.0,418,0,5
418,5,20.0,410,1,0
294,3,-1.0,274,0,0
274,0,-1.0,374,0,0
374,0,-1.0,474,0,4
474,4,-1.0,478,0,1
478,1,-1.0,378,0,1
378,1,-1.0,278,0,3
278,3,-1.0,258,0,3
258,3,-1.0,238,0,3
238,3,-1.0,218,0,0
218,0,-1.0,318,0,0
318,0,-1.0,418,0,5
418,5,20.0,410,1,0
349,1,-1.0,249,0,3
249,3,-1.0,229,0,3
229,3,-1.0,209,0,0
209,0,-1.0,309,0,0
309,5,-10.0,309,0,0
309,0,-1.0,409,0,4
409,4,-1.0,417,0,1
417,1,-1.0,317,0,1
317,1,-1.0,217,0,2
217,2,-1.0,237,0,2
237,2,-1.0,257,0,1
257,1,-1.0,157,0,4
157,2,-1.0,177,0,2
177,2,-1.0,197,0,1
197,1,-1.0,97,0,5
97,5,20.0,85,1,0
309,0,-1.0,409,0,4
409,4,-1.0,417,0,1
417,2,-1.0,417,0,3
417,1,-1.0,317,0,1
317,4,-10.0,317,0,1
317,0,-1.0,417,0,1
417,1,-1.0,317,0,1
317,1,-1.0,217,0,2
217,3,-1.0,217,0,2
217,2,-1.0,237,0,3
237,2,-1.0,257,0,4
257,1,-1.0,157,0,2
157,2,-1.0,177,0,3
177,2,-1.0,197,0,1
197,1,-1.0,97,0,5
97,5,20.0,85,1,0
321,2,-1.0,341,0,1
341,0,-1.0,441,0,1
441,1,-1.0,341,0,1
341,1,-1.0,241,0,3
241,3,-1.0,221,0,0
221,1,-1.0,121,0,1
121,1,-1.0,21,0,3
21,3,-1.0,1,0,4
1,4,-1.0,17,0,0
17,0,-1.0,117,0,2
117,2,-1.0,137,0,0
137,0,-1.0,237,0,2
237,2,-1.0,257,0,1
257,1,-1.0,157,0,2
157,2,-1.0,177,0,2
177,2,-1.0,197,0,1
197,1,-1.0,97,0,5
97,5,20.0,85,1,0
144,2,-1.0,164,0,4
164,0,-1.0,264,0,2
264,2,-1.0,284,0,1
284,1,-1.0,184,0,1
184,1,-1.0,84,0,4
84,5,-10.0,84,0,4
84,4,-1.0,96,0,0
96,0,-1.0,196,0,3
196,3,-1.0,176,0,0
176,0,-1.0,276,0,3
276,3,-1.0,256,0,3
256,3,-1.0,236,0,1
236,1,-1.0,136,0,1
136,3,-1.0,116,0,1
116,1,-1.0,16,0,5
16,1,-1.0,16,0,5
16,5,20.0,0,1,0
246,2,-1.0,266,0,2
266,2,-1.0,286,0,1
286,1,-1.0,186,0,1
186,1,-1.0,86,0,4
86,4,-1.0,98,0,0
98,0,-1.0,198,0,4
198,0,-1.0,298,0,3
298,3,-1.0,278,0,1
278,3,-1.0,258,0,3
258,3,-1.0,238,0,3
238,3,-1.0,218,0,0
218,2,-1.0,238,0,3
238,3,-1.0,218,0,0
218,0,-1.0,318,0,0
318,0,-1.0,418,0,4
418,5,20.0,410,1,0
331,1,-1.0,231,0,3
231,3,-1.0,211,0,0
211,0,-1.0,311,0,0
311,0,-1.0,411,0,4
411,3,-1.0,411,0,4
411,4,-1.0,419,0,1
419,1,-1.0,319,0,1
319,1,-1.0,219,0,2
219,2,-1.0,239,0,2
239,2,-1.0,259,0,2
259,2,-1.0,279,0,0
279,0,-1.0,379,0,0
379,0,-1.0,479,0,5
479,0,-1.0,479,0,5
479,4,-10.0,479,0,5
479,5,20.0,475,1,0
151,0,-1.0,251,0,3
251,3,-1.0,231,0,3
231,3,-1.0,211,0,0
211,0,-1.0,311,0,2
311,0,-1.0,411,0,4
411,4,-1.0,419,0,1
419,1,-1.0,319,0,1
319,1,-1.0,219,0,2
219,2,-1.0,239,0,2
239,2,-1.0,259,0,2
259,2,-1.0,279,0,5
279,0,-1.0,379,0,0
379,4,-10.0,379,0,0
379,0,-1.0,479,0,1
479,5,20.0,475,1,0
122,1,-1.0,22,0,3
22,3,-1.0,2,0,3
2,4,-1.0,18,0,0
18,0,-1.0,118,0,0
118,0,-1.0,218,0,3
218,0,-1.0,318,0,0
318,0,-1.0,418,0,5
418,5,20.0,410,1,0
113,0,-1.0,213,0,2
213,2,-1.0,233,0,2
233,2,-1.0,253,0,1
253,5,-10.0,253,0,2
253,2,-1.0,273,0,0
273,0,-1.0,373,0,0
373,0,-1.0,473,0,2
473,4,-1.0,477,0,2
477,2,-1.0,497,0,1
497,1,-1.0,397,0,1
397,1,-1.0,297,0,1
297,1,-1.0,197,0,1
197,1,-1.0,97,0,5
97,0,-1.0,197,0,1
197,1,-1.0,97,0,5
97,5,20.0,85,1,0
106,0,-1.0,206,0,2
206,2,-1.0,226,0,2
226,2,-1.0,246,0,3
246,2,-1.0,266,0,2
266,2,-1.0,286,0,1
286,1,-1.0,186,0,1
186,1,-1.0,86,0,4
86,4,-1.0,98,0,0
98,0,-1.0,198,0,0
198,0,-1.0,298,0,3
298,3,-1.0,278,0,3
278,3,-1.0,258,0,3
258,3,-1.0,238,0,4
238,3,-1.0,218,0,0
218,0,-1.0,318,0,0
318,2,-1.0,318,0,0
318,4,-10.0,318,0,0
318,0,-1.0,418,0,5
418,5,20.0,410,1,0
161,3,-1.0,141,0,0
141,3,-1.0,141,0,0
141,0,-1.0,241,0,3
241,3,-1.0,221,0,1
221,1,-1.0,121,0,5
121,1,-1.0,21,0,3
21,3,-1.0,1,0,0
1,4,-1.0,17,0,0
17,0,-1.0,117,0,2
117,2,-1.0,137,0,0
137,0,-1.0,237,0,2
237,2,-1.0,257,0,0
257,1,-1.0,157,0,2
157,2,-1.0,177,0,2
177,2,-1.0,197,0,1
197,1,-1.0,97,0,5
97,5,20.0,85,1,0
84,4,-1.0,96,0,0
96,0,-1.0,196,0,3
196,3,-1.0,176,0,5
176,0,-1.0,276,0,3
276,3,-1.0,256,0,3
256,3,-1.0,236,0,1
236,1,-1.0,136,0,3
136,3,-1.0,116,0,1
116,1,-1.0,16,0,5
16,5,20.0,0,1,0
194,2,-1.0,194,0,3
194,3,-1.0,174,0,5
174,0,-1.0,274,0,2
274,0,-1.0,374,0,0
374,0,-1.0,474,0,4
474,4,-1.0,478,0,1
478,1,-1.0,378,0,1
378,1,-1.0,278,0,3
278,3,-1.0,258,0,0
258,3,-1.0,238,0,1
238,3,-1.0,218,0,0
218,0,-1.0,318,0,0
318,3,-1.0,318,0,0
318,0,-1.0,418,0,5
418,5,20.0,410,1,0
343,1,-1.0,243,0,3
243,2,-1.0,263,0,3
263,3,-1.0,243,0,3
243,3,-1.0,223,0,1
223,1,-1.0,123,0,3
123,3,-1.0,103,0,1
103,1,-1.0,3,0,4
3,4,-1.0,19,0,0
19,1,-1.0,19,0,0
19,0,-1.0,119,0,0
119,0,-1.0,219,0,2
219,2,-1.0,239,0,2
239,2,-1.0,259,0,2
259,2,-1.0,279,0,0
279,0,-1.0,379,0,5
379,0,-1.0,479,0,5
479,5,20.0,475,1,0
421,1,-1.0,321,0,1
321,1,-1.0,221,0,1
221,1,-1.0,121,0,1
121,1,-1.0,21,0,5
21,3,-1.0,1,0,4
1,4,-1.0,17,0,0
17,0,-1.0,117,0,3
117,2,-1.0,137,0,0
137,0,-1.0,237,0,2
237,2,-1.0,257,0,1
257,1,-1.0,157,0,2
157,2,-1.0,177,0,2
177,2,-1.0,197,0,5
197,1,-1.0,97,0,5
97,5,20.0,85,1,0
73,0,-1.0,173,0,0
173,0,-1.0,273,0,0
273,0,-1.0,373,0,0
373,0,-1.0,473,0,4
473,2,-1.0,493,0,3
493,3,-1.0,473,0,4
473,4,-1.0,477,0,2
477,2,-1.0,497,0,1
497,1,-1.0,397,0,1
397,1,-1.0,297,0,1
297,1,-1.0,197,0,1
197,1,-1.0,97,0,5
97,5,20.0,85,1,0
269,3,-1.0,249,0,3
249,3,-1.0,229,0,3
229,1,-1.0,129,0,3
129,3,-1.0,109,0,0
109,0,-1.0,209,0,0
209,5,-10.0,209,0,0
209,0,-1.0,309,0,0
309,0,-1.0,409,0,4
409,4,-1.0,417,0,1
417,1,-1.0,317,0,1
317,1,-1.0,217,0,2
217,2,-1.0,237,0,2
237,2,-1.0,257,0,1
257,1,-1.0,157,0,2
157,2,-1.0,177,0,2
177,2,-1.0,197,0,1
197,1,-1.0,97,0,5
97,4,-10.0,97,0,5
97,5,20.0,85,1,0
434,2,-1.0,454,0,1
454,1,-1.0,354,0,2
354,1,-1.0,254,0,2
254,2,-1.0,274,0,0
274,0,-1.0,374,0,0
374,0,-1.0,474,0,3
474,4,-1.0,478,0,1
478,1,-1.0,378,0,1
378,1,-1.0,278,0,3
278,3,-1.0,258,0,3
258,3,-1.0,238,0,3
238,3,-1.0,218,0,0
218,0,-1.0,318,0,0
318,0,-1.0,418,0,5
418,5,20.0,410,1,0
413,1,-1.0,313,0,0
313,1,-1.0,213,0,2
213,3,-1.0,213,0,2
213,2,-1.0,233,0,2
233,2,-1.0,253,0,2
253,2,-1.0,273,0,0
273,0,-1.0,373,0,0
373,3,-1.0,373,0,0
373,0,-1.0,473,0,4
473,4,-1.0,477,0,2
477,2,-1.0,497,0,1
497,1,-1.0,397,0,1
397,1,-1.0,297,0,4
297,1,-1.0,197,0,1
197,5,-10.0,197,0,1
197,1,-1.0,97,0,5
97,5,20.0,85,1,0
172,0,-1.0,272,0,0
272,0,-1.0,372,0,0
372,0,-1.0,472,0,4
472,4,-1.0,476,0,1
476,1,-1.0,376,0,1
376,2,-1.0,396,0,3
396,3,-1.0,376,0,1
376,1,-1.0,276,0,2
276,3,-1.0,256,0,3
256,3,-1.0,236,0,1
236,1,-1.0,136,0,3
136,3,-1.0,116,0,1
116,1,-1.0,16,0,5
16,5,20.0,0,1,0
363,1,-1.0,263,0,3
263,3,-1.0,243,0,3
243,3,-1.0,223,0,1
223,1,-1.0,123,0,3
123,3,-1.0,103,0,1
103,1,-1.0,3,0,4
3,4,-1.0,19,0,0
19,0,-1.0,119,0,0
119,0,-1.0,219,0,2
219,2,-1.0,239,0,2
239,2,-1.0,259,0,2
259,0,-1.0,359,0,1
359,1,-1.0,259,0,2
259,2,-1.0,279,0,0
279,0,-1.0,379,0,0
379,0,-1.0,479,0,5
479,5,20.0,475,1,0
374,3,-1.0,374,0,0
374,0,-1.0,474,0,4
474,4,-1.0,478,0,1
478,1,-1.0,378,0,1
378,1,-1.0,278,0,3
278,3,-1.0,258,0,3
258,3,-1.0,238,0,3
238,3,-1.0,218,0,0
218,0,-1.0,318,0,0
318,3,-1.0,318,0,0
318,0,-1.0,418,0,5
418,5,20.0,410,1,0
11,0,-1.0,111,0,0
111,0,-1.0,211,0,0
211,0,-1.0,311,0,0
311,0,-1.0,411,0,4
411,4,-1.0,419,0,1
419,3,-1.0,419,0,5
419,1,-1.0,319,0,1
319,1,-1.0,219,0,2
219,2,-1.0,239,0,2
239,2,-1.0,259,0,2
259,2,-1.0,279,0,0
279,5,-10.0,279,0,0
279,0,-1.0,379,0,0
379,0,-1.0,479,0,5
479,5,20.0,475,1,0
152,2,-1.0,172,0,1
172,0,-1.0,272,0,0
272,2,-1.0,292,0,3
292,3,-1.0,272,0,0
272,5,-10.0,272,0,0
272,0,-1.0,372,0,0
372,0,-1.0,472,0,4
472,2,-1.0,492,0,3
492,0,-1.0,492,0,4
492,3,-1.0,472,0,4
472,4,-1.0,476,0,1
476,1,-1.0,376,0,0
376,1,-1.0,276,0,3
276,3,-1.0,256,0,3
256,3,-1.0,236,0,1
236,1,-1.0,136,0,3
136,3,-1.0,116,0,1
116,1,-1.0,16,0,5
16,5,20.0,0,1,0
2,4,-1.0,18,0,0
18,0,-1.0,118,0,0
118,0,-1.0,218,0,0
218,0,-1.0,318,0,0
318,0,-1.0,418,0,2
418,1,-1.0,318,0,0
318,0,-1.0,418,0,3
418,5,20.0,410,1,0
467,2,-1.0,487,0,1
487,1,-1.0,387,0,1
387,1,-1.0,287,0,1
287,1,-1.0,187,0,1
187,1,-1.0,87,0,4
87,4,-1.0,99,0,3
99,3,-1.0,79,0,0
79,0,-1.0,179,0,0
179,0,-1.0,279,0,0
279,0,-1.0,379,0,0
379,0,-1.0,479,0,5
479,5,20.0,475,1,0
26,1,-1.0,26,0,0
26,0,-1.0,126,0,0
126,0,-1.0,226,0,2
226,2,-1.0,246,0,0
246,2,-1.0,266,0,2
266,2,-1.0,286,0,1
286,2,-1.0,286,0,1
286,1,-1.0,186,0,1
186,1,-1.0,86,0,4
86,4,-1.0,98,0,1
98,2,-1.0,98,0,0
98,0,-1.0,198,0,4
198,0,-1.0,298,0,3
298,3,-1.0,278,0,3
278,2,-1.0,298,0,3
298,3,-1.0,278,0,3
278,3,-1.0,258,0,3
258,3,-1.0,238,0,3
238,3,-1.0,218,0,0
218,0,-1.0,318,0,0
318,0,-1.0,418,0,5
418,5,20.0,410,1,0
13,3,-1.0,13,0,0
13,0,-1.0,113,0,0
113,0,-1.0,213,0,2
213,2,-1.0,233,0,2
233,2,-1.0,253,0,2
253,2,-1.0,273,0,0
273,0,-1.0,373,0,0
373,0,-1.0,473,0,4
473,4,-1.0,477,0,2
477,2,-1.0,497,0,1
497,1,-1.0,397,0,1
397,1,-1.0,297,0,1
297,1,-1.0,197,0,1
197,3,-1.0,177,0,2
177,2,-1.0,197,0,1
197,1,-1.0,97,0,5
97,5,20.0,85,1,0
448,1,-1.0,348,0,1
348,1,-1.0,248,0,3
248,3,-1.0,228,0,3
228,3,-1.0,208,0,0
208,0,-1.0,308,0,0
308,0,-1.0,408,0,2
408,4,-1.0,416,0,1
416,1,-1.0,316,0,1
316,1,-1.0,216,0,1
216,1,-1.0,116,0,1
116,1,-1.0,16,0,5
16,5,20.0,0,1,0
251,3,-1.0,231,0,3
231,3,-1.0,211,0,0
211,0,-1.0,311,0,0
311,0,-1.0,411,0,4
411,4,-1.0,419,0,1
419,1,-1.0,319,0,1
319,1,-1.0,219,0,2
219,2,-1.0,239,0,2
239,2,-1.0,259,0,2
259,3,-1.0,239,0,2
239,2,-1.0,259,0,2
259,2,-1.0,279,0,0
279,0,-1.0,379,0,2
379,0,-1.0,479,0,5
479,5,20.0,475,1,0
183,3,-1.0,163,0,0
163,0,-1.0,263,0,3
263,3,-1.0,243,0,4
243,3,-1.0,223,0,1
223,1,-1.0,123,0,3
123,3,-1.0,103,0,1
103,1,-1.0,3,0,4
3,4,-1.0,19,0,0
19,0,-1.0,119,0,0
119,0,-1.0,219,0,2
219,2,-1.0,239,0,2
239,0,-1.0,339,0,2
339,2,-1.0,359,0,1
359,1,-1.0,259,0,2
259,2,-1.0,279,0,0
279,0,-1.0,379,0,0
379,4,-10.0,379,0,0
379,0,-1.0,479,0,5
479,5,20.0,475,1,0
111,0,-1.0,211,0,0
211,0,-1.0,311,0,0
311,0,-1.0,411,0,4
411,4,-1.0,419,0,1
419,1,-1.0,319,0,1
319,3,-1.0,319,0,1
319,1,-1.0,219,0,5
219,2,-1.0,239,0,2
239,4,-10.0,239,0,2
239,2,-1.0,259,0,1
259,2,-1.0,279,0,0
279,0,-1.0,379,0,0
379,0,-1.0,479,0,5
479,5,20.0,475,1,0
493,3,-1.0,473,0,4
473,4,-1.0,477,0,2
477,5,-1.0,473,0,1
473,4,-1.0,477,0,2
477,2,-1.0,497,0,1
497,1,-1.0,397,0,1
397,1,-1.0,297,0,1
297,1,-1.0,197,0,1
197,1,-1.0,97,0,5
97,1,-1.0,97,0,5
97,5,20.0,85,1,0
313,1,-1.0,213,0,2
213,2,-1.0,233,0,2
233,2,-1.0,253,0,2
253,2,-1.0,273,0,0
273,0,-1.0,373,0,0
373,3,-1.0,373,0,0
373,0,-1.0,473,0,4
473,4,-1.0,477,0,2
477,2,-1.0,497,0,1
497,1,-1.0,397,0,1
397,1,-1.0,297,0,1
297,1,-1.0,197,0,1
197,1,-1.0,97,0,5
97,5,20.0,85,1,0
273,2,-1.0,293,0,3
293,3,-1.0,273,0,0
273,0,-1.0,373,0,0
373,0,-1.0,473,0,4
473,4,-1.0,477,0,2
477,2,-1.0,497,0,1
497,5,-10.0,497,0,1
497,1,-1.0,397,0,1
397,1,-1.0,297,0,1
297,1,-1.0,197,0,1
197,1,-1.0,97,0,5
97,5,20.0,85,1,0
146,2,-1.0,166,0,2
166,2,-1.0,186,0,1
186,1,-1.0,86,0,4
86,4,-1.0,98,0,0
98,4,-10.0,98,0,0
98,0,-1.0,198,0,0
198,0,-1.0,298,0,3
298,3,-1.0,278,0,5
278,3,-1.0,258,0,3
258,3,-1.0,238,0,3
238,3,-1.0,218,0,0
218,0,-1.0,318,0,0
318,0,-1.0,418,0,5
418,5,20.0,410,1,0
187,1,-1.0,87,0,4
87,4,-1.0,99,0,3
99,3,-1.0,79,0,0
79,0,-1.0,179,0,0
179,0,-1.0,279,0,0
279,0,-1.0,379,0,0
379,0,-1.0,479,0,5
479,5,20.0,475,1,0
231,3,-1.0,211,0,0
211,0,-1.0,311,0,0
311,0,-1.0,411,0,4
411,4,-1.0,419,0,1
419,1,-1.0,319,0,1
319,1,-1.0,219,0,2
219,2,-1.0,239,0,2
239,2,-1.0,259,0,2
259,2,-1.0,279,0,0
279,0,-1.0,379,0,0
379,0,-1.0,479,0,5
479,5,20.0,475,1,0
103,1,-1.0,3,0,4
3,4,-1.0,19,0,0
19,0,-1.0,119,0,0
119,0,-1.0,219,0,2
219,2,-1.0,239,0,2
239,2,-1.0,259,0,2
259,2,-1.0,279,0,0
279,4,-10.0,279,0,0
279,0,-1.0,379,0,0
379,0,-1.0,479,0,5
479,5,20.0,475,1,0
23,3,-1.0,3,0,4
3,4,-1.0,19,0,0
19,1,-1.0,19,0,0
19,0,-1.0,119,0,0
119,0,-1.0,219,0,2
219,2,-1.0,239,0,2
239,2,-1.0,259,0,2
259,3,-1.0,239,0,2
239,2,-1.0,259,0,2
259,5,-10.0,259,0,2
259,2,-1.0,279,0,0
279,0,-1.0,379,0,0
379,0,-1.0,479,0,5
479,5,20.0,475,1,0
112,0,-1.0,212,0,2
212,2,-1.0,232,0,2
232,2,-1.0,252,0,3
252,2,-1.0,272,0,0
272,0,-1.0,372,0,0
372,0,-1.0,472,0,4
472,4,-1.0,476,0,1
476,1,-1.0,376,0,1
376,1,-1.0,276,0,3
276,3,-1.0,256,0,3
256,3,-1.0,236,0,1
236,1,-1.0,136,0,1
136,3,-1.0,116,0,1
116,1,-1.0,16,0,5
16,5,20.0,0,1,0
221,1,-1.0,121,0,1
121,1,-1.0,21,0,3
21,0,-1.0,121,0,1
121,1,-1.0,21,0,3
21,3,-1.0,1,0,4
1,4,-1.0,17,0,0
17,0,-1.0,117,0,2
117,5,-10.0,117,0,2
117,2,-1.0,137,0,0
137,0,-1.0,237,0,2
237,2,-1.0,257,0,1
257,1,-1.0,157,0,2
157,2,-1.0,177,0,2
177,2,-1.0,197,0,1
197,1,-1.0,97,0,5
97,5,20.0,85,1,0
382,1,-1.0,282,0,3
282,3,-1.0,262,0,3
262,3,-1.0,242,0,3
242,3,-1.0,222,0,1
222,1,-1.0,122,0,1
122,3,-1.0,102,0,1
102,1,-1.0,2,0,1
2,4,-1.0,18,0,0
18,0,-1.0,118,0,0
118,0,-1.0,218,0,0
218,0,-1.0,318,0,0
318,0,-1.0,418,0,5
418,5,20.0,410,1,0
226,2,-1.0,246,0,2
246,2,-1.0,266,0,2
266,2,-1.0,286,0,1
286,1,-1.0,186,0,1
186,1,-1.0,86,0,4
86,4,-1.0,98,0,0
98,0,-1.0,198,0,0
198,0,-1.0,298,0,3
298,3,-1.0,278,0,3
278,3,-1.0,258,0,3
258,3,-1.0,238,0,3
238,3,-1.0,218,0,0
218,0,-1.0,318,0,0
318,0,-1.0,418,0,2
418,5,20.0,410,1,0
13,0,-1.0,113,0,0
113,0,-1.0,213,0,2
213,2,-1.0,233,0,2
233,2,-1.0,253,0,2
253,2,-1.0,273,0,0
273,0,-1.0,373,0,0
373,0,-1.0,473,0,4
473,4,-1.0,477,0,2
477,2,-1.0,497,0,1
497,1,-1.0,397,0,1
397,0,-1.0,497,0,1
497,1,-1.0,397,0,1
397,1,-1.0,297,0,1
297,1,-1.0,197,0,0
197,1,-1.0,97,0,5
97,5,20.0,85,1,0
122,3,-1.0,102,0,1
102,1,-1.0,2,0,4
2,4,-1.0,18,0,0
18,0,-1.0,118,0,0
118,0,-1.0,218,0,0
218,0,-1.0,318,0,0
318,0,-1.0,418,0,5
418,5,20.0,410,1,0
388,3,-1.0,368,0,4
368,1,-1.0,268,0,3
268,3,-1.0,248,0,3
248,3,-1.0,228,0,3
228,3,-1.0,208,0,0
208,0,-1.0,308,0,0
308,0,-1.0,408,0,4
408,4,-1.0,416,0,1
416,1,-1.0,316,0,1
316,1,-1.0,216,0,1
216,1,-1.0,116,0,1
116,1,-1.0,16,0,5
16,5,20.0,0,1,0
148,0,-1.0,248,0,3
248,0,-1.0,348,0,1
348,1,-1.0,248,0,3
248,3,-1.0,228,0,3
228,3,-1.0,208,0,0
208,0,-1.0,308,0,0
308,0,-1.0,408,0,4
408,4,-1.0,416,0,1
416,1,-1.0,316,0,1
316,1,-1.0,216,0,1
216,1,-1.0,116,0,1
116,1,-1.0,16,0,5
16,5,20.0,0,1,0
274,0,-1.0,374,0,0
374,0,-1.0,474,0,4
474,4,-1.0,478,0,1
478,1,-1.0,378,0,4
378,1,-1.0,278,0,3
278,3,-1.0,258,0,3
258,3,-1.0,238,0,3
238,3,-1.0,218,0,0
218,0,-1.0,318,0,0
318,0,-1.0,418,0,5
418,5,20.0,410,1,0
302,1,-1.0,202,0,1
202,1,-1.0,102,0,1
102,1,-1.0,2,0,4
2,5,-10.0,2,0,4
2,4,-1.0,18,0,0
18,0,-1.0,118,0,0
118,0,-1.0,218,0,0
218,0,-1.0,318,0,0
318,0,-1.0,418,0,5
418,5,20.0,410,1,0
444,5,-10.0,444,0,1
444,1,-1.0,344,0,1
344,1,-1.0,244,0,1
244,1,-1.0,144,0,2
144,2,-1.0,164,0,2
164,2,-1.0,184,0,1
184,1,-1.0,84,0,4
84,4,-1.0,96,0,0
96,0,-1.0,196,0,3
196,3,-1.0,176,0,0
176,0,-1.0,276,0,3
276,2,-1.0,296,0,3
296,3,-1.0,276,0,3
276,3,-1.0,256,0,3
256,3,-1.0,236,0,1
236,1,-1.0,136,0,3
136,1,-1.0,36,0,3
36,3,-1.0,16,0,5
16,5,20.0,0,1,0
381,1,-1.0,281,0,3
281,3,-1.0,261,0,3
261,3,-1.0,241,0,3
241,3,-1.0,221,0,1
221,1,-1.0,121,0,1
121,0,-1.0,221,0,1
221,1,-1.0,121,0,1
121,1,-1.0,21,0,3
21,3,-1.0,1,0,4
1,4,-1.0,17,0,0
17,0,-1.0,117,0,2
117,3,-1.0,117,0,2
117,2,-1.0,137,0,0
137,0,-1.0,237,0,2
237,2,-1.0,257,0,1
257,1,-1.0,157,0,0
157,2,-1.0,177,0,2
177,2,-1.0,197,0,2
197,1,-1.0,97,0,5
97,5,20.0,85,1,0
51,0,-1.0,151,0,0
151,0,-1.0,251,0,3
251,3,-1.0,231,0,3
231,3,-1.0,211,0,0
211,5,-10.0,211,0,0
211,0,-1.0,311,0,0
311,0,-1.0,411,0,4
411,4,-1.0,419,0,1
419,1,-1.0,319,0,1
319,1,-1.0,219,0,2
219,1,-1.0,119,0,0
119,4,-10.0,119,0,0
119,0,-1.0,219,0,2
219,2,-1.0,239,0,2
239,2,-1.0,259,0,2
259,2,-1.0,279,0,0
279,0,-1.0,379,0,0
379,0,-1.0,479,0,5
479,5,20.0,475,1,0
146,2,-1.0,166,0,2
166,2,-1.0,186,0,1
186,1,-1.0,86,0,4
86,2,-1.0,86,0,3
86,0,-1.0,186,0,1
186,1,-1.0,86,0,4
86,0,-1.0,186,0,1
186,1,-1.0,86,0,4
86,4,-1.0,98,0,2
98,0,-1.0,198,0,0
198,0,-1.0,298,0,3
298,3,-1.0,278,0,3
278,3,-1.0,258,0,3
258,3,-1.0,238,0,3
238,3,-1.0,218,0,0
218,0,-1.0,318,0,0
318,0,-1.0,418,0,5
418,0,-1.0,418,0,5
418,5,20.0,410,1,0
471,2,-1.0,491,0,3
491,3,-1.0,471,0,1
471,1,-1.0,371,0,5
371,1,-1.0,271,0,3
271,3,-1.0,251,0,3
251,3,-1.0,231,0,3
231,3,-1.0,211,0,4
211,0,-1.0,311,0,0
311,0,-1.0,411,0,4
411,4,-1.0,419,0,1
419,1,-1.0,319,0,1
319,1,-1.0,219,0,2
219,2,-1.0,239,0,2
239,2,-1.0,259,0,2
259,2,-1.0,279,0,0
279,0,-1.0,379,0,0
379,0,-1.0,479,0,5
479,5,20.0,475,1,0
86,4,-1.0,98,0,0
98,0,-1.0,198,0,0
198,0,-1.0,298,0,4
298,3,-1.0,278,0,3
278,3,-1.0,258,0,3
258,3,-1.0,238,0,3
238,3,-1.0,218,0,0
218,0,-1.0,318,0,0
318,0,-1.0,418,0,5
418,5,20.0,410,1,0
364,3,-1.0,364,0,1
364,1,-1.0,264,0,2
264,2,-1.0,284,0,0
284,1,-1.0,184,0,1
184,1,-1.0,84,0,4
84,4,-1.0,96,0,0
96,0,-1.0,196,0,3
196,3,-1.0,176,0,0
176,0,-1.0,276,0,3
276,2,-1.0,296,0,0
296,3,-1.0,276,0,3
276,3,-1.0,256,0,3
256,3,-1.0,236,0,3
236,1,-1.0,136,0,3
136,3,-1.0,116,0,1
116,1,-1.0,16,0,5
16,5,20.0,0,1,0
244,1,-1.0,144,0,2
144,2,-1.0,164,0,2
164,5,-10.0,164,0,2
164,2,-1.0,184,0,5
184,1,-1.0,84,0,4
84,4,-1.0,96,0,0
96,0,-1.0,196,0,3
196,3,-1.0,176,0,0
176,0,-1.0,276,0,5
276,3,-1.0,256,0,3
256,3,-1.0,236,0,1
236,1,-1.0,136,0,3
136,3,-1.0,116,0,1
116,1,-1.0,16,0,5
16,5,20.0,0,1,0
342,5,-10.0,342,0,1
342,1,-1.0,242,0,3
242,3,-1.0,222,0,1
222,1,-1.0,122,0,3
122,3,-1.0,102,0,1
102,3,-1.0,102,0,1
102,1,-1.0,2,0,4
2,4,-1.0,18,0,0
18,0,-1.0,118,0,0
118,0,-1.0,218,0,0
218,0,-1.0,318,0,0
318,0,-1.0,418,0,5
418,5,20.0,410,1,0
403,1,-1.0,303,0,1
303,1,-1.0,203,0,1
203,1,-1.0,103,0,5
103,1,-1.0,3,0,4
3,2,-1.0,23,0,3
23,3,-1.0,3,0,5
3,4,-1.0,19,0,0
19,0,-1.0,119,0,0
119,0,-1.0,219,0,2
219,2,-1.0,239,0,2
239,2,-1.0,259,0,2
259,2,-1.0,279,0,0
279,0,-1.0,379,0,0
379,0,-1.0,479,0,5
479,5,20.0,475,1,0
214,2,-1.0,234,0,2
234,2,-1.0,254,0,2
254,2,-1.0,274,0,0
274,0,-1.0,374,0,0
374,0,-1.0,474,0,4
474,4,-1.0,478,0,1
478,1,-1.0,378,0,1
378,1,-1.0,278,0,3
278,3,-1.0,258,0,3
258,3,-1.0,238,0,3
238,3,-1.0,218,0,0
218,0,-1.0,318,0,0
318,0,-1.0,418,0,5
418,5,20.0,410,1,0
407,1,-1.0,307,0,1
307,1,-1.0,207,0,2
207,2,-1.0,227,0,2
227,2,-1.0,247,0,2
247,2,-1.0,267,0,2
267,2,-1.0,287,0,1
287,1,-1.0,187,0,1
187,1,-1.0,87,0,4
87,4,-1.0,99,0,3
99,3,-1.0,79,0,0
79,4,-10.0,79,0,0
79,0,-1.0,179,0,0
179,0,-1.0,279,0,0
279,0,-1.0,379,0,0
379,0,-1.0,479,0,5
479,5,20.0,475,1,0
108,0,-1.0,208,0,0
208,0,-1.0,308,0,0
308,1,-1.0,208,0,0
208,0,-1.0,308,0,4
308,3,-1.0,308,0,0
308,0,-1.0,408,0,4
408,4,-1.0,416,0,1
416,1,-1.0,316,0,1
316,1,-1.0,216,0,1
216,1,-1.0,116,0,5
116,1,-1.0,16,0,5
16,5,20.0,0,1,0
52,0,-1.0,152,0,2
152,2,-1.0,172,0,0
172,0,-1.0,272,0,0
272,4,-10.0,272,0,0
272,0,-1.0,372,0,0
372,0,-1.0,472,0,4
472,4,-1.0,476,0,1
476,1,-1.0,376,0,1
376,1,-1.0,276,0,3
276,3,-1.0,256,0,3
256,3,-1.0,236,0,1
236,1,-1.0,136,0,3
136,3,-1.0,116,0,1
116,1,-1.0,16,0,3
16,2,-1.0,36,0,3
36,3,-1.0,16,0,5
16,5,20.0,0,1,0
344,1,-1.0,244,0,1
244,1,-1.0,144,0,2
144,2,-1.0,164,0,2
164,2,-1.0,184,0,1
184,1,-1.0,84,0,4
84,4,-1.0,96,0,0
96,0,-1.0,196,0,3
196,3,-1.0,176,0,0
176,0,-1.0,276,0,3
276,5,-10.0,276,0,3
276,3,-1.0,256,0,3
256,3,-1.0,236,0,1
236,1,-1.0,136,0,3
136,3,-1.0,116,0,1
116,1,-1.0,16,0,5
16,5,20.0,0,1,0
311,0,-1.0,411,0,4
411,4,-1.0,419,0,1
419,0,-1.0,419,0,1
419,1,-1.0,319,0,1
319,1,-1.0,219,0,3
219,2,-1.0,239,0,2
239,2,-1.0,259,0,0
259,2,-1.0,279,0,2
279,0,-1.0,379,0,0
379,0,-1.0,479,0,5
479,5,20.0,475,1,0
453,1,-1.0,353,0,1
353,1,-1.0,253,0,2
253,2,-1.0,273,0,0
273,0,-1.0,373,0,0
373,2,-1.0,393,0,3
393,3,-1.0,373,0,0
373,0,-1.0,473,0,4
473,4,-1.0,477,0,2
477,2,-1.0,497,0,1
497,1,-1.0,397,0,1
397,1,-1.0,297,0,1
297,1,-1.0,197,0,1
197,1,-1.0,97,0,5
97,5,20.0,85,1,0
229,3,-1.0,209,0,0
209,0,-1.0,309,0,0
309,0,-1.0,409,0,4
409,4,-1.0,417,0,1
417,1,-1.0,317,0,1
317,1,-1.0,217,0,2
217,2,-1.0,237,0,2
237,1,-1.0,137,0,0
137,0,-1.0,237,0,2
237,2,-1.0,257,0,4
257,1,-1.0,157,0,2
157,2,-1.0,177,0,2
177,2,-1.0,197,0,1
197,1,-1.0,97,0,4
97,5,20.0,85,1,0
483,3,-1.0,463,0,1
463,1,-1.0,363,0,1
363,1,-1.0,263,0,3
263,3,-1.0,243,0,3
243,3,-1.0,223,0,1
223,1,-1.0,123,0,3
123,3,-1.0,103,0,1
103,1,-1.0,3,0,4
3,4,-1.0,19,0,0
19,0,-1.0,119,0,0
119,0,-1.0,219,0,2
219,2,-1.0,239,0,3
239,2,-1.0,259,0,2
259,4,-10.0,259,0,2
259,2,-1.0,279,0,0
279,0,-1.0,379,0,0
379,0,-1.0,479,0,5
479,5,20.0,475,1,0
361,1,-1.0,261,0,3
261,3,-1.0,241,0,3
241,3,-1.0,221,0,1
221,0,-1.0,321,0,1
321,1,-1.0,221,0,1
221,1,-1.0,121,0,1
121,1,-1.0,21,0,3
21,4,-10.0,21,0,3
21,3,-1.0,1,0,4
1,4,-1.0,17,0,0
17,0,-1.0,117,0,2
117,2,-1.0,137,0,0
137,1,-1.0,37,0,0
37,0,-1.0,137,0,0
137,2,-1.0,137,0,0
137,0,-1.0,237,0,2
237,2,-1.0,257,0,1
257,4,-10.0,257,0,1
257,1,-1.0,157,0,2
157,2,-1.0,177,0,2
177,2,-1.0,197,0,1
197,1,-1.0,97,0,5
97,5,20.0,85,1,0
151,0,-1.0,251,0,3
251,3,-1.0,231,0,3
231,3,-1.0,211,0,0
211,0,-1.0,311,0,0
311,0,-1.0,411,0,4
411,4,-1.0,419,0,1
419,1,-1.0,319,0,1
319,1,-1.0,219,0,2
219,2,-1.0,239,0,1
239,0,-1.0,339,0,2
339,2,-1.0,359,0,1
359,1,-1.0,259,0,2
259,2,-1.0,279,0,0
279,0,-1.0,379,0,0
379,0,-1.0,479,0,5
479,5,20.0,475,1,0
13,0,-1.0,113,0,0
113,0,-1.0,213,0,2
213,2,-1.0,233,0,2
233,2,-1.0,253,0,2
253,2,-1.0,273,0,0
273,0,-1.0,373,0,4
373,0,-1.0,473,0,4
473,4,-1.0,477,0,2
477,2,-1.0,497,0,1
497,1,-1.0,397,0,1
397,1,-1.0,297,0,0
297,1,-1.0,197,0,1
197,1,-1.0,97,0,5
97,5,20.0,85,1,0
247,2,-1.0,267,0,2
267,2,-1.0,287,0,1
287,1,-1.0,187,0,1
187,1,-1.0,87,0,4
87,4,-1.0,99,0,3
99,3,-1.0,79,0,0
79,0,-1.0,179,0,0
179,0,-1.0,279,0,0
279,0,-1.0,379,0,0
379,0,-1.0,479,0,5
479,5,20.0,475,1,0
482,3,-1.0,462,0,1
462,1,-1.0,362,0,1
362,1,-1.0,262,0,3
262,3,-1.0,242,0,3
242,3,-1.0,222,0,2
222,1,-1.0,122,0,3
122,3,-1.0,102,0,1
102,1,-1.0,2,0,4
2,4,-1.0,18,0,0
18,0,-1.0,118,0,0
118,0,-1.0,218,0,0
218,3,-1.0,218,0,1
218,0,-1.0,318,0,0
318,0,-1.0,418,0,5
418,4,-10.0,418,0,5
418,5,20.0,410,1,0
12,5,-10.0,12,0,5
12,0,-1.0,112,0,0
112,0,-1.0,212,0,2
212,2,-1.0,232,0,2
232,2,-1.0,252,0,2
252,2,-1.0,272,0,0
272,0,-1.0,372,0,0
372,4,-10.0,372,0,0
372,2,-1.0,392,0,3
392,3,-1.0,372,0,0
372,0,-1.0,472,0,4
472,4,-1.0,476,0,1
476,1,-1.0,376,0,1
376,1,-1.0,276,0,3
276,3,-1.0,256,0,3
256,3,-1.0,236,0,1
236,1,-1.0,136,0,3
136,3,-1.0,116,0,1
116,1,-1.0,16,0,5
16,5,20.0,0,1,0
326,1,-1.0,226,0,2
226,2,-1.0,246,0,2
246,2,-1.0,266,0,2
266,2,-1.0,286,0,5
286,0,-1.0,386,0,1
386,1,-1.0,286,0,1
286,1,-1.0,186,0,1
186,1,-1.0,86,0,4
86,4,-1.0,98,0,0
98,5,-1.0,86,0,4
86,4,-1.0,98,0,0
98,0,-1.0,198,0,0
198,0,-1.0,298,0,3
298,3,-1.0,278,0,4
278,3,-1.0,258,0,3
258,3,-1.0,238,0,3
238,3,-1.0,218,0,0
218,0,-1.0,318,0,0
318,0,-1.0,418,0,5
418,5,20.0,410,1,0
221,1,-1.0,121,0,1
121,1,-1.0,21,0,5
21,3,-1.0,1,0,4
1,4,-1.0,17,0,0
17,0,-1.0,117,0,2
117,2,-1.0,137,0,0
137,0,-1.0,237,0,2
237,2,-1.0,257,0,1
257,1,-1.0,157,0,2
157,2,-1.0,177,0,2
177,2,-1.0,197,0,1
197,1,-1.0,97,0,5
97,5,20.0,85,1,0
426,2,-1.0,446,0,1
446,1,-1.0,346,0,1
346,1,-1.0,246,0,2
246,2,-1.0,266,0,2
266,2,-1.0,286,0,1
286,1,-1.0,186,0,1
186,1,-1.0,86,0,3
86,4,-1.0,98,0,0
98,0,-1.0,198,0,0
198,0,-1.0,298,0,3
298,3,-1.0,278,0,3
278,3,-1.0,258,0,3
258,3,-1.0,238,0,3
238,3,-1.0,218,0,0
218,0,-1.0,318,0,0
318,0,-1.0,418,0,5
418,2,-1.0,418,0,5
418,5,20.0,410,1,0
448,1,-1.0,348,0,1
348,4,-10.0,348,0,1
348,1,-1.0,248,0,3
248,3,-1.0,228,0,3
228,3,-1.0,208,0,0
208,0,-1.0,308,0,0
308,0,-1.0,408,0,4
408,4,-1.0,416,0,1
416,1,-1.0,316,0,2
316,1,-1.0,216,0,1
216,1,-1.0,116,0,1
116,4,-10.0,116,0,1
116,1,-1.0,16,0,1
16,5,20.0,0,1,0
289,3,-1.0,269,0,3
269,3,-1.0,249,0,3
249,3,-1.0,229,0,3
229,3,-1.0,209,0,0
209,0,-1.0,309,0,0
309,0,-1.0,409,0,4
409,4,-1.0,417,0,1
417,5,-1.0,409,0,4
409,4,-1.0,417,0,1
417,1,-1.0,317,0,1
317,1,-1.0,217,0,2
217,2,-1.0,237,0,2
237,2,-1.0,257,0,1
257,1,-1.0,157,0,2
157,2,-1.0,177,0,2
177,2,-1.0,197,0,1
197,1,-1.0,97,0,5
97,5,20.0,85,1,0
467,2,-1.0,487,0,2
487,1,-1.0,387,0,2
387,5,-10.0,387,0,3
387,1,-1.0,287,0,1
287,3,-1.0,267,0,2
267,2,-1.0,287,0,1
287,1,-1.0,187,0,1
187,1,-1.0,87,0,4
87,4,-1.0,99,0,3
99,3,-1.0,79,0,0
79,0,-1.0,179,0,0
179,5,-10.0,179,0,0
179,0,-1.0,279,0,0
279,0,-1.0,379,0,0
379,0,-1.0,479,0,5
479,5,20.0,475,1,0
44,2,-1.0,64,0,2
64,2,-1.0,84,0,4
84,4,-1.0,96,0,4
96,0,-1.0,196,0,3
196,3,-1.0,176,0,0
176,0,-1.0,276,0,3
276,3,-1.0,256,0,3
256,3,-1.0,236,0,1
236,1,-1.0,136,0,3
136,3,-1.0,116,0,1
116,1,-1.0,16,0,5
16,5,20.0,0,1,0
204,2,-1.0,224,0,0
224,2,-1.0,244,0,5
244,1,-1.0,144,0,2
144,2,-1.0,164,0,2
164,2,-1.0,184,0,1
184,0,-1.0,284,0,0
284,1,-1.0,184,0,1
184,1,-1.0,84,0,4
84,4,-1.0,96,0,0
96,0,-1.0,196,0,3
196,3,-1.0,176,0,0
176,0,-1.0,276,0,1
276,3,-1.0,256,0,3
256,3,-1.0,236,0,1
236,4,-10.0,236,0,1
236,1,-1.0,136,0,3
136,3,-1.0,116,0,0
116,1,-1.0,16,0,5
16,5,20.0,0,1,0
92,0,-1.0,192,0,0
192,0,-1.0,292,0,3
292,4,-10.0,292,0,3
292,3,-1.0,272,0,0
272,0,-1.0,372,0,0
372,4,-10.0,372,0,0
372,0,-1.0,472,0,3
472,4,-1.0,476,0,1
476,1,-1.0,376,0,1
376,1,-1.0,276,0,3
276,3,-1.0,256,0,3
256,3,-1.0,236,0,1
236,1,-1.0,136,0,3
136,4,-10.0,136,0,3
136,3,-1.0,116,0,1
116,1,-1.0,16,0,5
16,5,20.0,0,1,0
93,4,-10.0,93,0,0
93,0,-1.0,193,0,0
193,0,-1.0,293,0,3
293,3,-1.0,273,0,0
273,0,-1.0,373,0,0
373,0,-1.0,473,0,4
473,4,-1.0,477,0,2
477,2,-1.0,497,0,1
497,1,-1.0,397,0,1
397,1,-1.0,297,0,1
297,1,-1.0,197,0,1
197,1,-1.0,97,0,5
97,5,20.0,85,1,0
343,1,-1.0,243,0,3
243,3,-1.0,223,0,1
223,1,-1.0,123,0,3
123,3,-1.0,103,0,1
103,1,-1.0,3,0,4
3,4,-1.0,19,0,0
19,0,-1.0,119,0,0
119,0,-1.0,219,0,2
219,2,-1.0,239,0,2
239,2,-1.0,259,0,2
259,3,-1.0,239,0,2
239,2,-1.0,259,0,2
259,2,-1.0,279,0,0
279,0,-1.0,379,0,0
379,0,-1.0,479,0,0
479,5,20.0,475,1,0
223,1,-1.0,123,0,3
123,5,-10.0,123,0,3
123,3,-1.0,103,0,1
103,1,-1.0,3,0,3
3,4,-1.0,19,0,0
19,0,-1.0,119,0,0
119,0,-1.0,219,0,2
219,2,-1.0,239,0,2
239,2,-1.0,259,0,2
259,2,-1.0,279,0,0
279,0,-1.0,379,0,0
379,1,-1.0,279,0,0
279,4,-10.0,279,0,0
279,0,-1.0,379,0,0
379,0,-1.0,479,0,5
479,5,20.0,475,1,0
368,1,-1.0,268,0,3
268,3,-1.0,248,0,3
248,3,-1.0,228,0,3
228,3,-1.0,208,0,0
208,0,-1.0,308,0,0
308,0,-1.0,408,0,4
408,2,-1.0,408,0,4
408,4,-1.0,416,0,1
416,1,-1.0,316,0,1
316,1,-1.0,216,0,1
216,1,-1.0,116,0,1
116,1,-1.0,16,0,5
16,5,20.0,0,1,0
282,3,-1.0,262,0,3
262,3,-1.0,242,0,3
242,3,-1.0,222,0,1
222,1,-1.0,122,0,3
122,3,-1.0,102,0,1
102,1,-1.0,2,0,5
2,4,-1.0,18,0,0
18,0,-1.0,118,0,0
118,0,-1.0,218,0,0
218,0,-1.0,318,0,0
318,5,-10.0,318,0,0
318,0,-1.0,418,0,5
418,5,20.0,410,1,0
334,2,-1.0,354,0,1
354,1,-1.0,254,0,2
254,0,-1.0,354,0,1
354,1,-1.0,254,0,2
254,2,-1.0,274,0,0
274,0,-1.0,374,0,0
374,0,-1.0,474,0,4
474,4,-1.0,478,0,1
478,1,-1.0,378,0,1
378,1,-1.0,278,0,3
278,3,-1.0,258,0,3
258,3,-1.0,238,0,3
238,3,-1.0,218,0,0
218,0,-1.0,318,0,0
318,0,-1.0,418,0,5
418,5,20.0,410,1,0
141,0,-1.0,241,0,3
241,3,-1.0,221,0,1
221,1,-1.0,121,0,1
121,1,-1.0,21,0,3
21,3,-1.0,1,0,4
1,4,-1.0,17,0,0
17,1,-1.0,17,0,0
17,0,-1.0,117,0,2
117,2,-1.0,137,0,1
137,0,-1.0,237,0,0
237,2,-1.0,257,0,1
257,1,-1.0,157,0,2
157,2,-1.0,177,0,2
177,2,-1.0,197,0,1
197,1,-1.0,97,0,5
97,5,20.0,85,1,0
234,2,-1.0,254,0,2
254,2,-1.0,274,0,0
274,0,-1.0,374,0,0
374,0,-1.0,474,0,4
474,4,-1.0,478,0,1
478,1,-1.0,378,0,1
378,1,-1.0,278,0,3
278,1,-1.0,178,0,0
178,0,-1.0,278,0,3
278,3,-1.0,258,0,3
258,3,-1.0,238,0,3
238,3,-1.0,218,0,0
218,0,-1.0,318,0,0
318,0,-1.0,418,0,5
418,5,20.0,410,1,0
462,2,-1.0,482,0,5
482,3,-1.0,462,0,2
462,1,-1.0,362,0,1
362,1,-1.0,262,0,3
262,4,-10.0,262,0,3
262,2,-1.0,282,0,3
282,3,-1.0,262,0,3
262,5,-10.0,262,0,3
262,3,-1.0,242,0,3
242,3,-1.0,222,0,5
222,1,-1.0,122,0,3
122,3,-1.0,102,0,1
102,1,-1.0,2,0,4
2,4,-1.0,18,0,0
18,0,-1.0,118,0,0
118,0,-1.0,218,0,0
218,0,-1.0,318,0,0
318,0,-1.0,418,0,5
418,5,20.0,410,1,0
321,1,-1.0,221,0,1
221,1,-1.0,121,0,1
121,1,-1.0,21,0,3
21,3,-1.0,1,0,4
1,4,-1.0,17,0,0
17,0,-1.0,117,0,0
117,2,-1.0,137,0,0
137,0,-1.0,237,0,2
237,2,-1.0,257,0,1
257,4,-10.0,257,0,1
257,1,-1.0,157,0,2
157,2,-1.0,177,0,2
177,2,-1.0,197,0,1
197,1,-1.0,97,0,5
97,5,20.0,85,1,0
228,3,-1.0,208,0,0
208,0,-1.0,308,0,0
308,0,-1.0,408,0,4
408,4,-1.0,416,0,1
416,1,-1.0,316,0,1
316,1,-1.0,216,0,1
216,1,-1.0,116,0,1
116,1,-1.0,16,0,5
16,5,20.0,0,1,0
403,1,-1.0,303,0,1
303,1,-1.0,203,0,1
203,1,-1.0,103,0,1
103,4,-10.0,103,0,1
103,2,-1.0,123,0,3
123,3,-1.0,103,0,3
103,5,-10.0,103,0,1
103,1,-1.0,3,0,4
3,4,-1.0,19,0,0
19,0,-1.0,119,0,5
119,0,-1.0,219,0,2
219,2,-1.0,239,0,2
239,2,-1.0,259,0,1
259,2,-1.0,279,0,0
279,0,-1.0,379,0,0
379,0,-1.0,479,0,5
479,5,20.0,475,1,0
214,2,-1.0,234,0,2
234,2,-1.0,254,0,2
254,2,-1.0,274,0,0
274,0,-1.0,374,0,0
374,0,-1.0,474,0,4
474,4,-1.0,478,0,1
478,1,-1.0,378,0,1
378,1,-1.0,278,0,3
278,3,-1.0,258,0,3
258,3,-1.0,238,0,3
238,3,-1.0,218,0,0
218,0,-1.0,318,0,0
318,0,-1.0,418,0,1
418,5,20.0,410,1,0
42,0,-1.0,142,0,0
142,0,-1.0,242,0,3
242,3,-1.0,222,0,1
222,1,-1.0,122,0,3
122,3,-1.0,102,0,1
102,1,-1.0,2,0,4
2,4,-1.0,18,0,0
18,0,-1.0,118,0,0
118,0,-1.0,218,0,2
218,0,-1.0,318,0,0
318,0,-1.0,418,0,5
418,5,20.0,410,1,0
433,1,-1.0,333,0,2
333,3,-1.0,333,0,2
333,2,-1.0,353,0,1
353,1,-1.0,253,0,2
253,2,-1.0,273,0,0
273,0,-1.0,373,0,0
373,0,-1.0,473,0,4
473,4,-1.0,477,0,2
477,2,-1.0,497,0,1
497,1,-1.0,397,0,1
397,1,-1.0,297,0,1
297,1,-1.0,197,0,1
197,1,-1.0,97,0,5
97,5,20.0,85,1,0
42,0,-1.0,142,0,0
142,0,-1.0,242,0,3
242,3,-1.0,222,0,1
222,1,-1.0,122,0,3
122,5,-10.0,122,0,3
122,1,-1.0,22,0,1
22,3,-1.0,2,0,4
2,4,-1.0,18,0,0
18,0,-1.0,118,0,0
118,0,-1.0,218,0,0
218,0,-1.0,318,0,0
318,0,-1.0,418,0,5
418,5,20.0,410,1,0
204,2,-1.0,224,0,2
224,2,-1.0,244,0,4
244,1,-1.0,144,0,2
144,1,-1.0,44,0,2
44,2,-1.0,64,0,2
64,2,-1.0,84,0,4
84,5,-10.0,84,0,4
84,4,-1.0,96,0,0
96,0,-1.0,196,0,3
196,3,-1.0,176,0,0
176,0,-1.0,276,0,3
276,3,-1.0,256,0,3
256,0,-1.0,356,0,1
356,1,-1.0,256,0,3
256,3,-1.0,236,0,1
236,1,-1.0,136,0,3
136,3,-1.0,116,0,1
116,1,-1.0,16,0,5
16,5,20.0,0,1,0
233,2,-1.0,253,0,2
253,2,-1.0,273,0,0
273,0,-1.0,373,0,0
373,0,-1.0,473,0,4
473,4,-1.0,477,0,2
477,2,-1.0,497,0,1
497,1,-1.0,397,0,1
397,1,-1.0,297,0,1
297,1,-1.0,197,0,1
197,1,-1.0,97,0,5
97,5,20.0,85,1,0
71,1,-1.0,71,0,0
71,0,-1.0,171,0,3
171,0,-1.0,271,0,5
271,1,-1.0,171,0,0
171,0,-1.0,271,0,3
271,3,-1.0,251,0,3
251,3,-1.0,231,0,3
231,3,-1.0,211,0,0
211,0,-1.0,311,0,0
311,0,-1.0,411,0,4
411,4,-1.0,419,0,1
419,0,-1.0,419,0,1
419,4,-10.0,419,0,1
419,1,-1.0,319,0,1
319,1,-1.0,219,0,2
219,2,-1.0,239,0,2
239,2,-1.0,259,0,2
259,2,-1.0,279,0,0
279,0,-1.0,379,0,0
379,0,-1.0,479,0,5
479,5,20.0,475,1,0
42,0,-1.0,142,0,0
142,0,-1.0,242,0,3
242,3,-1.0,222,0,1
222,1,-1.0,122,0,3
122,3,-1.0,102,0,1
102,5,-10.0,102,0,5
102,1,-1.0,2,0,4
2,4,-1.0,18,0,0
18,0,-1.0,118,0,0
118,0,-1.0,218,0,0
218,0,-1.0,318,0,0
318,0,-1.0,418,0,5
418,5,20.0,410,1,0
167,2,-1.0,187,0,1
187,1,-1.0,87,0,4
87,4,-1.0,99,0,3
99,3,-1.0,79,0,0
79,0,-1.0,179,0,5
179,0,-1.0,279,0,0
279,3,-1.0,259,0,2
259,2,-1.0,279,0,0
279,0,-1.0,379,0,0
379,2,-1.0,399,0,3
399,3,-1.0,379,0,0
379,0,-1.0,479,0,5
479,4,-10.0,479,0,5
479,5,20.0,475,1,0
281,3,-1.0,261,0,3
261,3,-1.0,241,0,3
241,3,-1.0,221,0,1
221,0,-1.0,321,0,1
321,1,-1.0,221,0,1
221,1,-1.0,121,0,1
121,1,-1.0,21,0,3
21,3,-1.0,1,0,4
1,4,-1.0,17,0,0
17,0,-1.0,117,0,2
117,2,-1.0,137,0,0
137,0,-1.0,237,0,2
237,2,-1.0,257,0,1
257,1,-1.0,157,0,2
157,2,-1.0,177,0,2
177,2,-1.0,197,0,1
197,4,-10.0,197,0,1
197,1,-1.0,97,0,5
97,5,20.0,85,1,0
87,4,-1.0,99,0,3
99,3,-1.0,79,0,0
79,0,-1.0,179,0,0
179,0,-1.0,279,0,0
279,0,-1.0,379,0,0
379,0,-1.0,479,0,5
479,5,20.0,475,1,0
452,1,-1.0,352,0,1
352,1,-1.0,252,0,2
252,2,-1.0,272,0,0
272,0,-1.0,372,0,0
372,0,-1.0,472,0,4
472,4,-1.0,476,0,1
476,1,-1.0,376,0,1
376,1,-1.0,276,0,3
276,3,-1.0,256,0,3
256,3,-1.0,236,0,1
236,1,-1.0,136,0,3
136,3,-1.0,116,0,1
116,1,-1.0,16,0,5
16,5,20.0,0,1,0
302,1,-1.0,202,0,1
202,2,-1.0,222,0,1
222,1,-1.0,122,0,4
122,3,-1.0,102,0,1
102,1,-1.0,2,0,4
2,3,-1.0,2,0,4
2,4,-1.0,18,0,0
18,0,-1.0,118,0,0
118,0,-1.0,218,0,0
218,0,-1.0,318,0,0
318,0,-1.0,418,0,5
418,5,20.0,410,1,0
289,3,-1.0,269,0,5
269,3,-1.0,249,0,5
249,3,-1.0,229,0,3
229,3,-1.0,209,0,0
209,0,-1.0,309,0,0
309,0,-1.0,409,0,4
409,4,-1.0,417,0,1
417,1,-1.0,317,0,1
317,1,-1.0,217,0,0
217,2,-1.0,237,0,2
237,2,-1.0,257,0,1
257,3,-1.0,237,0,2
237,2,-1.0,257,0,1
257,1,-1.0,157,0,1
157,2,-1.0,177,0,2
177,2,-1.0,197,0,1
197,1,-1.0,97,0,5
97,5,20.0,85,1,0
301,1,-1.0,201,0,1
201,1,-1.0,101,0,1
101,1,-1.0,1,0,4
1,4,-1.0,17,0,0
17,0,-1.0,117,0,2
117,2,-1.0,137,0,0
137,0,-1.0,237,0,2
237,2,-1.0,257,0,1
257,1,-1.0,157,0,2
157,2,-1.0,177,0,2
177,2,-1.0,197,0,2
197,1,-1.0,97,0,0
97,5,20.0,85,1,0
193,0,-1.0,293,0,3
293,3,-1.0,273,0,0
273,0,-1.0,373,0,0
373,0,-1.0,473,0,4
473,4,-1.0,477,0,2
477,2,-1.0,497,0,1
497,1,-1.0,397,0,3
397,1,-1.0,297,0,1
297,5,-10.0,297,0,4
297,1,-1.0,197,0,1
197,1,-1.0,97,0,5
97,5,20.0,85,1,0
248,3,-1.0,228,0,3
228,3,-1.0,208,0,0
208,0,-1.0,308,0,0
308,0,-1.0,408,0,4
408,4,-1.0,416,0,1
416,1,-1.0,316,0,1
316,1,-1.0,216,0,1
216,1,-1.0,116,0,1
116,1,-1.0,16,0,0
16,5,20.0,0,1,0
301,1,-1.0,201,0,1
201,1,-1.0,101,0,1
101,1,-1.0,1,0,4
1,4,-1.0,17,0,0
17,0,-1.0,117,0,2
117,2,-1.0,137,0,0
137,5,-10.0,137,0,0
137,0,-1.0,237,0,2
237,2,-1.0,257,0,1
257,1,-1.0,157,0,2
157,2,-1.0,177,0,2
177,2,-1.0,197,0,3
197,1,-1.0,97,0,1
97,5,20.0,85,1,0
74,0,-1.0,174,0,0
174,0,-1.0,274,0,0
274,0,-1.0,374,0,0
374,0,-1.0,474,0,4
474,4,-1.0,478,0,1
478,1,-1.0,378,0,1
378,3,-1.0,378,0,1
378,1,-1.0,278,0,3
278,3,-1.0,258,0,3
258,3,-1.0,238,0,1
238,3,-1.0,218,0,0
218,0,-1.0,318,0,0
318,0,-1.0,418,0,5
418,5,20.0,410,1,0
306,3,-1.0,306,0,1
306,1,-1.0,206,0,2
206,2,-1.0,226,0,2
226,2,-1.0,246,0,4
246,2,-1.0,266,0,2
266,2,-1.0,286,0,1
286,1,-1.0,186,0,1
186,1,-1.0,86,0,4
86,4,-1.0,98,0,0
98,0,-1.0,198,0,0
198,0,-1.0,298,0,3
298,3,-1.0,278,0,3
278,3,-1.0,258,0,3
258,3,-1.0,238,0,3
238,3,-1.0,218,0,0
218,0,-1.0,318,0,0
318,0,-1.0,418,0,5
418,5,20.0,410,1,0
466,1,-1.0,366,0,2
366,2,-1.0,386,0,1
386,1,-1.0,286,0,1
286,1,-1.0,186,0,4
186,0,-1.0,286,0,1
286,1,-1.0,186,0,1
186,1,-1.0,86,0,4
86,4,-1.0,98,0,0
98,0,-1.0,198,0,0
198,0,-1.0,298,0,3
298,3,-1.0,278,0,3
278,3,-1.0,258,0,3
258,3,-1.0,238,0,3
238,2,-1.0,258,0,3
258,3,-1.0,238,0,4
238,3,-1.0,218,0,0
218,0,-1.0,318,0,2
318,0,-1.0,418,0,5
418,5,20.0,410,1,0
329,1,-1.0,229,0,3
229,3,-1.0,209,0,0
209,0,-1.0,309,0,0
309,0,-1.0,409,0,4
409,4,-1.0,417,0,1
417,1,-1.0,317,0,1
317,1,-1.0,217,0,2
217,2,-1.0,237,0,2
237,2,-1.0,257,0,1
257,3,-1.0,237,0,2
237,2,-1.0,257,0,1
257,1,-1.0,157,0,2
157,2,-1.0,177,0,2
177,2,-1.0,197,0,1
197,1,-1.0,97,0,5
97,5,20.0,85,1,0
203,1,-1.0,103,0,1
103,1,-1.0,3,0,4
3,4,-1.0,19,0,0
19,0,-1.0,119,0,0
119,0,-1.0,219,0,2
219,2,-1.0,239,0,2
239,2,-1.0,259,0,1
259,2,-1.0,279,0,0
279,0,-1.0,379,0,0
379,0,-1.0,479,0,5
479,5,20.0,475,1,0
93,0,-1.0,193,0,4
193,0,-1.0,293,0,3
293,3,-1.0,273,0,0
273,0,-1.0,373,0,0
373,0,-1.0,473,0,4
473,4,-1.0,477,0,2
477,2,-1.0,497,0,0
497,1,-1.0,397,0,1
397,1,-1.0,297,0,1
297,1,-1.0,197,0,1
197,1,-1.0,97,0,5
97,5,20.0,85,1,0
349,1,-1.0,249,0,3
249,3,-1.0,229,0,3
229,3,-1.0,209,0,0
209,2,-1.0,229,0,3
229,3,-1.0,209,0,0
209,0,-1.0,309,0,0
309,0,-1.0,409,0,4
409,4,-1.0,417,0,1
417,1,-1.0,317,0,1
317,1,-1.0,217,0,2
217,2,-1.0,237,0,2
237,2,-1.0,257,0,1
257,1,-1.0,157,0,2
157,2,-1.0,177,0,2
177,2,-1.0,197,0,1
197,1,-1.0,97,0,5
97,5,20.0,85,1,0
347,1,-1.0,247,0,2
247,2,-1.0,267,0,2
267,2,-1.0,287,0,1
287,1,-1.0,187,0,1
187,1,-1.0,87,0,4
87,4,-1.0,99,0,3
99,3,-1.0,79,0,0
79,0,-1.0,179,0,3
179,0,-1.0,279,0,0
279,0,-1.0,379,0,0
379,0,-1.0,479,0,5
479,5,20.0,475,1,0
8,0,-1.0,108,0,0
108,0,-1.0,208,0,5
208,0,-1.0,308,0,0
308,0,-1.0,408,0,4
408,4,-1.0,416,0,1
416,1,-1.0,316,0,1
316,1,-1.0,216,0,1
216,1,-1.0,116,0,1
116,1,-1.0,16,0,5
16,5,20.0,0,1,0
214,2,-1.0,234,0,2
234,2,-1.0,254,0,2
254,2,-1.0,274,0,0
274,3,-1.0,254,0,2
254,2,-1.0,274,0,0
274,0,-1.0,374,0,0
374,0,-1.0,474,0,4
474,4,-1.0,478,0,1
478,1,-1.0,378,0,1
378,1,-1.0,278,0,3
278,3,-1.0,258,0,3
258,3,-1.0,238,0,2
238,3,-1.0,218,0,0
218,0,-1.0,318,0,0
318,0,-1.0,418,0,5
418,5,20.0,410,1,0
88,3,-1.0,68,0,2
68,0,-1.0,168,0,4
168,0,-1.0,268,0,3
268,3,-1.0,248,0,3
248,3,-1.0,228,0,3
228,2,-1.0,248,0,3
248,1,-1.0,148,0,0
148,0,-1.0,248,0,3
248,3,-1.0,228,0,3
228,3,-1.0,208,0,0
208,0,-1.0,308,0,0
308,0,-1.0,408,0,4
408,0,-1.0,408,0,4
408,4,-1.0,416,0,1
416,1,-1.0,316,0,1
316,1,-1.0,216,0,1
216,2,-1.0,236,0,1
236,1,-1.0,136,0,3
136,3,-1.0,116,0,1
116,1,-1.0,16,0,5
16,5,20.0,0,1,0
409,4,-1.0,417,0,1
417,1,-1.0,317,0,1
317,1,-1.0,217,0,2
217,2,-1.0,237,0,2
237,2,-1.0,257,0,3
257,1,-1.0,157,0,2
157,5,-10.0,157,0,2
157,2,-1.0,177,0,2
177,2,-1.0,197,0,0
197,1,-1.0,97,0,5
97,5,20.0,85,1,0
432,0,-1.0,432,0,1
432,3,-1.0,432,0,1
432,0,-1.0,432,0,1
432,1,-1.0,332,0,1
332,1,-1.0,232,0,2
232,2,-1.0,252,0,2
252,2,-1.0,272,0,0
272,0,-1.0,372,0,0
372,0,-1.0,472,0,4
472,4,-1.0,476,0,1
476,1,-1.0,376,0,1
376,1,-1.0,276,0,3
276,3,-1.0,256,0,3
256,3,-1.0,236,0,1
236,1,-1.0,136,0,3
136,3,-1.0,116,0,0
116,1,-1.0,16,0,5
16,5,20.0,0,1,0
424,1,-1.0,324,0,1
324,1,-1.0,224,0,2
224,2,-1.0,244,0,1
244,1,-1.0,144,0,3
144,2,-1.0,164,0,5
164,2,-1.0,184,0,1
184,2,-1.0,184,0,1
184,1,-1.0,84,0,4
84,4,-1.0,96,0,0
96,0,-1.0,196,0,3
196,3,-1.0,176,0,0
176,0,-1.0,276,0,3
276,3,-1.0,256,0,3
256,3,-1.0,236,0,1
236,1,-1.0,136,0,3
136,3,-1.0,116,0,1
116,1,-1.0,16,0,5
16,5,20.0,0,1,0
288,3,-1.0,268,0,3
268,3,-1.0,248,0,3
248,3,-1.0,228,0,3
228,3,-1.0,208,0,0
208,0,-1.0,308,0,0
308,0,-1.0,408,0,3
408,4,-1.0,416,0,1
416,1,-1.0,316,0,1
316,1,-1.0,216,0,1
216,1,-1.0,116,0,1
116,1,-1.0,16,0,5
16,5,20.0,0,1,0
188,0,-1.0,288,0,3
288,3,-1.0,268,0,4
268,5,-10.0,268,0,3
268,3,-1.0,248,0,3
248,3,-1.0,228,0,3
228,2,-1.0,248,0,3
248,3,-1.0,228,0,0
228,3,-1.0,208,0,0
208,0,-1.0,308,0,0
308,0,-1.0,408,0,4
408,4,-1.0,416,0,1
416,1,-1.0,316,0,1
316,1,-1.0,216,0,1
216,1,-1.0,116,0,1
116,1,-1.0,16,0,5
16,0,-1.0,116,0,1
116,1,-1.0,16,0,5
16,5,20.0,0,1,0
472,4,-1.0,476,0,1
476,1,-1.0,376,0,1
376,1,-1.0,276,0,3
276,2,-1.0,296,0,3
296,3,-1.0,276,0,3
276,3,-1.0,256,0,3
256,3,-1.0,236,0,1
236,1,-1.0,136,0,3
136,3,-1.0,116,0,1
116,1,-1.0,16,0,5
16,3,-1.0,16,0,5
16,5,20.0,0,1,0
23,3,-1.0,3,0,4
3,4,-1.0,19,0,0
19,0,-1.0,119,0,0
119,0,-1.0,219,0,2
219,2,-1.0,239,0,2
239,2,-1.0,259,0,2
259,2,-1.0,279,0,0
279,0,-1.0,379,0,0
379,2,-1.0,399,0,3
399,3,-1.0,379,0,0
379,3,-1.0,379,0,0
379,0,-1.0,479,0,5
479,5,20.0,475,1,0
327,2,-1.0,347,0,1
347,1,-1.0,247,0,2
247,2,-1.0,267,0,4
267,2,-1.0,287,0,3
287,1,-1.0,187,0,1
187,1,-1.0,87,0,4
87,3,-1.0,67,0,2
67,2,-1.0,87,0,4
87,4,-1.0,99,0,3
99,2,-1.0,99,0,3
99,2,-1.0,99,0,3
99,3,-1.0,79,0,0
79,0,-1.0,179,0,0
179,0,-1.0,279,0,4
279,0,-1.0,379,0,0
379,0,-1.0,479,0,5
479,5,20.0,475,1,0
228,3,-1.0,208,0,0
208,0,-1.0,308,0,0
308,0,-1.0,408,0,4
408,4,-1.0,416,0,1
416,1,-1.0,316,0,1
316,1,-1.0,216,0,1
216,1,-1.0,116,0,5
116,1,-1.0,16,0,5
16,5,20.0,0,1,0
341,1,-1.0,241,0,3
241,3,-1.0,221,0,1
221,1,-1.0,121,0,1
121,1,-1.0,21,0,3
21,3,-1.0,1,0,4
1,4,-1.0,17,0,0
17,0,-1.0,117,0,2
117,2,-1.0,137,0,0
137,3,-1.0,117,0,2
117,2,-1.0,137,0,0
137,0,-1.0,237,0,2
237,2,-1.0,257,0,1
257,1,-1.0,157,0,2
157,5,-10.0,157,0,2
157,2,-1.0,177,0,2
177,0,-1.0,277,0,1
277,1,-1.0,177,0,2
177,2,-1.0,197,0,1
197,1,-1.0,97,0,5
97,4,-10.0,97,0,5
97,5,20.0,85,1,0
87,4,-1.0,99,0,4
99,3,-1.0,79,0,0
79,0,-1.0,179,0,0
179,0,-1.0,279,0,0
279,0,-1.0,379,0,0
379,0,-1.0,479,0,4
479,5,20.0,475,1,0
51,0,-1.0,151,0,0
151,0,-1.0,251,0,3
251,3,-1.0,231,0,3
231,3,-1.0,211,0,0
211,0,-1.0,311,0,0
311,0,-1.0,411,0,4
411,4,-1.0,419,0,1
419,1,-1.0,319,0,1
319,1,-1.0,219,0,2
219,2,-1.0,239,0,2
239,2,-1.0,259,0,2
259,2,-1.0,279,0,1
279,0,-1.0,379,0,3
379,0,-1.0,479,0,5
479,5,20.0,475,1,0
286,1,-1.0,186,0,1
186,1,-1.0,86,0,4
86,4,-1.0,98,0,0
98,0,-1.0,198,0,0
198,0,-1.0,298,0,3
298,3,-1.0,278,0,3
278,3,-1.0,258,0,3
258,3,-1.0,238,0,3
238,3,-1.0,218,0,0
218,0,-1.0,318,0,0
318,0,-1.0,418,0,5
418,5,20.0,410,1,0
1,4,-1.0,17,0,0
17,0,-1.0,117,0,2
117,2,-1.0,137,0,0
137,0,-1.0,237,0,2
237,2,-1.0,257,0,1
257,5,-10.0,257,0,1
257,1,-1.0,157,0,0
157,2,-1.0,177,0,2
177,2,-1.0,197,0,1
197,1,-1.0,97,0,5
97,5,20.0,85,1,0
203,1,-1.0,103,0,1
103,1,-1.0,3,0,4
3,4,-1.0,19,0,0
19,0,-1.0,119,0,0
119,0,-1.0,219,0,2
219,2,-1.0,239,0,2
239,2,-1.0,259,0,2
259,2,-1.0,279,0,0
279,0,-1.0,379,0,0
379,0,-1.0,479,0,5
479,5,20.0,475,1,0
413,1,-1.0,313,0,1
313,1,-1.0,213,0,2
213,2,-1.0,233,0,2
233,2,-1.0,253,0,2
253,2,-1.0,273,0,0
273,5,-10.0,273,0,0
273,0,-1.0,373,0,0
373,0,-1.0,473,0,4
473,4,-1.0,477,0,2
477,2,-1.0,497,0,1
497,1,-1.0,397,0,1
397,1,-1.0,297,0,1
297,1,-1.0,197,0,1
197,1,-1.0,97,0,5
97,5,20.0,85,1,0
121,1,-1.0,21,0,3
21,2,-1.0,21,0,3
21,3,-1.0,1,0,4
1,4,-1.0,17,0,2
17,0,-1.0,117,0,2
117,2,-1.0,137,0,0
137,0,-1.0,237,0,2
237,5,-10.0,237,0,2
237,2,-1.0,257,0,1
257,1,-1.0,157,0,0
157,2,-1.0,177,0,2
177,2,-1.0,197,0,5
197,1,-1.0,97,0,5
97,4,-10.0,97,0,5
97,5,20.0,85,1,0
442,3,-1.0,422,0,1
422,1,-1.0,322,0,1
322,5,-10.0,322,0,1
322,1,-1.0,222,0,1
222,1,-1.0,122,0,3
122,3,-1.0,102,0,3
102,1,-1.0,2,0,4
2,1,-1.0,2,0,4
2,5,-10.0,2,0,0
2,4,-1.0,18,0,1
18,0,-1.0,118,0,0
118,0,-1.0,218,0,0
218,0,-1.0,318,0,0
318,0,-1.0,418,0,5
418,5,20.0,410,1,0
344,1,-1.0,244,0,1
244,1,-1.0,144,0,2
144,2,-1.0,164,0,2
164,2,-1.0,184,0,1
184,1,-1.0,84,0,4
84,4,-1.0,96,0,0
96,0,-1.0,196,0,3
196,3,-1.0,176,0,3
176,0,-1.0,276,0,3
276,3,-1.0,256,0,3
256,3,-1.0,236,0,1
236,1,-1.0,136,0,2
136,3,-1.0,116,0,1
116,1,-1.0,16,0,5
16,5,20.0,0,1,0
122,3,-1.0,102,0,1
102,1,-1.0,2,0,4
2,4,-1.0,18,0,0
18,0,-1.0,118,0,0
118,0,-1.0,218,0,0
218,0,-1.0,318,0,0
318,0,-1.0,418,0,5
418,5,20.0,410,1,0
249,3,-1.0,229,0,3
229,3,-1.0,209,0,0
209,0,-1.0,309,0,0
309,0,-1.0,409,0,4
409,4,-1.0,417,0,1
417,1,-1.0,317,0,1
317,1,-1.0,217,0,2
217,2,-1.0,237,0,2
237,2,-1.0,257,0,1
257,1,-1.0,157,0,2
157,0,-1.0,257,0,1
257,1,-1.0,157,0,2
157,2,-1.0,177,0,2
177,2,-1.0,197,0,1
197,1,-1.0,97,0,5
97,5,20.0,85,1,0
289,3,-1.0,269,0,3
269,3,-1.0,249,0,3
249,3,-1.0,229,0,3
229,2,-1.0,249,0,3
249,3,-1.0,229,0,3
229,3,-1.0,209,0,0
209,0,-1.0,309,0,0
309,0,-1.0,409,0,4
409,4,-1.0,417,0,1
417,1,-1.0,317,0,0
317,1,-1.0,217,0,2
217,2,-1.0,237,0,0
237,2,-1.0,257,0,1
257,1,-1.0,157,0,2
157,2,-1.0,177,0,2
177,2,-1.0,197,0,1
197,1,-1.0,97,0,5
97,5,20.0,85,1,0
346,1,-1.0,246,0,2
246,2,-1.0,266,0,2
266,2,-1.0,286,0,1
286,1,-1.0,186,0,1
186,1,-1.0,86,0,3
86,4,-1.0,98,0,0
98,0,-1.0,198,0,0
198,0,-1.0,298,0,3
298,3,-1.0,278,0,3
278,3,-1.0,258,0,3
258,3,-1.0,238,0,3
238,3,-1.0,218,0,0
218,0,-1.0,318,0,0
318,0,-1.0,418,0,5
418,5,20.0,410,1,0
344,1,-1.0,244,0,5
244,1,-1.0,144,0,2
144,2,-1.0,164,0,2
164,1,-1.0,64,0,2
64,2,-1.0,84,0,4
84,4,-1.0,96,0,0
96,0,-1.0,196,0,3
196,3,-1.0,176,0,0
176,0,-1.0,276,0,3
276,3,-1.0,256,0,3
256,3,-1.0,236,0,1
236,1,-1.0,136,0,3
136,3,-1.0,116,0,1
116,1,-1.0,16,0,5
16,5,20.0,0,1,0
484,1,-1.0,384,0,1
384,1,-1.0,284,0,1
284,1,-1.0,184,0,1
184,1,-1.0,84,0,4
84,4,-1.0,96,0,0
96,0,-1.0,196,0,3
196,3,-1.0,176,0,2
176,0,-1.0,276,0,3
276,3,-1.0,256,0,3
256,3,-1.0,236,0,1
236,1,-1.0,136,0,3
136,3,-1.0,116,0,1
116,2,-1.0,136,0,4
136,3,-1.0,116,0,1
116,1,-1.0,16,0,5
16,5,20.0,0,1,0
223,1,-1.0,123,0,3
123,3,-1.0,103,0,1
103,1,-1.0,3,0,4
3,4,-1.0,19,0,0
19,0,-1.0,119,0,0
119,0,-1.0,219,0,2
219,2,-1.0,239,0,2
239,2,-1.0,259,0,2
259,2,-1.0,279,0,4
279,0,-1.0,379,0,0
379,0,-1.0,479,0,5
479,5,20.0,475,1,0
164,2,-1.0,184,0,1
184,1,-1.0,84,0,4
84,4,-1.0,96,0,2
96,0,-1.0,196,0,3
196,3,-1.0,176,0,0
176,0,-1.0,276,0,3
276,3,-1.0,256,0,3
256,4,-10.0,256,0,3
256,3,-1.0,236,0,3
236,1,-1.0,136,0,3
136,3,-1.0,116,0,1
116,0,-1.0,216,0,1
216,1,-1.0,116,0,1
116,2,-1.0,136,0,3
136,3,-1.0,116,0,1
116,1,-1.0,16,0,5
16,5,20.0,0,1,0
152,2,-1.0,172,0,2
172,0,-1.0,272,0,0
272,0,-1.0,372,0,0
372,0,-1.0,472,0,4
472,4,-1.0,476,0,1
476,1,-1.0,376,0,1
376,1,-1.0,276,0,4
276,3,-1.0,256,0,3
256,3,-1.0,236,0,1
236,1,-1.0,136,0,3
136,3,-1.0,116,0,1
116,1,-1.0,16,0,5
16,5,20.0,0,1,0
314,1,-1.0,214,0,2
214,2,-1.0,234,0,2
234,2,-1.0,254,0,2
254,2,-1.0,274,0,0
274,0,-1.0,374,0,0
374,1,-1.0,274,0,0
274,0,-1.0,374,0,0
374,0,-1.0,474,0,4
474,4,-1.0,478,0,1
478,1,-1.0,378,0,1
378,1,-1.0,278,0,5
278,3,-1.0,258,0,3
258,3,-1.0,238,0,3
238,3,-1.0,218,0,4
218,0,-1.0,318,0,2
318,0,-1.0,418,0,5
418,5,20.0,410,1,0
321,1,-1.0,221,0,1
221,1,-1.0,121,0,3
121,1,-1.0,21,0,3
21,3,-1.0,1,0,4
1,4,-1.0,17,0,0
17,0,-1.0,117,0,2
117,2,-1.0,137,0,0
137,0,-1.0,237,0,2
237,3,-1.0,217,0,2
217,2,-1.0,237,0,1
237,5,-10.0,237,0,2
237,2,-1.0,257,0,1
257,1,-1.0,157,0,2
157,2,-1.0,177,0,2
177,2,-1.0,197,0,1
197,1,-1.0,97,0,5
97,5,20.0,85,1,0
426,2,-1.0,446,0,1
446,1,-1.0,346,0,0
346,1,-1.0,246,0,2
246,2,-1.0,266,0,2
266,2,-1.0,286,0,1
286,1,-1.0,186,0,1
186,1,-1.0,86,0,4
86,5,-10.0,86,0,4
86,4,-1.0,98,0,0
98,0,-1.0,198,0,0
198,0,-1.0,298,0,3
298,0,-1.0,398,0,1
398,1,-1.0,298,0,3
298,4,-10.0,298,0,3
298,0,-1.0,398,0,1
398,1,-1.0,298,0,3
298,3,-1.0,278,0,3
278,3,-1.0,258,0,3
258,3,-1.0,238,0,3
238,3,-1.0,218,0,0
218,0,-1.0,318,0,0
318,0,-1.0,418,0,5
418,5,20.0,410,1,0
27,0,-1.0,127,0,0
127,0,-1.0,227,0,2
227,1,-1.0,127,0,0
127,2,-1.0,127,0,0
127,0,-1.0,227,0,2
227,2,-1.0,247,0,2
247,2,-1.0,267,0,2
267,2,-1.0,287,0,1
287,1,-1.0,187,0,1
187,4,-10.0,187,0,1
187,1,-1.0,87,0,4
87,4,-1.0,99,0,3
99,3,-1.0,79,0,0
79,0,-1.0,179,0,0
179,0,-1.0,279,0,0
279,0,-1.0,379,0,0
379,0,-1.0,479,0,5
479,5,20.0,475,1,0
153,0,-1.0,253,0,4
253,2,-1.0,273,0,4
273,0,-1.0,373,0,1
373,0,-1.0,473,0,4
473,4,-1.0,477,0,2
477,2,-1.0,497,0,1
497,1,-1.0,397,0,1
397,1,-1.0,297,0,1
297,1,-1.0,197,0,1
197,1,-1.0,97,0,5
97,5,20.0,85,1,0
122,3,-1.0,102,0,1
102,1,-1.0,2,0,4
2,4,-1.0,18,0,0
18,0,-1.0,118,0,4
118,0,-1.0,218,0,0
218,1,-1.0,118,0,0
118,0,-1.0,218,0,0
218,0,-1.0,318,0,0
318,0,-1.0,418,0,5
418,5,20.0,410,1,0
28,0,-1.0,128,0,4
128,0,-1.0,228,0,3
228,0,-1.0,328,0,1
328,1,-1.0,228,0,3
228,3,-1.0,208,0,5
208,0,-1.0,308,0,0
308,0,-1.0,408,0,0
408,4,-1.0,416,0,1
416,1,-1.0,316,0,1
316,1,-1.0,216,0,1
216,1,-1.0,116,0,1
116,1,-1.0,16,0,5
16,5,20.0,0,1,0
231,3,-1.0,211,0,0
211,0,-1.0,311,0,0
311,0,-1.0,411,0,3
411,1,-1.0,311,0,4
311,0,-1.0,411,0,4
411,4,-1.0,419,0,1
419,1,-1.0,319,0,1
319,4,-10.0,319,0,1
319,1,-1.0,219,0,2
219,2,-1.0,239,0,2
239,2,-1.0,259,0,2
259,2,-1.0,279,0,0
279,4,-10.0,279,0,0
279,0,-1.0,379,0,0
379,0,-1.0,479,0,4
479,5,20.0,475,1,0
383,1,-1.0,283,0,3
283,3,-1.0,263,0,3
263,3,-1.0,243,0,3
243,3,-1.0,223,0,1
223,1,-1.0,123,0,5
123,3,-1.0,103,0,1
103,5,-10.0,103,0,1
103,1,-1.0,3,0,4
3,4,-1.0,19,0,0
19,0,-1.0,119,0,0
119,0,-1.0,219,0,2
219,2,-1.0,239,0,2
239,2,-1.0,259,0,2
259,2,-1.0,279,0,0
279,0,-1.0,379,0,0
379,0,-1.0,479,0,5
479,5,20.0,475,1,0
472,4,-1.0,476,0,1
476,1,-1.0,376,0,1
376,1,-1.0,276,0,3
276,3,-1.0,256,0,2
256,3,-1.0,236,0,1
236,1,-1.0,136,0,1
136,3,-1.0,116,0,1
116,1,-1.0,16,0,5
16,5,20.0,0,1,0
421,1,-1.0,321,0,1
321,1,-1.0,221,0,1
221,1,-1.0,121,0,1
121,1,-1.0,21,0,3
21,3,-1.0,1,0,4
1,4,-1.0,17,0,0
17,0,-1.0,117,0,2
117,2,-1.0,137,0,0
137,0,-1.0,237,0,2
237,2,-1.0,257,0,1
257,1,-1.0,157,0,2
157,2,-1.0,177,0,2
177,2,-1.0,197,0,1
197,1,-1.0,97,0,5
97,5,20.0,85,1,0
432,1,-1.0,332,0,1
332,1,-1.0,232,0,2
232,2,-1.0,252,0,5
252,2,-1.0,272,0,0
272,0,-1.0,372,0,0
372,0,-1.0,472,0,4
472,4,-1.0,476,0,1
476,1,-1.0,376,0,1
376,1,-1.0,276,0,3
276,3,-1.0,256,0,3
256,3,-1.0,236,0,2
236,1,-1.0,136,0,3
136,3,-1.0,116,0,1
116,1,-1.0,16,0,5
16,5,20.0,0,1,0
144,2,-1.0,164,0,2
164,2,-1.0,184,0,1
184,5,-10.0,184,0,1
184,0,-1.0,284,0,1
284,1,-1.0,184,0,1
184,1,-1.0,84,0,4
84,4,-1.0,96,0,0
96,0,-1.0,196,0,3
196,3,-1.0,176,0,0
176,0,-1.0,276,0,3
276,3,-1.0,256,0,3
256,1,-1.0,156,0,0
156,0,-1.0,256,0,3
256,3,-1.0,236,0,1
236,1,-1.0,136,0,3
136,3,-1.0,116,0,1
116,1,-1.0,16,0,5
16,5,20.0,0,1,0
243,3,-1.0,223,0,1
223,1,-1.0,123,0,3
123,3,-1.0,103,0,1
103,1,-1.0,3,0,4
3,4,-1.0,19,0,0
19,0,-1.0,119,0,0
119,0,-1.0,219,0,2
219,2,-1.0,239,0,2
239,2,-1.0,259,0,2
259,5,-10.0,259,0,2
259,2,-1.0,279,0,0
279,0,-1.0,379,0,0
379,1,-1.0,279,0,0
279,0,-1.0,379,0,0
379,0,-1.0,479,0,5
479,5,20.0,475,1,0
333,2,-1.0,353,0,1
353,1,-1.0,253,0,2
253,3,-1.0,233,0,2
233,2,-1.0,253,0,0
253,1,-1.0,153,0,0
153,0,-1.0,253,0,2
253,4,-10.0,253,0,2
253,2,-1.0,273,0,0
273,1,-1.0,173,0,0
173,0,-1.0,273,0,5
273,0,-1.0,373,0,0
373,0,-1.0,473,0,4
473,4,-1.0,477,0,2
477,2,-1.0,497,0,1
497,1,-1.0,397,0,1
397,1,-1.0,297,0,1
297,1,-1.0,197,0,1
197,1,-1.0,97,0,5
97,5,20.0,85,1,0
267,2,-1.0,287,0,1
287,1,-1.0,187,0,1
187,1,-1.0,87,0,2
87,4,-1.0,99,0,3
99,3,-1.0,79,0,0
79,0,-1.0,179,0,0
179,0,-1.0,279,0,0
279,0,-1.0,379,0,0
379,0,-1.0,479,0,5
479,5,20.0,475,1,0
282,3,-1.0,262,0,3
262,3,-1.0,242,0,3
242,3,-1.0,222,0,1
222,1,-1.0,122,0,3
122,3,-1.0,102,0,1
102,3,-1.0,102,0,1
102,1,-1.0,2,0,4
2,4,-1.0,18,0,0
18,0,-1.0,118,0,0
118,0,-1.0,218,0,0
218,0,-1.0,318,0,0
318,0,-1.0,418,0,5
418,4,-10.0,418,0,5
418,5,20.0,410,1,0
73,0,-1.0,173,0,0
173,0,-1.0,273,0,0
273,0,-1.0,373,0,0
373,2,-1.0,393,0,3
393,3,-1.0,373,0,0
373,0,-1.0,473,0,3
473,4,-1.0,477,0,2
477,2,-1.0,497,0,1
497,1,-1.0,397,0,1
397,1,-1.0,297,0,1
297,1,-1.0,197,0,1
197,1,-1.0,97,0,0
97,5,20.0,85,1,0
307,1,-1.0,207,0,2
207,2,-1.0,227,0,2
227,2,-1.0,247,0,2
247,2,-1.0,267,0,1
267,2,-1.0,287,0,1
287,1,-1.0,187,0,1
187,1,-1.0,87,0,4
87,4,-1.0,99,0,3
99,3,-1.0,79,0,0
79,0,-1.0,179,0,0
179,0,-1.0,279,0,0
279,0,-1.0,379,0,0
379,0,-1.0,479,0,5
479,5,20.0,475,1,0
24,0,-1.0,124,0,5
124,0,-1.0,224,0,2
224,2,-1.0,244,0,1
244,1,-1.0,144,0,2
144,2,-1.0,164,0,2
164,2,-1.0,184,0,1
184,1,-1.0,84,0,4
84,4,-1.0,96,0,0
96,0,-1.0,196,0,3
196,3,-1.0,176,0,0
176,0,-1.0,276,0,3
276,3,-1.0,256,0,3
256,3,-1.0,236,0,1
236,0,-1.0,336,0,1
336,1,-1.0,236,0,1
236,1,-1.0,136,0,3
136,3,-1.0,116,0,1
116,1,-1.0,16,0,5
16,5,20.0,0,1,0
263,3,-1.0,243,0,3
243,3,-1.0,223,0,1
223,1,-1.0,123,0,3
123,3,-1.0,103,0,1
103,1,-1.0,3,0,4
3,4,-1.0,19,0,0
19,0,-1.0,119,0,1
119,0,-1.0,219,0,2
219,2,-1.0,239,0,2
239,4,-10.0,239,0,2
239,2,-1.0,259,0,2
259,2,-1.0,279,0,0
279,0,-1.0,379,0,0
379,0,-1.0,479,0,5
479,5,20.0,475,1,0
202,1,-1.0,102,0,1
102,1,-1.0,2,0,4
2,4,-1.0,18,0,0
18,0,-1.0,118,0,0
118,0,-1.0,218,0,0
218,0,-1.0,318,0,0
318,0,-1.0,418,0,5
418,5,20.0,410,1,0
214,2,-1.0,234,0,2
234,2,-1.0,254,0,2
254,2,-1.0,274,0,0
274,0,-1.0,374,0,0
374,1,-1.0,274,0,0
274,0,-1.0,374,0,0
374,0,-1.0,474,0,4
474,4,-1.0,478,0,1
478,1,-1.0,378,0,1
378,1,-1.0,278,0,3
278,0,-1.0,378,0,1
378,1,-1.0,278,0,3
278,3,-1.0,258,0,3
258,3,-1.0,238,0,3
238,3,-1.0,218,0,0
218,0,-1.0,318,0,0
318,0,-1.0,418,0,5
418,5,20.0,410,1,0
304,1,-1.0,204,0,2
204,2,-1.0,224,0,2
224,2,-1.0,244,0,1
244,1,-1.0,144,0,2
144,2,-1.0,164,0,2
164,2,-1.0,184,0,1
184,1,-1.0,84,0,4
84,4,-1.0,96,0,0
96,0,-1.0,196,0,3
196,3,-1.0,176,0,0
176,0,-1.0,276,0,2
276,3,-1.0,256,0,5
256,3,-1.0,236,0,1
236,1,-1.0,136,0,3
136,3,-1.0,116,0,1
116,1,-1.0,16,0,5
16,5,20.0,0,1,0
289,3,-1.0,269,0,3
269,3,-1.0,249,0,3
249,3,-1.0,229,0,3
229,1,-1.0,129,0,3
129,3,-1.0,109,0,0
109,0,-1.0,209,0,0
209,0,-1.0,309,0,0
309,0,-1.0,409,0,4
409,4,-1.0,417,0,1
417,1,-1.0,317,0,1
317,1,-1.0,217,0,2
217,4,-10.0,217,0,2
217,2,-1.0,237,0,2
237,2,-1.0,257,0,1
257,1,-1.0,157,0,2
157,2,-1.0,177,0,2
177,5,-10.0,177,0,2
177,5,-10.0,177,0,2
177,2,-1.0,197,0,1
197,1,-1.0,97,0,5
97,5,20.0,85,1,0
91,3,-1.0,71,0,0
71,0,-1.0,171,0,0
171,0,-1.0,271,0,3
271,3,-1.0,251,0,3
251,3,-1.0,231,0,3
231,3,-1.0,211,0,0
211,0,-1.0,311,0,0
311,0,-1.0,411,0,4
411,4,-1.0,419,0,1
419,1,-1.0,319,0,1
319,1,-1.0,219,0,2
219,2,-1.0,239,0,2
239,3,-1.0,219,0,2
219,2,-1.0,239,0,2
239,2,-1.0,259,0,2
259,2,-1.0,279,0,0
279,0,-1.0,379,0,0
379,0,-1.0,479,0,5
479,5,20.0,475,1,0
332,1,-1.0,232,0,2
232,2,-1.0,252,0,2
252,2,-1.0,272,0,0
272,3,-1.0,252,0,2
252,2,-1.0,272,0,0
272,3,-1.0,252,0,2
252,2,-1.0,272,0,0
272,0,-1.0,372,0,0
372,4,-10.0,372,0,0
372,0,-1.0,472,0,4
472,4,-1.0,476,0,1
476,4,-10.0,476,0,1
476,1,-1.0,376,0,1
376,1,-1.0,276,0,3
276,3,-1.0,256,0,3
256,3,-1.0,236,0,1
236,3,-1.0,216,0,1
216,1,-1.0,116,0,1
116,1,-1.0,16,0,5
16,5,20.0,0,1,0
428,1,-1.0,328,0,1
328,1,-1.0,228,0,3
228,3,-1.0,208,0,0
208,0,-1.0,308,0,0
308,0,-1.0,408,0,4
408,4,-1.0,416,0,1
416,1,-1.0,316,0,1
316,3,-1.0,316,0,1
316,1,-1.0,216,0,1
216,3,-1.0,216,0,1
216,1,-1.0,116,0,1
116,1,-1.0,16,0,5
16,5,20.0,0,1,0
272,0,-1.0,372,0,0
372,0,-1.0,472,0,4
472,4,-1.0,476,0,1
476,1,-1.0,376,0,1
376,1,-1.0,276,0,3
276,3,-1.0,256,0,4
256,3,-1.0,236,0,1
236,1,-1.0,136,0,3
136,3,-1.0,116,0,1
116,1,-1.0,16,0,5
16,5,20.0,0,1,0
251,3,-1.0,231,0,3
231,3,-1.0,211,0,0
211,0,-1.0,311,0,0
311,0,-1.0,411,0,4
411,4,-1.0,419,0,1
419,1,-1.0,319,0,1
319,1,-1.0,219,0,4
219,2,-1.0,239,0,2
239,2,-1.0,259,0,2
259,2,-1.0,279,0,0
279,0,-1.0,379,0,0
379,0,-1.0,479,0,1
479,5,20.0,475,1,0
124,0,-1.0,224,0,2
224,2,-1.0,244,0,1
244,1,-1.0,144,0,2
144,2,-1.0,164,0,2
164,2,-1.0,184,0,1
184,1,-1.0,84,0,4
84,4,-1.0,96,0,0
96,0,-1.0,196,0,3
196,3,-1.0,176,0,0
176,0,-1.0,276,0,3
276,3,-1.0,256,0,3
256,4,-10.0,256,0,3
256,3,-1.0,236,0,1
236,1,-1.0,136,0,3
136,3,-1.0,116,0,1
116,1,-1.0,16,0,5
16,5,20.0,0,1,0
381,1,-1.0,281,0,3
281,3,-1.0,261,0,3
261,3,-1.0,241,0,3
241,3,-1.0,221,0,1
221,1,-1.0,121,0,1
121,1,-1.0,21,0,3
21,3,-1.0,1,0,4
1,4,-1.0,17,0,4
17,0,-1.0,117,0,2
117,2,-1.0,137,0,0
137,0,-1.0,237,0,2
237,2,-1.0,257,0,1
257,1,-1.0,157,0,2
157,2,-1.0,177,0,1
177,2,-1.0,197,0,1
197,1,-1.0,97,0,5
97,5,20.0,85,1,0
361,1,-1.0,261,0,3
261,3,-1.0,241,0,0
241,3,-1.0,221,0,1
221,1,-1.0,121,0,1
121,1,-1.0,21,0,3
21,3,-1.0,1,0,4
1,4,-1.0,17,0,0
17,0,-1.0,117,0,2
117,2,-1.0,137,0,1
137,0,-1.0,237,0,0
237,2,-1.0,257,0,1
257,1,-1.0,157,0,2
157,2,-1.0,177,0,2
177,2,-1.0,197,0,1
197,1,-1.0,97,0,3
97,5,20.0,85,1,0
427,1,-1.0,327,0,2
327,2,-1.0,347,0,1
347,1,-1.0,247,0,2
247,3,-1.0,227,0,2
227,3,-1.0,207,0,2
207,2,-1.0,227,0,2
227,2,-1.0,247,0,2
247,1,-1.0,147,0,2
147,2,-1.0,167,0,2
167,2,-1.0,187,0,1
187,1,-1.0,87,0,4
87,4,-1.0,99,0,0
99,3,-1.0,79,0,0
79,5,-10.0,79,0,0
79,0,-1.0,179,0,0
179,0,-1.0,279,0,0
279,0,-1.0,379,0,5
379,0,-1.0,479,0,5
479,5,20.0,475,1,0
373,0,-1.0,473,0,4
473,4,-1.0,477,0,2
477,2,-1.0,497,0,1
497,1,-1.0,397,0,1
397,1,-1.0,297,0,1
297,1,-1.0,197,0,1
197,1,-1.0,97,0,5
97,5,20.0,85,1,0
468,1,-1.0,368,0,1
368,1,-1.0,268,0,3
268,3,-1.0,248,0,3
248,3,-1.0,228,0,3
228,3,-1.0,208,0,0
208,0,-1.0,308,0,0
308,0,-1.0,408,0,4
408,4,-1.0,416,0,1
416,1,-1.0,316,0,1
316,1,-1.0,216,0,1
216,1,-1.0,116,0,0
116,1,-1.0,16,0,5
16,5,20.0,0,1,0
284,1,-1.0,184,0,1
184,1,-1.0,84,0,4
84,4,-1.0,96,0,0
96,0,-1.0,196,0,3
196,3,-1.0,176,0,0
176,0,-1.0,276,0,3
276,3,-1.0,256,0,3
256,3,-1.0,236,0,1
236,1,-1.0,136,0,3
136,3,-1.0,116,0,1
116,1,-1.0,16,0,5
16,5,20.0,0,1,0
462,3,-1.0,462,0,1
462,1,-1.0,362,0,1
362,3,-1.0,362,0,1
362,1,-1.0,262,0,3
262,3,-1.0,242,0,3
242,3,-1.0,222,0,1
222,1,-1.0,122,0,3
122,3,-1.0,102,0,1
102,1,-1.0,2,0,4
2,4,-1.0,18,0,0
18,0,-1.0,118,0,3
118,0,-1.0,218,0,0
218,4,-10.0,218,0,0
218,5,-10.0,218,0,0
218,0,-1.0,318,0,0
318,0,-1.0,418,0,5
418,5,20.0,410,1,0
128,0,-1.0,228,0,3
228,3,-1.0,208,0,0
208,0,-1.0,308,0,0
308,0,-1.0,408,0,4
408,4,-1.0,416,0,1
416,1,-1.0,316,0,1
316,1,-1.0,216,0,1
216,1,-1.0,116,0,1
116,1,-1.0,16,0,5
16,5,20.0,0,1,0
386,1,-1.0,286,0,1
286,1,-1.0,186,0,5
186,1,-1.0,86,0,4
86,4,-1.0,98,0,0
98,0,-1.0,198,0,0
198,0,-1.0,298,0,3
298,3,-1.0,278,0,3
278,3,-1.0,258,0,3
258,3,-1.0,238,0,3
238,1,-1.0,138,0,3
138,3,-1.0,118,0,0
118,0,-1.0,218,0,0
218,0,-1.0,318,0,0
318,0,-1.0,418,0,5
418,5,20.0,410,1,0
483,3,-1.0,463,0,1
463,1,-1.0,363,0,1
363,1,-1.0,263,0,1
263,3,-1.0,243,0,1
243,3,-1.0,223,0,1
223,1,-1.0,123,0,3
123,3,-1.0,103,0,0
103,1,-1.0,3,0,4
3,4,-1.0,19,0,0
19,0,-1.0,119,0,0
119,0,-1.0,219,0,2
219,2,-1.0,239,0,2
239,2,-1.0,259,0,5
259,2,-1.0,279,0,0
279,0,-1.0,379,0,0
379,0,-1.0,479,0,5
479,5,20.0,475,1,0
408,4,-1.0,416,0,1
416,1,-1.0,316,0,1
316,1,-1.0,216,0,1
216,1,-1.0,116,0,1
116,1,-1.0,16,0,5
16,5,20.0,0,1,0
431,1,-1.0,331,0,1
331,1,-1.0,231,0,3
231,3,-1.0,211,0,0
211,0,-1.0,311,0,0
311,0,-1.0,411,0,5
411,4,-1.0,419,0,1
419,1,-1.0,319,0,1
319,1,-1.0,219,0,2
219,2,-1.0,239,0,2
239,2,-1.0,259,0,3
259,2,-1.0,279,0,0
279,0,-1.0,379,0,2
379,0,-1.0,479,0,5
479,5,20.0,475,1,0
174,0,-1.0,274,0,0
274,0,-1.0,374,0,0
374,0,-1.0,474,0,1
474,4,-1.0,478,0,1
478,1,-1.0,378,0,1
378,1,-1.0,278,0,3
278,3,-1.0,258,0,3
258,3,-1.0,238,0,3
238,3,-1.0,218,0,4
218,0,-1.0,318,0,0
318,0,-1.0,418,0,5
418,5,20.0,410,1,0
113,0,-1.0,213,0,1
213,2,-1.0,233,0,2
233,2,-1.0,253,0,2
253,2,-1.0,273,0,0
273,1,-1.0,173,0,0
173,0,-1.0,273,0,0
273,0,-1.0,373,0,0
373,0,-1.0,473,0,4
473,4,-1.0,477,0,2
477,2,-1.0,497,0,1
497,1,-1.0,397,0,1
397,1,-1.0,297,0,1
297,1,-1.0,197,0,1
197,1,-1.0,97,0,5
97,5,20.0,85,1,0
413,1,-1.0,313,0,1
313,1,-1.0,213,0,2
213,2,-1.0,233,0,2
233,5,-10.0,233,0,2
233,2,-1.0,253,0,2
253,2,-1.0,273,0,0
273,0,-1.0,373,0,0
373,0,-1.0,473,0,2
473,4,-1.0,477,0,2
477,2,-1.0,497,0,1
497,1,-1.0,397,0,1
397,1,-1.0,297,0,4
297,1,-1.0,197,0,1
197,1,-1.0,97,0,5
97,5,20.0,85,1,0
428,1,-1.0,328,0,1
328,1,-1.0,228,0,3
228,3,-1.0,208,0,0
208,0,-1.0,308,0,0
308,0,-1.0,408,0,4
408,4,-1.0,416,0,1
416,1,-1.0,316,0,1
316,2,-1.0,316,0,1
316,1,-1.0,216,0,1
216,5,-10.0,216,0,1
216,1,-1.0,116,0,1
116,1,-1.0,16,0,5
16,5,20.0,0,1,0
1,4,-1.0,17,0,0
17,0,-1.0,117,0,2
117,2,-1.0,137,0,0
137,0,-1.0,237,0,2
237,2,-1.0,257,0,1
257,1,-1.0,157,0,2
157,2,-1.0,177,0,2
177,2,-1.0,197,0,1
197,1,-1.0,97,0,5
97,5,20.0,85,1,0
81,3,-1.0,61,0,4
61,0,-1.0,161,0,3
161,3,-1.0,141,0,0
141,0,-1.0,241,0,3
241,3,-1.0,221,0,1
221,1,-1.0,121,0,1
121,1,-1.0,21,0,2
21,3,-1.0,1,0,4
1,4,-1.0,17,0,0
17,0,-1.0,117,0,2
117,2,-1.0,137,0,0
137,0,-1.0,237,0,2
237,2,-1.0,257,0,1
257,1,-1.0,157,0,2
157,2,-1.0,177,0,2
177,2,-1.0,197,0,1
197,1,-1.0,97,0,5
97,5,20.0,85,1,0
164,2,-1.0,184,0,1
184,1,-1.0,84,0,4
84,4,-1.0,96,0,0
96,0,-1.0,196,0,3
196,3,-1.0,176,0,0
176,0,-1.0,276,0,3
276,3,-1.0,256,0,3
256,3,-1.0,236,0,1
236,1,-1.0,136,0,3
136,3,-1.0,116,0,1
116,1,-1.0,16,0,5
16,5,20.0,0,1,0
323,1,-1.0,223,0,1
223,1,-1.0,123,0,0
123,3,-1.0,103,0,1
103,1,-1.0,3,0,4
3,4,-1.0,19,0,0
19,4,-10.0,19,0,0
19,0,-1.0,119,0,0
119,0,-1.0,219,0,2
219,2,-1.0,239,0,2
239,2,-1.0,259,0,2
259,2,-1.0,279,0,0
279,0,-1.0,379,0,0
379,4,-10.0,379,0,0
379,0,-1.0,479,0,5
479,5,20.0,475,1,0
423,1,-1.0,323,0,1
323,1,-1.0,223,0,1
223,1,-1.0,123,0,3
123,3,-1.0,103,0,1
103,1,-1.0,3,0,4
3,4,-1.0,19,0,0
19,0,-1.0,119,0,0
119,0,-1.0,219,0,1
219,2,-1.0,239,0,2
239,2,-1.0,259,0,2
259,2,-1.0,279,0,0
279,1,-1.0,179,0,0
179,0,-1.0,279,0,0
279,0,-1.0,379,0,0
379,4,-10.0,379,0,0
379,0,-1.0,479,0,5
479,5,20.0,475,1,0
388,3,-1.0,368,0,1
368,1,-1.0,268,0,2
268,3,-1.0,248,0,3
248,3,-1.0,228,0,3
228,3,-1.0,208,0,0
208,0,-1.0,308,0,0
308,0,-1.0,408,0,4
408,4,-1.0,416,0,1
416,1,-1.0,316,0,1
316,1,-1.0,216,0,1
216,1,-1.0,116,0,1
116,1,-1.0,16,0,5
16,5,20.0,0,1,0
61,0,-1.0,161,0,3
161,3,-1.0,141,0,0
141,0,-1.0,241,0,3
241,3,-1.0,221,0,1
221,1,-1.0,121,0,1
121,1,-1.0,21,0,3
21,3,-1.0,1,0,4
1,4,-1.0,17,0,0
17,0,-1.0,117,0,5
117,1,-1.0,17,0,0
17,0,-1.0,117,0,2
117,2,-1.0,137,0,0
137,0,-1.0,237,0,2
237,2,-1.0,257,0,3
257,2,-1.0,277,0,1
277,1,-1.0,177,0,2
177,2,-1.0,197,0,1
197,1,-1.0,97,0,5
97,5,20.0,85,1,0
92,0,-1.0,192,0,0
192,0,-1.0,292,0,3
292,3,-1.0,272,0,5
272,0,-1.0,372,0,0
372,0,-1.0,472,0,4
472,4,-1.0,476,0,1
476,1,-1.0,376,0,1
376,1,-1.0,276,0,3
276,3,-1.0,256,0,3
256,3,-1.0,236,0,1
236,1,-1.0,136,0,3
136,2,-1.0,136,0,3
136,3,-1.0,116,0,1
116,1,-1.0,16,0,4
16,5,20.0,0,1,0
222,1,-1.0,122,0,3
122,3,-1.0,102,0,1
102,1,-1.0,2,0,4
2,4,-1.0,18,0,0
18,0,-1.0,118,0,0
118,0,-1.0,218,0,0
218,0,-1.0,318,0,0
318,0,-1.0,418,0,5
418,5,20.0,410,1,0
411,4,-1.0,419,0,1
419,1,-1.0,319,0,1
319,1,-1.0,219,0,0
219,4,-10.0,219,0,1
219,2,-1.0,239,0,2
239,2,-1.0,259,0,2
259,2,-1.0,279,0,0
279,0,-1.0,379,0,0
379,0,-1.0,479,0,5
479,5,20.0,475,1,0
293,3,-1.0,273,0,0
273,0,-1.0,373,0,0
373,0,-1.0,473,0,4
473,4,-1.0,477,0,2
477,2,-1.0,497,0,1
497,1,-1.0,397,0,1
397,1,-1.0,297,0,1
297,3,-1.0,277,0,1
277,1,-1.0,177,0,2
177,2,-1.0,197,0,4
197,1,-1.0,97,0,5
97,5,20.0,85,1,0
91,1,-1.0,91,0,3
91,3,-1.0,71,0,0
71,0,-1.0,171,0,0
171,0,-1.0,271,0,3
271,3,-1.0,251,0,3
251,0,-1.0,351,0,1
351,1,-1.0,251,0,3
251,1,-1.0,151,0,0
151,0,-1.0,251,0,3
251,3,-1.0,231,0,3
231,3,-1.0,211,0,0
211,0,-1.0,311,0,2
311,0,-1.0,411,0,4
411,4,-1.0,419,0,1
419,1,-1.0,319,0,1
319,1,-1.0,219,0,2
219,2,-1.0,239,0,2
239,2,-1.0,259,0,2
259,2,-1.0,279,0,0
279,0,-1.0,379,0,0
379,0,-1.0,479,0,5
479,5,20.0,475,1,0
47,2,-1.0,67,0,2
67,5,-10.0,67,0,2
67,2,-1.0,87,0,4
87,4,-1.0,99,0,3
99,3,-1.0,79,0,0
79,0,-1.0,179,0,0
179,0,-1.0,279,0,0
279,0,-1.0,379,0,0
379,0,-1.0,479,0,5
479,5,20.0,475,1,0
6,0,-1.0,106,0,0
106,0,-1.0,206,0,2
206,2,-1.0,226,0,2
226,1,-1.0,126,0,0
126,0,-1.0,226,0,2
226,2,-1.0,246,0,2
246,2,-1.0,266,0,2
266,2,-1.0,286,0,1
286,1,-1.0,186,0,1
186,3,-1.0,166,0,2
166,2,-1.0,186,0,1
186,1,-1.0,86,0,4
86,4,-1.0,98,0,2
98,0,-1.0,198,0,0
198,0,-1.0,298,0,2
298,3,-1.0,278,0,3
278,3,-1.0,258,0,3
258,3,-1.0,238,0,3
238,3,-1.0,218,0,0
218,1,-1.0,118,0,0
118,0,-1.0,218,0,0
218,0,-1.0,318,0,0
318,0,-1.0,418,0,5
418,5,20.0,410,1,0
33,0,-1.0,133,0,0
133,0,-1.0,233,0,2
233,2,-1.0,253,0,2
253,2,-1.0,273,0,2
273,5,-10.0,273,0,0
273,0,-1.0,373,0,0
373,0,-1.0,473,0,4
473,4,-1.0,477,0,2
477,2,-1.0,497,0,1
497,1,-1.0,397,0,1
397,1,-1.0,297,0,1
297,1,-1.0,197,0,1
197,1,-1.0,97,0,5
97,5,20.0,85,1,0
43,0,-1.0,143,0,0
143,0,-1.0,243,0,3
243,0,-1.0,343,0,1
343,1,-1.0,243,0,3
243,3,-1.0,223,0,3
223,1,-1.0,123,0,3
123,3,-1.0,103,0,1
103,1,-1.0,3,0,4
3,4,-1.0,19,0,0
19,0,-1.0,119,0,5
119,4,-10.0,119,0,0
119,2,-1.0,139,0,0
139,0,-1.0,239,0,2
239,2,-1.0,259,0,2
259,2,-1.0,279,0,0
279,0,-1.0,379,0,0
379,0,-1.0,479,0,5
479,5,20.0,475,1,0
271,3,-1.0,251,0,3
251,3,-1.0,231,0,3
231,3,-1.0,211,0,0
211,0,-1.0,311,0,0
311,0,-1.0,411,0,4
411,4,-1.0,419,0,1
419,1,-1.0,319,0,1
319,1,-1.0,219,0,2
219,2,-1.0,239,0,2
239,2,-1.0,259,0,2
259,2,-1.0,279,0,0
279,1,-1.0,179,0,0
179,4,-10.0,179,0,0
179,0,-1.0,279,0,0
279,3,-1.0,259,0,5
259,2,-1.0,279,0,0
279,0,-1.0,379,0,0
379,0,-1.0,479,0,5
479,5,20.0,475,1,0
334,2,-1.0,354,0,1
354,1,-1.0,254,0,2
254,2,-1.0,274,0,0
274,0,-1.0,374,0,0
374,0,-1.0,474,0,1
474,4,-1.0,478,0,1
478,1,-1.0,378,0,1
378,1,-1.0,278,0,3
278,3,-1.0,258,0,3
258,3,-1.0,238,0,3
238,3,-1.0,218,0,0
218,0,-1.0,318,0,0
318,0,-1.0,418,0,5
418,5,20.0,410,1,0
62,0,-1.0,162,0,3
162,5,-10.0,162,0,3
162,3,-1.0,142,0,0
142,0,-1.0,242,0,3
242,5,-10.0,242,0,3
242,3,-1.0,222,0,1
222,1,-1.0,122,0,3
122,5,-10.0,122,0,3
122,3,-1.0,102,0,1
102,1,-1.0,2,0,4
2,4,-1.0,18,0,0
18,0,-1.0,118,0,0
118,0,-1.0,218,0,0
218,0,-1.0,318,0,0
318,0,-1.0,418,0,5
418,5,20.0,410,1,0
331,1,-1.0,231,0,3
231,3,-1.0,211,0,0
211,0,-1.0,311,0,0
311,0,-1.0,411,0,4
411,4,-1.0,419,0,1
419,1,-1.0,319,0,1
319,1,-1.0,219,0,2
219,2,-1.0,239,0,2
239,2,-1.0,259,0,2
259,2,-1.0,279,0,1
279,0,-1.0,379,0,0
379,3,-1.0,379,0,0
379,0,-1.0,479,0,5
479,5,20.0,475,1,0
61,0,-1.0,161,0,3
161,3,-1.0,141,0,4
141,0,-1.0,241,0,3
241,3,-1.0,221,0,1
221,1,-1.0,121,0,1
121,1,-1.0,21,0,3
21,3,-1.0,1,0,4
1,4,-1.0,17,0,0
17,0,-1.0,117,0,4
117,2,-1.0,137,0,0
137,0,-1.0,237,0,2
237,2,-1.0,257,0,1
257,1,-1.0,157,0,2
157,2,-1.0,177,0,2
177,2,-1.0,197,0,1
197,1,-1.0,97,0,5
97,5,20.0,85,1,0
344,1,-1.0,244,0,1
244,1,-1.0,144,0,1
144,2,-1.0,164,0,2
164,2,-1.0,184,0,1
184,1,-1.0,84,0,4
84,4,-1.0,96,0,0
96,0,-1.0,196,0,3
196,3,-1.0,176,0,0
176,5,-10.0,176,0,0
176,0,-1.0,276,0,3
276,3,-1.0,256,0,3
256,3,-1.0,236,0,1
236,1,-1.0,136,0,3
136,3,-1.0,116,0,1
116,1,-1.0,16,0,5
16,5,20.0,0,1,0
426,2,-1.0,446,0,1
446,1,-1.0,346,0,1
346,1,-1.0,246,0,2
246,2,-1.0,266,0,2
266,2,-1.0,286,0,3
286,1,-1.0,186,0,1
186,1,-1.0,86,0,4
86,4,-1.0,98,0,0
98,0,-1.0,198,0,5
198,0,-1.0,298,0,3
298,3,-1.0,278,0,3
278,3,-1.0,258,0,3
258,3,-1.0,238,0,3
238,4,-10.0,238,0,3
238,3,-1.0,218,0,0
218,0,-1.0,318,0,0
318,0,-1.0,418,0,0
418,5,20.0,410,1,0
231,3,-1.0,211,0,0
211,0,-1.0,311,0,0
311,0,-1.0,411,0,4
411,4,-1.0,419,0,1
419,1,-1.0,319,0,1
319,1,-1.0,219,0,2
219,2,-1.0,239,0,2
239,2,-1.0,259,0,2
259,4,-10.0,259,0,2
259,2,-1.0,279,0,0
279,0,-1.0,379,0,0
379,0,-1.0,479,0,5
479,5,20.0,475,1,0
442,3,-1.0,422,0,1
422,1,-1.0,322,0,1
322,1,-1.0,222,0,2
222,1,-1.0,122,0,3
122,3,-1.0,102,0,1
102,1,-1.0,2,0,3
2,4,-1.0,18,0,0
18,0,-1.0,118,0,0
118,0,-1.0,218,0,0
218,0,-1.0,318,0,0
318,0,-1.0,418,0,5
418,5,20.0,410,1,0
204,2,-1.0,224,0,2
224,4,-10.0,224,0,2
224,2,-1.0,244,0,1
244,1,-1.0,144,0,2
144,2,-1.0,164,0,2
164,2,-1.0,184,0,1
184,1,-1.0,84,0,4
84,4,-1.0,96,0,0
96,0,-1.0,196,0,3
196,3,-1.0,176,0,0
176,0,-1.0,276,0,3
276,3,-1.0,256,0,3
256,3,-1.0,236,0,1
236,1,-1.0,136,0,3
136,3,-1.0,116,0,3
116,1,-1.0,16,0,5
16,5,20.0,0,1,0
162,3,-1.0,142,0,0
142,0,-1.0,242,0,3
242,3,-1.0,222,0,1
222,1,-1.0,122,0,3
122,3,-1.0,102,0,1
102,1,-1.0,2,0,4
2,4,-1.0,18,0,0
18,0,-1.0,118,0,0
118,0,-1.0,218,0,0
218,0,-1.0,318,0,4
318,0,-1.0,418,0,5
418,1,-1.0,318,0,0
318,0,-1.0,418,0,2
418,5,20.0,410,1,0
311,0,-1.0,411,0,4
411,4,-1.0,419,0,1
419,1,-1.0,319,0,1
319,1,-1.0,219,0,2
219,2,-1.0,239,0,2
239,2,-1.0,259,0,2
259,2,-1.0,279,0,0
279,0,-1.0,379,0,0
379,0,-1.0,479,0,5
479,5,20.0,475,1,0
1,4,-1.0,17,0,0
17,0,-1.0,117,0,2
117,2,-1.0,137,0,0
137,0,-1.0,237,0,2
237,2,-1.0,257,0,1
257,1,-1.0,157,0,2
157,2,-1.0,177,0,2
177,2,-1.0,197,0,1
197,1,-1.0,97,0,5
97,5,20.0,85,1,0
413,1,-1.0,313,0,1
313,1,-1.0,213,0,2
213,2,-1.0,233,0,0
233,2,-1.0,253,0,2
253,2,-1.0,273,0,0
273,0,-1.0,373,0,0
373,0,-1.0,473,0,4
473,4,-1.0,477,0,2
477,2,-1.0,497,0,1
497,1,-1.0,397,0,1
397,1,-1.0,297,0,1
297,1,-1.0,197,0,1
197,1,-1.0,97,0,5
97,5,20.0,85,1,0
121,1,-1.0,21,0,3
21,3,-1.0,1,0,4
1,4,-1.0,17,0,0
17,0,-1.0,117,0,2
117,2,-1.0,137,0,0
137,2,-1.0,137,0,0
137,3,-1.0,117,0,2
117,2,-1.0,137,0,0
137,0,-1.0,237,0,2
237,2,-1.0,257,0,1
257,0,-1.0,357,0,1
357,5,-10.0,357,0,1
357,1,-1.0,257,0,1
257,1,-1.0,157,0,2
157,2,-1.0,177,0,2
177,2,-1.0,197,0,1
197,1,-1.0,97,0,5
97,5,20.0,85,1,0
104,2,-1.0,124,0,0
124,0,-1.0,224,0,2
224,2,-1.0,244,0,1
244,1,-1.0,144,0,2
144,2,-1.0,164,0,2
164,2,-1.0,184,0,1
184,1,-1.0,84,0,4
84,4,-1.0,96,0,0
96,2,-1.0,96,0,0
96,0,-1.0,196,0,3
196,3,-1.0,176,0,0
176,0,-1.0,276,0,3
276,3,-1.0,256,0,3
256,3,-1.0,236,0,1
236,1,-1.0,136,0,3
136,3,-1.0,116,0,1
116,1,-1.0,16,0,5
16,5,20.0,0,1,0
469,1,-1.0,369,0,1
369,1,-1.0,269,0,3
269,3,-1.0,249,0,5
249,3,-1.0,229,0,3
229,3,-1.0,209,0,0
209,0,-1.0,309,0,0
309,0,-1.0,409,0,1
409,4,-1.0,417,0,1
417,1,-1.0,317,0,1
317,5,-10.0,317,0,1
317,1,-1.0,217,0,2
217,5,-10.0,217,0,2
217,2,-1.0,237,0,2
237,2,-1.0,257,0,1
257,1,-1.0,157,0,2
157,2,-1.0,177,0,2
177,2,-1.0,197,0,0
197,1,-1.0,97,0,0
97,5,20.0,85,1,0
274,0,-1.0,374,0,4
374,3,-1.0,374,0,0
374,0,-1.0,474,0,4
474,4,-1.0,478,0,1
478,1,-1.0,378,0,1
378,1,-1.0,278,0,3
278,3,-1.0,258,0,3
258,3,-1.0,238,0,3
238,3,-1.0,218,0,1
218,0,-1.0,318,0,0
318,0,-1.0,418,0,5
418,5,20.0,410,1,0
27,0,-1.0,127,0,1
127,0,-1.0,227,0,2
227,0,-1.0,327,0,2
327,2,-1.0,347,0,1
347,1,-1.0,247,0,2
247,2,-1.0,267,0,2
267,4,-10.0,267,0,3
267,5,-10.0,267,0,2
267,2,-1.0,287,0,0
287,1,-1.0,187,0,1
187,1,-1.0,87,0,4
87,4,-1.0,99,0,3
99,3,-1.0,79,0,0
79,0,-1.0,179,0,0
179,0,-1.0,279,0,0
279,4,-10.0,279,0,0
279,0,-1.0,379,0,0
379,0,-1.0,479,0,5
479,5,20.0,475,1,0
208,0,-1.0,308,0,0
308,0,-1.0,408,0,4
408,4,-1.0,416,0,1
416,0,-1.0,416,0,4
416,1,-1.0,316,0,1
316,1,-1.0,216,0,1
216,1,-1.0,116,0,1
116,1,-1.0,16,0,5
16,5,20.0,0,1,0
271,3,-1.0,251,0,3
251,5,-10.0,251,0,3
251,3,-1.0,231,0,3
231,3,-1.0,211,0,0
211,0,-1.0,311,0,0
311,0,-1.0,411,0,4
411,4,-1.0,419,0,1
419,1,-1.0,319,0,1
319,1,-1.0,219,0,2
219,2,-1.0,239,0,2
239,2,-1.0,259,0,2
259,2,-1.0,279,0,0
279,0,-1.0,379,0,0
379,0,-1.0,479,0,5
479,4,-10.0,479,0,5
479,5,20.0,475,1,0
27,3,-1.0,7,0,2
7,2,-1.0,27,0,0
27,0,-1.0,127,0,0
127,0,-1.0,227,0,2
227,2,-1.0,247,0,2
247,2,-1.0,267,0,2
267,2,-1.0,287,0,4
287,1,-1.0,187,0,1
187,1,-1.0,87,0,4
87,4,-1.0,99,0,3
99,3,-1.0,79,0,0
79,0,-1.0,179,0,0
179,0,-1.0,279,0,0
279,0,-1.0,379,0,0
379,0,-1.0,479,0,5
479,5,20.0,475,1,0
64,2,-1.0,84,0,4
84,4,-1.0,96,0,0
96,0,-1.0,196,0,3
196,3,-1.0,176,0,0
176,0,-1.0,276,0,3
276,2,-1.0,296,0,3
296,3,-1.0,276,0,3
276,3,-1.0,256,0,3
256,3,-1.0,236,0,1
236,1,-1.0,136,0,3
136,3,-1.0,116,0,1
116,1,-1.0,16,0,5
16,5,20.0,0,1,0
411,5,-10.0,411,0,4
411,4,-1.0,419,0,3
419,1,-1.0,319,0,1
319,1,-1.0,219,0,2
219,2,-1.0,239,0,2
239,2,-1.0,259,0,2
259,2,-1.0,279,0,0
279,0,-1.0,379,0,5
379,0,-1.0,479,0,5
479,5,20.0,475,1,0
172,1,-1.0,72,0,0
72,0,-1.0,172,0,0
172,0,-1.0,272,0,0
272,0,-1.0,372,0,0
372,0,-1.0,472,0,4
472,4,-1.0,476,0,1
476,4,-10.0,476,0,1
476,1,-1.0,376,0,1
376,1,-1.0,276,0,3
276,3,-1.0,256,0,3
256,3,-1.0,236,0,1
236,1,-1.0,136,0,3
136,3,-1.0,116,0,1
116,1,-1.0,16,0,4
16,5,20.0,0,1,0
87,0,-1.0,187,0,1
187,1,-1.0,87,0,4
87,4,-1.0,99,0,3
99,3,-1.0,79,0,0
79,0,-1.0,179,0,3
179,0,-1.0,279,0,0
279,0,-1.0,379,0,2
379,0,-1.0,479,0,5
479,5,20.0,475,1,0
83,0,-1.0,183,0,3
183,3,-1.0,163,0,0
163,0,-1.0,263,0,3
263,3,-1.0,243,0,3
243,3,-1.0,223,0,1
223,1,-1.0,123,0,3
123,3,-1.0,103,0,1
103,1,-1.0,3,0,4
3,0,-1.0,103,0,1
103,1,-1.0,3,0,4
3,4,-1.0,19,0,0
19,0,-1.0,119,0,0
119,0,-1.0,219,0,2
219,2,-1.0,239,0,2
239,2,-1.0,259,0,2
259,2,-1.0,279,0,0
279,0,-1.0,379,0,0
379,0,-1.0,479,0,5
479,5,20.0,475,1,0
423,1,-1.0,323,0,1
323,1,-1.0,223,0,1
223,1,-1.0,123,0,3
123,3,-1.0,103,0,1
103,1,-1.0,3,0,4
3,4,-1.0,19,0,0
19,0,-1.0,119,0,0
119,0,-1.0,219,0,2
219,2,-1.0,239,0,2
239,2,-1.0,259,0,2
259,2,-1.0,279,0,0
279,0,-1.0,379,0,0
379,0,-1.0,479,0,5
479,5,20.0,475,1,0
214,2,-1.0,234,0,2
234,1,-1.0,134,0,0
134,0,-1.0,234,0,2
234,2,-1.0,254,0,2
254,2,-1.0,274,0,0
274,0,-1.0,374,0,0
374,0,-1.0,474,0,4
474,4,-1.0,478,0,1
478,1,-1.0,378,0,1
378,1,-1.0,278,0,3
278,3,-1.0,258,0,3
258,3,-1.0,238,0,3
238,3,-1.0,218,0,0
218,0,-1.0,318,0,0
318,0,-1.0,418,0,5
418,5,20.0,410,1,0
83,0,-1.0,183,0,3
183,3,-1.0,163,0,0
163,0,-1.0,263,0,3
263,3,-1.0,243,0,3
243,0,-1.0,343,0,1
343,1,-1.0,243,0,3
243,3,-1.0,223,0,1
223,1,-1.0,123,0,3
123,3,-1.0,103,0,1
103,5,-10.0,103,0,1
103,1,-1.0,3,0,5
3,4,-1.0,19,0,0
19,0,-1.0,119,0,0
119,0,-1.0,219,0,2
219,2,-1.0,239,0,2
239,2,-1.0,259,0,2
259,2,-1.0,279,0,0
279,0,-1.0,379,0,0
379,0,-1.0,479,0,5
479,5,20.0,475,1,0
143,0,-1.0,243,0,3
243,3,-1.0,223,0,1
223,5,-10.0,223,0,1
223,1,-1.0,123,0,3
123,3,-1.0,103,0,1
103,1,-1.0,3,0,4
3,4,-1.0,19,0,5
19,2,-1.0,39,0,0
39,0,-1.0,139,0,0
139,0,-1.0,239,0,2
239,2,-1.0,259,0,2
259,2,-1.0,279,0,0
279,0,-1.0,379,0,0
379,5,-10.0,379,0,0
379,0,-1.0,479,0,5
479,5,20.0,475,1,0
312,1,-1.0,212,0,2
212,2,-1.0,232,0,2
232,2,-1.0,252,0,2
252,2,-1.0,272,0,0
272,0,-1.0,372,0,0
372,0,-1.0,472,0,4
472,4,-1.0,476,0,1
476,1,-1.0,376,0,1
376,1,-1.0,276,0,3
276,4,-10.0,276,0,3
276,2,-1.0,296,0,3
296,3,-1.0,276,0,3
276,3,-1.0,256,0,3
256,3,-1.0,236,0,1
236,1,-1.0,136,0,3
136,3,-1.0,116,0,1
116,1,-1.0,16,0,5
16,5,20.0,0,1,0
101,1,-1.0,1,0,4
1,4,-1.0,17,0,0
17,0,-1.0,117,0,2
117,2,-1.0,137,0,0
137,0,-1.0,237,0,2
237,0,-1.0,337,0,1
337,1,-1.0,237,0,2
237,2,-1.0,257,0,1
257,1,-1.0,157,0,2
157,2,-1.0,177,0,2
177,2,-1.0,197,0,1
197,1,-1.0,97,0,5
97,5,20.0,85,1,0
288,3,-1.0,268,0,3
268,3,-1.0,248,0,3
248,3,-1.0,228,0,3
228,3,-1.0,208,0,0
208,0,-1.0,308,0,0
308,0,-1.0,408,0,4
408,4,-1.0,416,0,0
416,1,-1.0,316,0,3
316,1,-1.0,216,0,1
216,1,-1.0,116,0,1
116,1,-1.0,16,0,5
16,5,20.0,0,1,0
46,2,-1.0,66,0,2
66,2,-1.0,86,0,4
86,4,-1.0,98,0,0
98,0,-1.0,198,0,0
198,0,-1.0,298,0,1
298,3,-1.0,278,0,3
278,3,-1.0,258,0,3
258,3,-1.0,238,0,3
238,3,-1.0,218,0,0
218,0,-1.0,318,0,5
318,4,-10.0,318,0,0
318,0,-1.0,418,0,5
418,5,20.0,410,1,0
51,0,-1.0,151,0,4
151,0,-1.0,251,0,3
251,3,-1.0,231,0,3
231,3,-1.0,211,0,0
211,0,-1.0,311,0,0
311,0,-1.0,411,0,2
411,4,-1.0,419,0,1
419,1,-1.0,319,0,1
319,1,-1.0,219,0,5
219,2,-1.0,239,0,2
239,2,-1.0,259,0,2
259,2,-1.0,279,0,0
279,2,-1.0,299,0,3
299,3,-1.0,279,0,0
279,0,-1.0,379,0,0
379,0,-1.0,479,0,5
479,5,20.0,475,1,0
103,1,-1.0,3,0,0
3,0,-1.0,103,0,1
103,1,-1.0,3,0,4
3,4,-1.0,19,0,3
19,0,-1.0,119,0,4
119,0,-1.0,219,0,2
219,2,-1.0,239,0,2
239,2,-1.0,259,0,2
259,2,-1.0,279,0,0
279,0,-1.0,379,0,0
379,0,-1.0,479,0,5
479,5,20.0,475,1,0
223,1,-1.0,123,0,3
123,3,-1.0,103,0,1
103,1,-1.0,3,0,0
3,4,-1.0,19,0,0
19,0,-1.0,119,0,0
119,0,-1.0,219,0,2
219,2,-1.0,239,0,2
239,2,-1.0,259,0,2
259,2,-1.0,279,0,0
279,0,-1.0,379,0,0
379,0,-1.0,479,0,5
479,5,20.0,475,1,0
134,0,-1.0,234,0,1
234,2,-1.0,254,0,2
254,2,-1.0,274,0,0
274,2,-1.0,294,0,3
294,3,-1.0,274,0,0
274,0,-1.0,374,0,0
374,0,-1.0,474,0,4
474,4,-1.0,478,0,1
478,1,-1.0,378,0,1
378,1,-1.0,278,0,3
278,3,-1.0,258,0,3
258,3,-1.0,238,0,3
238,3,-1.0,218,0,0
218,0,-1.0,318,0,0
318,0,-1.0,418,0,5
418,5,20.0,410,1,0
84,4,-1.0,96,0,3
96,0,-1.0,196,0,3
196,0,-1.0,296,0,1
296,3,-1.0,276,0,3
276,3,-1.0,256,0,3
256,3,-1.0,236,0,1
236,3,-1.0,216,0,1
216,1,-1.0,116,0,1
116,1,-1.0,16,0,5
16,5,20.0,0,1,0
188,0,-1.0,288,0,3
288,3,-1.0,268,0,3
268,2,-1.0,288,0,3
288,3,-1.0,268,0,3
268,3,-1.0,248,0,2
248,3,-1.0,228,0,3
228,3,-1.0,208,0,0
208,0,-1.0,308,0,0
308,0,-1.0,408,0,4
408,4,-1.0,416,0,5
416,1,-1.0,316,0,1
316,1,-1.0,216,0,1
216,5,-10.0,216,0,1
216,1,-1.0,116,0,1
116,1,-1.0,16,0,5
16,1,-1.0,16,0,5
16,5,20.0,0,1,0
489,1,-1.0,389,0,1
389,1,-1.0,289,0,3
289,3,-1.0,269,0,3
269,3,-1.0,249,0,3
249,3,-1.0,229,0,4
229,3,-1.0,209,0,0
209,0,-1.0,309,0,3
309,0,-1.0,409,0,2
409,4,-1.0,417,0,1
417,1,-1.0,317,0,1
317,1,-1.0,217,0,2
217,0,-1.0,317,0,1
317,1,-1.0,217,0,2
217,2,-1.0,237,0,2
237,2,-1.0,257,0,1
257,1,-1.0,157,0,2
157,2,-1.0,177,0,2
177,2,-1.0,197,0,1
197,1,-1.0,97,0,5
97,5,20.0,85,1,0
211,0,-1.0,311,0,0
311,0,-1.0,411,0,4
411,4,-1.0,419,0,1
419,1,-1.0,319,0,1
319,1,-1.0,219,0,0
219,2,-1.0,239,0,2
239,2,-1.0,259,0,2
259,2,-1.0,279,0,0
279,0,-1.0,379,0,0
379,0,-1.0,479,0,5
479,5,20.0,475,1,0
313,1,-1.0,213,0,2
213,2,-1.0,233,0,2
233,2,-1.0,253,0,2
253,2,-1.0,273,0,0
273,0,-1.0,373,0,0
373,0,-1.0,473,0,4
473,4,-1.0,477,0,2
477,2,-1.0,497,0,1
497,1,-1.0,397,0,1
397,1,-1.0,297,0,1
297,1,-1.0,197,0,2
197,1,-1.0,97,0,1
97,5,20.0,85,1,0
249,3,-1.0,229,0,3
229,3,-1.0,209,0,0
209,0,-1.0,309,0,0
309,0,-1.0,409,0,4
409,4,-1.0,417,0,1
417,1,-1.0,317,0,1
317,1,-1.0,217,0,2
217,2,-1.0,237,0,2
237,2,-1.0,257,0,1
257,1,-1.0,157,0,2
157,2,-1.0,177,0,2
177,2,-1.0,197,0,1
197,1,-1.0,97,0,5
97,5,20.0,85,1,0
253,2,-1.0,273,0,0
273,0,-1.0,373,0,0
373,0,-1.0,473,0,4
473,4,-1.0,477,0,2
477,2,-1.0,497,0,1
497,1,-1.0,397,0,1
397,1,-1.0,297,0,1
297,1,-1.0,197,0,1
197,1,-1.0,97,0,5
97,5,20.0,85,1,0
188,2,-1.0,188,0,0
188,0,-1.0,288,0,3
288,3,-1.0,268,0,3
268,3,-1.0,248,0,3
248,3,-1.0,228,0,3
228,4,-10.0,228,0,3
228,3,-1.0,208,0,0
208,0,-1.0,308,0,0
308,0,-1.0,408,0,4
408,4,-1.0,416,0,1
416,1,-1.0,316,0,1
316,1,-1.0,216,0,1
216,1,-1.0,116,0,1
116,1,-1.0,16,0,5
16,5,20.0,0,1,0
141,0,-1.0,241,0,2
241,3,-1.0,221,0,1
221,1,-1.0,121,0,1
121,1,-1.0,21,0,3
21,3,-1.0,1,0,4
1,4,-1.0,17,0,0
17,0,-1.0,117,0,2
117,2,-1.0,137,0,0
137,0,-1.0,237,0,2
237,2,-1.0,257,0,1
257,1,-1.0,157,0,4
157,2,-1.0,177,0,5
177,2,-1.0,197,0,1
197,1,-1.0,97,0,5
97,5,20.0,85,1,0
174,0,-1.0,274,0,0
274,0,-1.0,374,0,0
374,0,-1.0,474,0,4
474,4,-1.0,478,0,1
478,1,-1.0,378,0,1
378,1,-1.0,278,0,3
278,3,-1.0,258,0,3
258,3,-1.0,238,0,3
238,3,-1.0,218,0,0
218,0,-1.0,318,0,0
318,3,-1.0,318,0,0
318,0,-1.0,418,0,5
418,1,-1.0,318,0,0
318,0,-1.0,418,0,5
418,5,20.0,410,1,0
184,1,-1.0,84,0,5
84,4,-1.0,96,0,0
96,0,-1.0,196,0,3
196,3,-1.0,176,0,0
176,0,-1.0,276,0,3
276,3,-1.0,256,0,3
256,3,-1.0,236,0,1
236,4,-10.0,236,0,1
236,1,-1.0,136,0,1
136,3,-1.0,116,0,1
116,1,-1.0,16,0,5
16,5,20.0,0,1,0
224,2,-1.0,244,0,1
244,1,-1.0,144,0,2
144,2,-1.0,164,0,2
164,2,-1.0,184,0,1
184,1,-1.0,84,0,4
84,4,-1.0,96,0,2
96,0,-1.0,196,0,3
196,3,-1.0,176,0,0
176,0,-1.0,276,0,3
276,3,-1.0,256,0,3
256,3,-1.0,236,0,1
236,5,-10.0,236,0,1
236,1,-1.0,136,0,3
136,3,-1.0,116,0,1
116,1,-1.0,16,0,5
16,5,20.0,0,1,0
14,0,-1.0,114,0,2
114,2,-1.0,134,0,0
134,0,-1.0,234,0,2
234,2,-1.0,254,0,2
254,2,-1.0,274,0,0
274,0,-1.0,374,0,0
374,0,-1.0,474,0,4
474,4,-1.0,478,0,1
478,1,-1.0,378,0,1
378,2,-1.0,398,0,1
398,1,-1.0,298,0,3
298,3,-1.0,278,0,3
278,3,-1.0,258,0,3
258,3,-1.0,238,0,3
238,3,-1.0,218,0,0
218,0,-1.0,318,0,4
318,0,-1.0,418,0,5
418,5,20.0,410,1,0
483,3,-1.0,463,0,1
463,1,-1.0,363,0,1
363,1,-1.0,263,0,3
263,3,-1.0,243,0,3
243,3,-1.0,223,0,1
223,1,-1.0,123,0,3
123,3,-1.0,103,0,1
103,1,-1.0,3,0,2
3,4,-1.0,19,0,0
19,0,-1.0,119,0,0
119,0,-1.0,219,0,2
219,2,-1.0,239,0,2
239,2,-1.0,259,0,2
259,2,-1.0,279,0,0
279,0,-1.0,379,0,0
379,0,-1.0,479,0,5
479,5,20.0,475,1,0
429,1,-1.0,329,0,1
329,1,-1.0,229,0,3
229,3,-1.0,209,0,0
209,0,-1.0,309,0,0
309,0,-1.0,409,0,4
409,4,-1.0,417,0,2
417,1,-1.0,317,0,1
317,1,-1.0,217,0,2
217,2,-1.0,237,0,2
237,2,-1.0,257,0,1
257,1,-1.0,157,0,2
157,4,-10.0,157,0,2
157,2,-1.0,177,0,2
177,2,-1.0,197,0,1
197,1,-1.0,97,0,5
97,5,20.0,85,1,0
192,0,-1.0,292,0,3
292,3,-1.0,272,0,0
272,0,-1.0,372,0,0
372,0,-1.0,472,0,4
472,0,-1.0,472,0,4
472,4,-1.0,476,0,1
476,1,-1.0,376,0,1
376,1,-1.0,276,0,3
276,0,-1.0,376,0,1
376,1,-1.0,276,0,3
276,3,-1.0,256,0,3
256,3,-1.0,236,0,4
236,1,-1.0,136,0,3
136,3,-1.0,116,0,4
116,1,-1.0,16,0,5
16,2,-1.0,36,0,3
36,3,-1.0,16,0,2
16,5,20.0,0,1,0
42,0,-1.0,142,0,0
142,0,-1.0,242,0,3
242,3,-1.0,222,0,1
222,1,-1.0,122,0,3
122,3,-1.0,102,0,1
102,2,-1.0,122,0,3
122,2,-1.0,122,0,3
122,3,-1.0,102,0,1
102,1,-1.0,2,0,4
2,4,-1.0,18,0,0
18,0,-1.0,118,0,0
118,0,-1.0,218,0,0
218,0,-1.0,318,0,0
318,0,-1.0,418,0,5
418,5,20.0,410,1,0
282,3,-1.0,262,0,3
262,3,-1.0,242,0,3
242,3,-1.0,222,0,1
222,1,-1.0,122,0,3
122,3,-1.0,102,0,1
102,1,-1.0,2,0,4
2,4,-1.0,18,0,0
18,0,-1.0,118,0,1
118,0,-1.0,218,0,0
218,0,-1.0,318,0,0
318,0,-1.0,418,0,5
418,5,20.0,410,1,0
454,1,-1.0,354,0,1
354,1,-1.0,254,0,2
254,2,-1.0,274,0,0
274,0,-1.0,374,0,0
374,0,-1.0,474,0,4
474,4,-1.0,478,0,1
478,5,-1.0,474,0,2
474,4,-1.0,478,0,1
478,1,-1.0,378,0,1
378,1,-1.0,278,0,3
278,3,-1.0,258,0,2
258,3,-1.0,238,0,3
238,3,-1.0,218,0,0
218,0,-1.0,318,0,0
318,0,-1.0,418,0,5
418,5,20.0,410,1,0
232,2,-1.0,252,0,0
252,2,-1.0,272,0,0
272,0,-1.0,372,0,0
372,0,-1.0,472,0,4
472,4,-1.0,476,0,1
476,1,-1.0,376,0,1
376,1,-1.0,276,0,3
276,3,-1.0,256,0,3
256,3,-1.0,236,0,1
236,1,-1.0,136,0,3
136,3,-1.0,116,0,2
116,1,-1.0,16,0,5
16,5,20.0,0,1,0
211,0,-1.0,311,0,0
311,0,-1.0,411,0,4
411,4,-1.0,419,0,1
419,1,-1.0,319,0,1
319,1,-1.0,219,0,2
219,2,-1.0,239,0,2
239,2,-1.0,259,0,2
259,2,-1.0,279,0,0
279,0,-1.0,379,0,0
379,0,-1.0,479,0,5
479,1,-1.0,379,0,0
379,0,-1.0,479,0,5
479,5,20.0,475,1,0
231,3,-1.0,211,0,0
211,0,-1.0,311,0,0
311,0,-1.0,411,0,2
411,4,-1.0,419,0,1
419,1,-1.0,319,0,1
319,3,-1.0,319,0,1
319,1,-1.0,219,0,2
219,2,-1.0,239,0,2
239,2,-1.0,259,0,2
259,2,-1.0,279,0,0
279,0,-1.0,379,0,0
379,0,-1.0,479,0,5
479,5,20.0,475,1,0
423,1,-1.0,323,0,1
323,1,-1.0,223,0,5
223,1,-1.0,123,0,3
123,3,-1.0,103,0,1
103,1,-1.0,3,0,4
3,4,-1.0,19,0,0
19,0,-1.0,119,0,0
119,0,-1.0,219,0,2
219,2,-1.0,239,0,2
239,2,-1.0,259,0,2
259,2,-1.0,279,0,0
279,0,-1.0,379,0,0
379,0,-1.0,479,0,5
479,5,20.0,475,1,0
454,1,-1.0,354,0,2
354,1,-1.0,254,0,2
254,2,-1.0,274,0,0
274,0,-1.0,374,0,0
374,0,-1.0,474,0,4
474,4,-1.0,478,0,1
478,1,-1.0,378,0,1
378,1,-1.0,278,0,3
278,3,-1.0,258,0,2
258,3,-1.0,238,0,3
238,3,-1.0,218,0,4
218,0,-1.0,318,0,0
318,0,-1.0,418,0,5
418,5,20.0,410,1,0
374,0,-1.0,474,0,4
474,4,-1.0,478,0,1
478,4,-10.0,478,0,1
478,1,-1.0,378,0,1
378,1,-1.0,278,0,3
278,3,-1.0,258,0,3
258,3,-1.0,238,0,3
238,3,-1.0,218,0,2
218,0,-1.0,318,0,0
318,0,-1.0,418,0,5
418,5,20.0,410,1,0
106,0,-1.0,206,0,2
206,2,-1.0,226,0,2
226,2,-1.0,246,0,2
246,2,-1.0,266,0,2
266,2,-1.0,286,0,1
286,0,-1.0,386,0,1
386,1,-1.0,286,0,1
286,1,-1.0,186,0,1
186,1,-1.0,86,0,4
86,4,-1.0,98,0,0
98,0,-1.0,198,0,4
198,0,-1.0,298,0,3
298,3,-1.0,278,0,3
278,3,-1.0,258,0,3
258,3,-1.0,238,0,3
238,3,-1.0,218,0,0
218,2,-1.0,238,0,3
238,5,-10.0,238,0,3
238,3,-1.0,218,0,0
218,0,-1.0,318,0,0
318,0,-1.0,418,0,1
418,5,20.0,410,1,0
34,5,-10.0,34,0,0
34,0,-1.0,134,0,0
134,0,-1.0,234,0,0
234,2,-1.0,254,0,2
254,2,-1.0,274,0,0
274,0,-1.0,374,0,0
374,0,-1.0,474,0,4
474,4,-1.0,478,0,1
478,1,-1.0,378,0,1
378,1,-1.0,278,0,3
278,3,-1.0,258,0,3
258,3,-1.0,238,0,3
238,3,-1.0,218,0,0
218,0,-1.0,318,0,0
318,0,-1.0,418,0,5
418,5,20.0,410,1,0
53,0,-1.0,153,0,0
153,0,-1.0,253,0,2
253,2,-1.0,273,0,0
273,0,-1.0,373,0,0
373,0,-1.0,473,0,4
473,4,-1.0,477,0,2
477,2,-1.0,497,0,1
497,1,-1.0,397,0,1
397,1,-1.0,297,0,1
297,1,-1.0,197,0,1
197,1,-1.0,97,0,5
97,5,20.0,85,1,0
148,0,-1.0,248,0,3
248,3,-1.0,228,0,3
228,3,-1.0,208,0,0
208,0,-1.0,308,0,0
308,0,-1.0,408,0,4
408,4,-1.0,416,0,1
416,5,-1.0,408,0,4
408,4,-1.0,416,0,1
416,1,-1.0,316,0,1
316,1,-1.0,216,0,1
216,1,-1.0,116,0,1
116,1,-1.0,16,0,5
16,5,20.0,0,1,0
486,1,-1.0,386,0,0
386,1,-1.0,286,0,1
286,5,-10.0,286,0,1
286,1,-1.0,186,0,1
186,1,-1.0,86,0,4
86,3,-1.0,66,0,2
66,0,-1.0,166,0,2
166,2,-1.0,186,0,1
186,1,-1.0,86,0,4
86,4,-1.0,98,0,0
98,0,-1.0,198,0,0
198,0,-1.0,298,0,3
298,3,-1.0,278,0,3
278,3,-1.0,258,0,3
258,3,-1.0,238,0,3
238,3,-1.0,218,0,0
218,0,-1.0,318,0,0
318,0,-1.0,418,0,5
418,5,20.0,410,1,0
252,2,-1.0,272,0,0
272,0,-1.0,372,0,0
372,0,-1.0,472,0,4
472,4,-1.0,476,0,1
476,1,-1.0,376,0,1
376,1,-1.0,276,0,3
276,3,-1.0,256,0,3
256,3,-1.0,236,0,1
236,1,-1.0,136,0,3
136,3,-1.0,116,0,1
116,1,-1.0,16,0,5
16,5,20.0,0,1,0
73,2,-1.0,93,0,0
93,0,-1.0,193,0,0
193,0,-1.0,293,0,3
293,3,-1.0,273,0,0
273,0,-1.0,373,0,0
373,0,-1.0,473,0,4
473,4,-1.0,477,0,2
477,5,-1.0,473,0,4
473,4,-1.0,477,0,1
477,2,-1.0,497,0,1
497,1,-1.0,397,0,1
397,1,-1.0,297,0,1
297,1,-1.0,197,0,5
197,1,-1.0,97,0,5
97,5,20.0,85,1,0
301,1,-1.0,201,0,1
201,1,-1.0,101,0,1
101,1,-1.0,1,0,4
1,4,-1.0,17,0,0
17,2,-1.0,37,0,0
37,0,-1.0,137,0,0
137,0,-1.0,237,0,2
237,2,-1.0,257,0,4
257,1,-1.0,157,0,2
157,2,-1.0,177,0,2
177,2,-1.0,197,0,1
197,1,-1.0,97,0,5
97,5,20.0,85,1,0
249,3,-1.0,229,0,3
229,3,-1.0,209,0,0
209,1,-1.0,109,0,5
109,0,-1.0,209,0,0
209,0,-1.0,309,0,0
309,0,-1.0,409,0,4
409,4,-1.0,417,0,1
417,1,-1.0,317,0,1
317,1,-1.0,217,0,2
217,2,-1.0,237,0,2
237,2,-1.0,257,0,1
257,1,-1.0,157,0,2
157,2,-1.0,177,0,2
177,2,-1.0,197,0,2
197,1,-1.0,97,0,5
97,5,20.0,85,1,0
453,1,-1.0,353,0,1
353,1,-1.0,253,0,2
253,2,-1.0,273,0,0
273,0,-1.0,373,0,0
373,0,-1.0,473,0,4
473,4,-1.0,477,0,2
477,2,-1.0,497,0,1
497,1,-1.0,397,0,1
397,1,-1.0,297,0,1
297,1,-1.0,197,0,1
197,1,-1.0,97,0,5
97,0,-1.0,197,0,1
197,1,-1.0,97,0,5
97,5,20.0,85,1,0
469,1,-1.0,369,0,1
369,1,-1.0,269,0,3
269,2,-1.0,289,0,3
289,3,-1.0,269,0,3
269,3,-1.0,249,0,3
249,3,-1.0,229,0,3
229,5,-10.0,229,0,3
229,3,-1.0,209,0,0
209,5,-10.0,209,0,0
209,0,-1.0,309,0,0
309,0,-1.0,409,0,4
409,4,-1.0,417,0,1
417,1,-1.0,317,0,1
317,1,-1.0,217,0,2
217,2,-1.0,237,0,2
237,2,-1.0,257,0,1
257,3,-1.0,237,0,2
237,2,-1.0,257,0,2
257,1,-1.0,157,0,2
157,2,-1.0,177,0,2
177,2,-1.0,197,0,1
197,1,-1.0,97,0,5
97,5,20.0,85,1,0
151,0,-1.0,251,0,3
251,3,-1.0,231,0,3
231,3,-1.0,211,0,0
211,0,-1.0,311,0,0
311,1,-1.0,211,0,0
211,0,-1.0,311,0,0
311,0,-1.0,411,0,3
411,5,-10.0,411,0,4
411,4,-1.0,419,0,1
419,1,-1.0,319,0,1
319,1,-1.0,219,0,2
219,2,-1.0,239,0,2
239,2,-1.0,259,0,2
259,5,-10.0,259,0,2
259,2,-1.0,279,0,0
279,0,-1.0,379,0,0
379,0,-1.0,479,0,5
479,5,20.0,475,1,0
493,4,-10.0,493,0,3
493,3,-1.0,473,0,4
473,4,-1.0,477,0,2
477,2,-1.0,497,0,1
497,1,-1.0,397,0,1
397,1,-1.0,297,0,1
297,1,-1.0,197,0,5
197,1,-1.0,97,0,5
97,5,20.0,85,1,0
51,0,-1.0,151,0,0
151,0,-1.0,251,0,3
251,3,-1.0,231,0,3
231,3,-1.0,211,0,0
211,0,-1.0,311,0,0
311,0,-1.0,411,0,4
411,4,-1.0,419,0,1
419,1,-1.0,319,0,4
319,1,-1.0,219,0,2
219,2,-1.0,239,0,2
239,2,-1.0,259,0,0
259,2,-1.0,279,0,0
279,4,-10.0,279,0,0
279,0,-1.0,379,0,0
379,0,-1.0,479,0,5
479,5,20.0,475,1,0
44,2,-1.0,64,0,2
64,1,-1.0,64,0,2
64,2,-1.0,84,0,4
84,4,-1.0,96,0,0
96,0,-1.0,196,0,3
196,3,-1.0,176,0,0
176,0,-1.0,276,0,3
276,3,-1.0,256,0,3
256,3,-1.0,236,0,1
236,1,-1.0,136,0,3
136,1,-1.0,36,0,3
36,3,-1.0,16,0,5
16,5,20.0,0,1,0
346,1,-1.0,246,0,1
246,2,-1.0,266,0,2
266,4,-10.0,266,0,2
266,2,-1.0,286,0,1
286,1,-1.0,186,0,3
186,1,-1.0,86,0,4
86,4,-1.0,98,0,0
98,0,-1.0,198,0,0
198,0,-1.0,298,0,3
298,3,-1.0,278,0,3
278,1,-1.0,178,0,4
178,0,-1.0,278,0,3
278,3,-1.0,258,0,5
258,3,-1.0,238,0,3
238,3,-1.0,218,0,0
218,0,-1.0,318,0,0
318,0,-1.0,418,0,5
418,5,20.0,410,1,0
26,0,-1.0,126,0,0
126,0,-1.0,226,0,2
226,2,-1.0,246,0,2
246,2,-1.0,266,0,2
266,2,-1.0,286,0,1
286,1,-1.0,186,0,1
186,1,-1.0,86,0,4
86,4,-1.0,98,0,0
98,0,-1.0,198,0,0
198,0,-1.0,298,0,2
298,3,-1.0,278,0,3
278,3,-1.0,258,0,3
258,3,-1.0,238,0,3
238,3,-1.0,218,0,0
218,0,-1.0,318,0,0
318,0,-1.0,418,0,5
418,5,20.0,410,1,0
288,3,-1.0,268,0,3
268,3,-1.0,248,0,3
248,3,-1.0,228,0,3
228,3,-1.0,208,0,0
208,0,-1.0,308,0,0
308,0,-1.0,408,0,4
408,4,-1.0,416,0,1
416,1,-1.0,316,0,1
316,1,-1.0,216,0,1
216,1,-1.0,116,0,1
116,1,-1.0,16,0,5
16,5,20.0,0,1,0
188,0,-1.0,288,0,2
288,3,-1.0,268,0,3
268,3,-1.0,248,0,3
248,3,-1.0,228,0,3
228,3,-1.0,208,0,0
208,0,-1.0,308,0,0
308,0,-1.0,408,0,4
408,2,-1.0,408,0,4
408,4,-1.0,416,0,1
416,1,-1.0,316,0,1
316,1,-1.0,216,0,2
216,1,-1.0,116,0,1
116,1,-1.0,16,0,5
16,5,20.0,0,1,0
201,1,-1.0,101,0,1
101,1,-1.0,1,0,4
1,4,-1.0,17,0,0
17,0,-1.0,117,0,4
117,2,-1.0,137,0,0
137,2,-1.0,137,0,0
137,0,-1.0,237,0,2
237,2,-1.0,257,0,1
257,1,-1.0,157,0,2
157,2,-1.0,177,0,2
177,2,-1.0,197,0,1
197,3,-1.0,177,0,1
177,2,-1.0,197,0,1
197,1,-1.0,97,0,5
97,5,20.0,85,1,0
133,0,-1.0,233,0,2
233,2,-1.0,253,0,2
253,2,-1.0,273,0,0
273,0,-1.0,373,0,0
373,0,-1.0,473,0,3
473,4,-1.0,477,0,2
477,2,-1.0,497,0,1
497,1,-1.0,397,0,1
397,1,-1.0,297,0,1
297,1,-1.0,197,0,1
197,1,-1.0,97,0,5
97,5,20.0,85,1,0
322,1,-1.0,222,0,1
222,1,-1.0,122,0,2
122,3,-1.0,102,0,1
102,1,-1.0,2,0,4
2,4,-1.0,18,0,0
18,0,-1.0,118,0,0
118,0,-1.0,218,0,0
218,0,-1.0,318,0,0
318,0,-1.0,418,0,5
418,5,20.0,410,1,0
153,0,-1.0,253,0,2
253,2,-1.0,273,0,0
273,0,-1.0,373,0,0
373,0,-1.0,473,0,4
473,4,-1.0,477,0,5
477,0,-1.0,477,0,2
477,1,-1.0,377,0,2
377,3,-1.0,377,0,2
377,2,-1.0,397,0,1
397,1,-1.0,297,0,1
297,1,-1.0,197,0,1
197,1,-1.0,97,0,5
97,5,20.0,85,1,0
348,1,-1.0,248,0,3
248,3,-1.0,228,0,3
228,3,-1.0,208,0,0
208,0,-1.0,308,0,0
308,0,-1.0,408,0,4
408,4,-1.0,416,0,1
416,1,-1.0,316,0,1
316,1,-1.0,216,0,1
216,1,-1.0,116,0,1
116,1,-1.0,16,0,2
16,5,20.0,0,1,0
232,5,-10.0,232,0,4
232,2,-1.0,252,0,2
252,2,-1.0,272,0,0
272,0,-1.0,372,0,0
372,0,-1.0,472,0,4
472,2,-1.0,492,0,3
492,3,-1.0,472,0,4
472,4,-1.0,476,0,1
476,1,-1.0,376,0,1
376,1,-1.0,276,0,2
276,3,-1.0,256,0,3
256,3,-1.0,236,0,1
236,1,-1.0,136,0,3
136,3,-1.0,116,0,1
116,1,-1.0,16,0,5
16,5,20.0,0,1,0
67,2,-1.0,87,0,4
87,4,-1.0,99,0,3
99,3,-1.0,79,0,0
79,0,-1.0,179,0,0
179,0,-1.0,279,0,0
279,0,-1.0,379,0,2
379,0,-1.0,479,0,5
479,5,20.0,475,1,0
293,4,-10.0,293,0,3
293,3,-1.0,273,0,0
273,0,-1.0,373,0,0
373,0,-1.0,473,0,4
473,4,-1.0,477,0,2
477,2,-1.0,497,0,1
497,1,-1.0,397,0,1
397,1,-1.0,297,0,1
297,1,-1.0,197,0,1
197,1,-1.0,97,0,5
97,5,20.0,85,1,0
432,1,-1.0,332,0,1
332,4,-10.0,332,0,1
332,5,-10.0,332,0,1
332,1,-1.0,232,0,2
232,2,-1.0,252,0,2
252,1,-1.0,152,0,2
152,2,-1.0,172,0,0
172,0,-1.0,272,0,0
272,0,-1.0,372,0,0
372,0,-1.0,472,0,4
472,4,-1.0,476,0,1
476,1,-1.0,376,0,1
376,1,-1.0,276,0,3
276,3,-1.0,256,0,3
256,3,-1.0,236,0,1
236,1,-1.0,136,0,3
136,3,-1.0,116,0,0
116,1,-1.0,16,0,5
16,5,20.0,0,1,0
426,2,-1.0,446,0,1
446,2,-1.0,446,0,1
446,1,-1.0,346,0,4
346,1,-1.0,246,0,2
246,2,-1.0,266,0,1
266,2,-1.0,286,0,1
286,3,-1.0,266,0,2
266,2,-1.0,286,0,1
286,1,-1.0,186,0,1
186,1,-1.0,86,0,4
86,4,-1.0,98,0,4
98,0,-1.0,198,0,0
198,0,-1.0,298,0,3
298,3,-1.0,278,0,3
278,3,-1.0,258,0,0
258,3,-1.0,238,0,3
238,3,-1.0,218,0,0
218,0,-1.0,318,0,0
318,0,-1.0,418,0,3
418,5,20.0,410,1,0
394,3,-1.0,374,0,0
374,0,-1.0,474,0,5
474,4,-1.0,478,0,1
478,1,-1.0,378,0,4
378,1,-1.0,278,0,3
278,3,-1.0,258,0,3
258,3,-1.0,238,0,2
238,3,-1.0,218,0,0
218,0,-1.0,318,0,0
318,0,-1.0,418,0,5
418,5,20.0,410,1,0
46,2,-1.0,66,0,2
66,2,-1.0,86,0,4
86,4,-1.0,98,0,0
98,2,-1.0,98,0,0
98,0,-1.0,198,0,0
198,5,-10.0,198,0,0
198,0,-1.0,298,0,3
298,3,-1.0,278,0,3
278,3,-1.0,258,0,3
258,1,-1.0,158,0,0
158,0,-1.0,258,0,3
258,3,-1.0,238,0,3
238,3,-1.0,218,0,0
218,0,-1.0,318,0,0
318,0,-1.0,418,0,5
418,5,20.0,410,1,0
111,0,-1.0,211,0,0
211,0,-1.0,311,0,2
311,4,-10.0,311,0,0
311,0,-1.0,411,0,4
411,4,-1.0,419,0,1
419,1,-1.0,319,0,1
319,1,-1.0,219,0,2
219,2,-1.0,239,0,2
239,2,-1.0,259,0,2
259,2,-1.0,279,0,0
279,0,-1.0,379,0,0
379,0,-1.0,479,0,5
479,5,20.0,475,1,0
34,0,-1.0,134,0,0
134,0,-1.0,234,0,2
234,2,-1.0,254,0,2
254,2,-1.0,274,0,0
274,0,-1.0,374,0,0
374,0,-1.0,474,0,4
474,4,-1.0,478,0,1
478,1,-1.0,378,0,1
378,1,-1.0,278,0,3
278,3,-1.0,258,0,3
258,3,-1.0,238,0,5
238,3,-1.0,218,0,0
218,0,-1.0,318,0,0
318,0,-1.0,418,0,5
418,5,20.0,410,1,0
194,3,-1.0,174,0,0
174,0,-1.0,274,0,0
274,0,-1.0,374,0,0
374,0,-1.0,474,0,4
474,4,-1.0,478,0,1
478,1,-1.0,378,0,1
378,1,-1.0,278,0,3
278,3,-1.0,258,0,3
258,3,-1.0,238,0,3
238,3,-1.0,218,0,2
218,0,-1.0,318,0,0
318,0,-1.0,418,0,5
418,4,-10.0,418,0,5
418,5,20.0,410,1,0
153,0,-1.0,253,0,2
253,5,-10.0,253,0,2
253,2,-1.0,273,0,0
273,0,-1.0,373,0,0
373,0,-1.0,473,0,4
473,4,-1.0,477,0,5
477,4,-10.0,477,0,2
477,2,-1.0,497,0,1
497,1,-1.0,397,0,1
397,4,-10.0,397,0,1
397,2,-1.0,397,0,1
397,1,-1.0,297,0,1
297,3,-1.0,277,0,1
277,1,-1.0,177,0,2
177,2,-1.0,197,0,1
197,0,-1.0,297,0,1
297,1,-1.0,197,0,1
197,1,-1.0,97,0,5
97,5,20.0,85,1,0
48,0,-1.0,148,0,0
148,0,-1.0,248,0,3
248,3,-1.0,228,0,3
228,3,-1.0,208,0,0
208,0,-1.0,308,0,0
308,0,-1.0,408,0,3
408,3,-1.0,408,0,4
408,0,-1.0,408,0,4
408,4,-1.0,416,0,1
416,1,-1.0,316,0,1
316,1,-1.0,216,0,1
216,1,-1.0,116,0,1
116,1,-1.0,16,0,0
16,5,20.0,0,1,0
413,1,-1.0,313,0,1
313,1,-1.0,213,0,2
213,2,-1.0,233,0,5
233,2,-1.0,253,0,2
253,2,-1.0,273,0,0
273,0,-1.0,373,0,0
373,2,-1.0,393,0,3
393,3,-1.0,373,0,0
373,0,-1.0,473,0,4
473,3,-1.0,473,0,4
473,4,-1.0,477,0,2
477,2,-1.0,497,0,3
497,1,-1.0,397,0,1
397,4,-10.0,397,0,1
397,1,-1.0,297,0,1
297,1,-1.0,197,0,1
197,1,-1.0,97,0,5
97,5,20.0,85,1,0
52,0,-1.0,152,0,2
152,2,-1.0,172,0,0
172,0,-1.0,272,0,0
272,0,-1.0,372,0,0
372,0,-1.0,472,0,4
472,4,-1.0,476,0,1
476,1,-1.0,376,0,1
376,1,-1.0,276,0,3
276,3,-1.0,256,0,3
256,3,-1.0,236,0,1
236,1,-1.0,136,0,3
136,3,-1.0,116,0,1
116,1,-1.0,16,0,5
16,5,20.0,0,1,0
69,0,-1.0,169,0,3
169,3,-1.0,149,0,0
149,0,-1.0,249,0,3
249,3,-1.0,229,0,3
229,3,-1.0,209,0,0
209,1,-1.0,109,0,5
109,0,-1.0,209,0,4
209,0,-1.0,309,0,0
309,0,-1.0,409,0,4
409,4,-1.0,417,0,1
417,1,-1.0,317,0,4
317,1,-1.0,217,0,2
217,2,-1.0,237,0,2
237,2,-1.0,257,0,1
257,1,-1.0,157,0,2
157,2,-1.0,177,0,2
177,2,-1.0,197,0,1
197,1,-1.0,97,0,5
97,5,20.0,85,1,0
184,1,-1.0,84,0,4
84,4,-1.0,96,0,0
96,0,-1.0,196,0,3
196,3,-1.0,176,0,0
176,0,-1.0,276,0,3
276,2,-1.0,296,0,3
296,3,-1.0,276,0,3
276,3,-1.0,256,0,0
256,4,-10.0,256,0,3
256,3,-1.0,236,0,1
236,1,-1.0,136,0,3
136,3,-1.0,116,0,1
116,1,-1.0,16,0,0
16,5,20.0,0,1,0
201,1,-1.0,101,0,1
101,1,-1.0,1,0,4
1,4,-1.0,17,0,0
17,0,-1.0,117,0,2
117,2,-1.0,137,0,0
137,0,-1.0,237,0,2
237,2,-1.0,257,0,1
257,1,-1.0,157,0,2
157,2,-1.0,177,0,2
177,2,-1.0,197,0,1
197,1,-1.0,97,0,5
97,5,20.0,85,1,0
83,0,-1.0,183,0,3
183,3,-1.0,163,0,0
163,0,-1.0,263,0,3
263,0,-1.0,363,0,1
363,4,-10.0,363,0,1
363,1,-1.0,263,0,3
263,3,-1.0,243,0,3
243,3,-1.0,223,0,1
223,1,-1.0,123,0,3
123,3,-1.0,103,0,1
103,3,-1.0,103,0,1
103,1,-1.0,3,0,4
3,4,-1.0,19,0,0
19,0,-1.0,119,0,0
119,0,-1.0,219,0,2
219,2,-1.0,239,0,1
239,2,-1.0,259,0,2
259,2,-1.0,279,0,0
279,0,-1.0,379,0,0
379,0,-1.0,479,0,5
479,5,20.0,475,1,0
121,1,-1.0,21,0,3
21,3,-1.0,1,0,4
1,4,-1.0,17,0,0
17,3,-1.0,17,0,0
17,0,-1.0,117,0,2
117,2,-1.0,137,0,0
137,0,-1.0,237,0,2
237,2,-1.0,257,0,1
257,1,-1.0,157,0,2
157,2,-1.0,177,0,2
177,1,-1.0,77,0,2
77,2,-1.0,97,0,5
97,5,20.0,85,1,0
13,0,-1.0,113,0,0
113,0,-1.0,213,0,2
213,2,-1.0,233,0,2
233,2,-1.0,253,0,2
253,2,-1.0,273,0,0
273,0,-1.0,373,0,1
373,0,-1.0,473,0,4
473,4,-1.0,477,0,2
477,2,-1.0,497,0,1
497,1,-1.0,397,0,1
397,1,-1.0,297,0,1
297,1,-1.0,197,0,1
197,1,-1.0,97,0,0
97,5,20.0,85,1,0
174,0,-1.0,274,0,0
274,0,-1.0,374,0,0
374,0,-1.0,474,0,4
474,4,-1.0,478,0,1
478,1,-1.0,378,0,1
378,1,-1.0,278,0,3
278,3,-1.0,258,0,3
258,2,-1.0,278,0,3
278,3,-1.0,258,0,3
258,3,-1.0,238,0,3
238,3,-1.0,218,0,0
218,0,-1.0,318,0,0
318,0,-1.0,418,0,5
418,5,20.0,410,1,0
322,1,-1.0,222,0,1
222,1,-1.0,122,0,3
122,3,-1.0,102,0,1
102,1,-1.0,2,0,4
2,4,-1.0,18,0,0
18,0,-1.0,118,0,0
118,0,-1.0,218,0,0
218,0,-1.0,318,0,0
318,0,-1.0,418,0,5
418,5,20.0,410,1,0
287,1,-1.0,187,0,1
187,1,-1.0,87,0,4
87,4,-1.0,99,0,3
99,3,-1.0,79,0,0
79,0,-1.0,179,0,0
179,0,-1.0,279,0,0
279,0,-1.0,379,0,0
379,0,-1.0,479,0,1
479,5,20.0,475,1,0
371,1,-1.0,271,0,4
271,3,-1.0,251,0,3
251,3,-1.0,231,0,3
231,3,-1.0,211,0,0
211,0,-1.0,311,0,0
311,0,-1.0,411,0,4
411,4,-1.0,419,0,1
419,1,-1.0,319,0,1
319,1,-1.0,219,0,2
219,1,-1.0,119,0,0
119,0,-1.0,219,0,2
219,2,-1.0,239,0,2
239,2,-1.0,259,0,1
259,2,-1.0,279,0,0
279,0,-1.0,379,0,0
379,0,-1.0,479,0,5
479,5,20.0,475,1,0
188,0,-1.0,288,0,3
288,3,-1.0,268,0,3
268,3,-1.0,248,0,3
248,2,-1.0,268,0,3
268,3,-1.0,248,0,3
248,0,-1.0,348,0,1
348,1,-1.0,248,0,3
248,3,-1.0,228,0,3
228,3,-1.0,208,0,0
208,0,-1.0,308,0,0
308,0,-1.0,408,0,4
408,4,-1.0,416,0,0
416,2,-1.0,416,0,1
416,1,-1.0,316,0,1
316,1,-1.0,216,0,1
216,1,-1.0,116,0,1
116,1,-1.0,16,0,5
16,5,20.0,0,1,0
407,1,-1.0,307,0,1
307,1,-1.0,207,0,2
207,4,-10.0,207,0,2
207,2,-1.0,227,0,2
227,2,-1.0,247,0,2
247,2,-1.0,267,0,2
267,2,-1.0,287,0,1
287,1,-1.0,187,0,1
187,1,-1.0,87,0,4
87,4,-1.0,99,0,3
99,0,-1.0,199,0,0
199,0,-1.0,299,0,3
299,3,-1.0,279,0,0
279,0,-1.0,379,0,0
379,0,-1.0,479,0,5
479,5,20.0,475,1,0
2,4,-1.0,18,0,0
18,0,-1.0,118,0,0
118,0,-1.0,218,0,0
218,0,-1.0,318,0,0
318,0,-1.0,418,0,2
418,5,20.0,410,1,0
433,1,-1.0,333,0,2
333,2,-1.0,353,0,1
353,1,-1.0,253,0,2
253,2,-1.0,273,0,0
273,0,-1.0,373,0,0
373,0,-1.0,473,0,4
473,4,-1.0,477,0,2
477,2,-1.0,497,0,1
497,1,-1.0,397,0,1
397,1,-1.0,297,0,0
297,1,-1.0,197,0,1
197,1,-1.0,97,0,5
97,5,20.0,85,1,0
494,3,-1.0,474,0,3
474,4,-1.0,478,0,1
478,1,-1.0,378,0,1
378,5,-10.0,378,0,1
378,1,-1.0,278,0,2
278,3,-1.0,258,0,3
258,3,-1.0,238,0,5
238,3,-1.0,218,0,0
218,0,-1.0,318,0,0
318,0,-1.0,418,0,5
418,5,20.0,410,1,0
147,2,-1.0,167,0,2
167,2,-1.0,187,0,2
187,3,-1.0,167,0,2
167,5,-10.0,167,0,2
167,2,-1.0,187,0,1
187,1,-1.0,87,0,4
87,4,-1.0,99,0,3
99,3,-1.0,79,0,0
79,0,-1.0,179,0,0
179,0,-1.0,279,0,0
279,0,-1.0,379,0,0
379,0,-1.0,479,0,5
479,5,20.0,475,1,0
266,1,-1.0,166,0,2
166,2,-1.0,186,0,1
186,1,-1.0,86,0,4
86,4,-1.0,98,0,0
98,0,-1.0,198,0,0
198,0,-1.0,298,0,3
298,5,-10.0,298,0,3
298,3,-1.0,278,0,3
278,3,-1.0,258,0,3
258,3,-1.0,238,0,3
238,3,-1.0,218,0,0
218,0,-1.0,318,0,0
318,0,-1.0,418,0,5
418,5,20.0,410,1,0
181,1,-1.0,81,0,3
81,3,-1.0,61,0,1
61,0,-1.0,161,0,3
161,3,-1.0,141,0,0
141,0,-1.0,241,0,3
241,3,-1.0,221,0,1
221,1,-1.0,121,0,1
121,1,-1.0,21,0,3
21,3,-1.0,1,0,4
1,5,-10.0,1,0,4
1,4,-1.0,17,0,0
17,0,-1.0,117,0,2
117,2,-1.0,137,0,0
137,0,-1.0,237,0,2
237,2,-1.0,257,0,1
257,1,-1.0,157,0,2
157,2,-1.0,177,0,2
177,2,-1.0,197,0,1
197,1,-1.0,97,0,5
97,5,20.0,85,1,0
328,1,-1.0,228,0,3
228,3,-1.0,208,0,5
208,0,-1.0,308,0,0
308,0,-1.0,408,0,4
408,4,-1.0,416,0,1
416,1,-1.0,316,0,1
316,0,-1.0,416,0,1
416,0,-1.0,416,0,1
416,1,-1.0,316,0,1
316,1,-1.0,216,0,1
216,1,-1.0,116,0,1
116,1,-1.0,16,0,5
16,5,20.0,0,1,0
306,1,-1.0,206,0,2
206,2,-1.0,226,0,1
226,2,-1.0,246,0,2
246,2,-1.0,266,0,2
266,4,-10.0,266,0,2
266,2,-1.0,286,0,0
286,1,-1.0,186,0,1
186,1,-1.0,86,0,4
86,4,-1.0,98,0,0
98,0,-1.0,198,0,0
198,0,-1.0,298,0,3
298,3,-1.0,278,0,3
278,3,-1.0,258,0,3
258,4,-10.0,258,0,3
258,1,-1.0,158,0,0
158,0,-1.0,258,0,3
258,3,-1.0,238,0,3
238,3,-1.0,218,0,0
218,0,-1.0,318,0,2
318,0,-1.0,418,0,5
418,5,20.0,410,1,0
141,0,-1.0,241,0,3
241,3,-1.0,221,0,1
221,1,-1.0,121,0,1
121,1,-1.0,21,0,3
21,3,-1.0,1,0,4
1,4,-1.0,17,0,0
17,0,-1.0,117,0,2
117,2,-1.0,137,0,0
137,0,-1.0,237,0,2
237,2,-1.0,257,0,1
257,1,-1.0,157,0,2
157,2,-1.0,177,0,2
177,2,-1.0,197,0,1
197,1,-1.0,97,0,5
97,5,20.0,85,1,0
253,2,-1.0,273,0,3
273,0,-1.0,373,0,0
373,0,-1.0,473,0,4
473,3,-1.0,473,0,4
473,4,-1.0,477,0,2
477,2,-1.0,497,0,1
497,1,-1.0,397,0,1
397,1,-1.0,297,0,2
297,1,-1.0,197,0,1
197,1,-1.0,97,0,5
97,5,20.0,85,1,0
344,1,-1.0,244,0,1
244,1,-1.0,144,0,2
144,2,-1.0,164,0,2
164,2,-1.0,184,0,1
184,3,-1.0,164,0,4
164,2,-1.0,184,0,1
184,1,-1.0,84,0,4
84,4,-1.0,96,0,0
96,0,-1.0,196,0,3
196,3,-1.0,176,0,0
176,0,-1.0,276,0,3
276,3,-1.0,256,0,3
256,3,-1.0,236,0,1
236,1,-1.0,136,0,3
136,3,-1.0,116,0,1
116,1,-1.0,16,0,5
16,5,20.0,0,1,0
89,1,-1.0,89,0,3
89,3,-1.0,69,0,0
69,0,-1.0,169,0,3
169,3,-1.0,149,0,0
149,0,-1.0,249,0,3
249,3,-1.0,229,0,3
229,3,-1.0,209,0,0
209,0,-1.0,309,0,0
309,0,-1.0,409,0,4
409,4,-1.0,417,0,1
417,1,-1.0,317,0,1
317,1,-1.0,217,0,2
217,2,-1.0,237,0,2
237,2,-1.0,257,0,1
257,1,-1.0,157,0,2
157,2,-1.0,177,0,2
177,2,-1.0,197,0,1
197,1,-1.0,97,0,5
97,5,20.0,85,1,0
69,0,-1.0,169,0,3
169,3,-1.0,149,0,0
149,0,-1.0,249,0,3
249,3,-1.0,229,0,3
229,3,-1.0,209,0,0
209,0,-1.0,309,0,0
309,0,-1.0,409,0,3
409,4,-1.0,417,0,1
417,1,-1.0,317,0,1
317,1,-1.0,217,0,2
217,1,-1.0,117,0,2
117,2,-1.0,137,0,5
137,0,-1.0,237,0,2
237,2,-1.0,257,0,1
257,1,-1.0,157,0,2
157,2,-1.0,177,0,2
177,2,-1.0,197,0,1
197,1,-1.0,97,0,5
97,5,20.0,85,1,0
22,3,-1.0,2,0,4
2,4,-1.0,18,0,0
18,0,-1.0,118,0,0
118,0,-1.0,218,0,0
218,0,-1.0,318,0,4
318,0,-1.0,418,0,0
418,5,20.0,410,1,0
302,1,-1.0,202,0,1
202,1,-1.0,102,0,1
102,1,-1.0,2,0,4
2,4,-1.0,18,0,0
18,0,-1.0,118,0,0
118,4,-10.0,118,0,0
118,0,-1.0,218,0,0
218,0,-1.0,318,0,0
318,0,-1.0,418,0,5
418,5,20.0,410,1,0
192,0,-1.0,292,0,3
292,3,-1.0,272,0,0
272,0,-1.0,372,0,0
372,0,-1.0,472,0,4
472,4,-1.0,476,0,1
476,1,-1.0,376,0,1
376,1,-1.0,276,0,1
276,3,-1.0,256,0,3
256,3,-1.0,236,0,1
236,1,-1.0,136,0,3
136,3,-1.0,116,0,1
116,1,-1.0,16,0,5
16,1,-1.0,16,0,5
16,5,20.0,0,1,0
94,3,-1.0,74,0,0
74,0,-1.0,174,0,0
174,0,-1.0,274,0,0
274,0,-1.0,374,0,2
374,0,-1.0,474,0,2
474,4,-1.0,478,0,1
478,1,-1.0,378,0,1
378,1,-1.0,278,0,3
278,3,-1.0,258,0,3
258,3,-1.0,238,0,3
238,3,-1.0,218,0,0
218,0,-1.0,318,0,0
318,0,-1.0,418,0,5
418,5,20.0,410,1,0
432,1,-1.0,332,0,1
332,1,-1.0,232,0,2
232,2,-1.0,252,0,2
252,2,-1.0,272,0,0
272,0,-1.0,372,0,4
372,0,-1.0,472,0,4
472,4,-1.0,476,0,1
476,1,-1.0,376,0,1
376,5,-10.0,376,0,1
376,1,-1.0,276,0,3
276,3,-1.0,256,0,3
256,3,-1.0,236,0,1
236,1,-1.0,136,0,3
136,3,-1.0,116,0,1
116,2,-1.0,136,0,3
136,3,-1.0,116,0,1
116,1,-1.0,16,0,5
16,5,20.0,0,1,0
107,2,-1.0,127,0,0
127,0,-1.0,227,0,2
227,2,-1.0,247,0,2
247,2,-1.0,267,0,2
267,2,-1.0,287,0,1
287,1,-1.0,187,0,0
187,1,-1.0,87,0,4
87,4,-1.0,99,0,3
99,3,-1.0,79,0,0
79,0,-1.0,179,0,0
179,0,-1.0,279,0,0
279,0,-1.0,379,0,0
379,0,-1.0,479,0,5
479,5,20.0,475,1,0
413,1,-1.0,313,0,1
313,3,-1.0,313,0,1
313,1,-1.0,213,0,2
213,2,-1.0,233,0,2
233,2,-1.0,253,0,2
253,2,-1.0,273,0,0
273,0,-1.0,373,0,0
373,0,-1.0,473,0,4
473,4,-1.0,477,0,2
477,2,-1.0,497,0,1
497,1,-1.0,397,0,1
397,1,-1.0,297,0,1
297,1,-1.0,197,0,1
197,1,-1.0,97,0,5
97,5,20.0,85,1,0
473,4,-1.0,477,0,2
477,3,-1.0,477,0,2
477,2,-1.0,497,0,1
497,1,-1.0,397,0,1
397,1,-1.0,297,0,1
297,1,-1.0,197,0,1
197,5,-10.0,197,0,2
197,1,-1.0,97,0,5
97,5,20.0,85,1,0
234,2,-1.0,254,0,2
254,2,-1.0,274,0,0
274,0,-1.0,374,0,0
374,0,-1.0,474,0,0
474,4,-1.0,478,0,1
478,1,-1.0,378,0,1
378,1,-1.0,278,0,3
278,3,-1.0,258,0,3
258,3,-1.0,238,0,3
238,3,-1.0,218,0,0
218,0,-1.0,318,0,0
318,0,-1.0,418,0,5
418,5,20.0,410,1,0
2,4,-1.0,18,0,0
18,0,-1.0,118,0,0
118,0,-1.0,218,0,0
218,0,-1.0,318,0,0
318,4,-10.0,318,0,0
318,0,-1.0,418,0,5
418,5,20.0,410,1,0
254,2,-1.0,274,0,0
274,0,-1.0,374,0,0
374,0,-1.0,474,0,4
474,4,-1.0,478,0,1
478,1,-1.0,378,0,1
378,1,-1.0,278,0,3
278,3,-1.0,258,0,3
258,3,-1.0,238,0,3
238,3,-1.0,218,0,0
218,0,-1.0,318,0,0
318,3,-1.0,318,0,0
318,0,-1.0,418,0,5
418,5,20.0,410,1,0
174,0,-1.0,274,0,0
274,0,-1.0,374,0,0
374,0,-1.0,474,0,4
474,4,-1.0,478,0,1
478,1,-1.0,378,0,1
378,1,-1.0,278,0,3
278,3,-1.0,258,0,3
258,3,-1.0,238,0,3
238,3,-1.0,218,0,0
218,0,-1.0,318,0,0
318,0,-1.0,418,0,5
418,5,20.0,410,1,0
353,1,-1.0,253,0,2
253,2,-1.0,273,0,0
273,0,-1.0,373,0,0
373,0,-1.0,473,0,4
473,4,-1.0,477,0,4
477,2,-1.0,497,0,1
497,1,-1.0,397,0,1
397,0,-1.0,497,0,1
497,1,-1.0,397,0,1
397,1,-1.0,297,0,5
297,1,-1.0,197,0,1
197,1,-1.0,97,0,5
97,3,-1.0,77,0,2
77,2,-1.0,97,0,5
97,5,20.0,85,1,0
334,2,-1.0,354,0,1
354,1,-1.0,254,0,1
254,2,-1.0,274,0,4
274,0,-1.0,374,0,0
374,0,-1.0,474,0,4
474,4,-1.0,478,0,1
478,1,-1.0,378,0,1
378,1,-1.0,278,0,3
278,3,-1.0,258,0,3
258,3,-1.0,238,0,3
238,3,-1.0,218,0,0
218,0,-1.0,318,0,0
318,3,-1.0,318,0,0
318,0,-1.0,418,0,5
418,5,20.0,410,1,0
209,0,-1.0,309,0,0
309,0,-1.0,409,0,4
409,4,-1.0,417,0,1
417,1,-1.0,317,0,1
317,1,-1.0,217,0,2
217,2,-1.0,237,0,4
237,2,-1.0,257,0,1
257,2,-1.0,277,0,1
277,1,-1.0,177,0,2
177,2,-1.0,197,0,1
197,1,-1.0,97,0,5
97,5,20.0,85,1,0
64,2,-1.0,84,0,4
84,4,-1.0,96,0,0
96,0,-1.0,196,0,3
196,3,-1.0,176,0,0
176,0,-1.0,276,0,5
276,3,-1.0,256,0,3
256,3,-1.0,236,0,1
236,1,-1.0,136,0,3
136,3,-1.0,116,0,1
116,1,-1.0,16,0,5
16,5,20.0,0,1,0
267,5,-10.0,267,0,5
267,2,-1.0,287,0,1
287,1,-1.0,187,0,1
187,1,-1.0,87,0,4
87,4,-1.0,99,0,0
99,3,-1.0,79,0,0
79,0,-1.0,179,0,0
179,0,-1.0,279,0,0
279,0,-1.0,379,0,0
379,0,-1.0,479,0,5
479,5,20.0,475,1,0
122,3,-1.0,102,0,1
102,1,-1.0,2,0,4
2,4,-1.0,18,0,0
18,0,-1.0,118,0,0
118,0,-1.0,218,0,0
218,2,-1.0,238,0,3
238,3,-1.0,218,0,0
218,0,-1.0,318,0,0
318,0,-1.0,418,0,5
418,5,20.0,410,1,0
402,2,-1.0,402,0,1
402,2,-1.0,402,0,3
402,1,-1.0,302,0,1
302,1,-1.0,202,0,1
202,1,-1.0,102,0,1
102,1,-1.0,2,0,4
2,4,-1.0,18,0,0
18,0,-1.0,118,0,0
118,0,-1.0,218,0,0
218,0,-1.0,318,0,0
318,5,-10.0,318,0,0
318,0,-1.0,418,0,5
418,5,20.0,410,1,0
163,0,-1.0,263,0,3
263,3,-1.0,243,0,0
243,3,-1.0,223,0,1
223,1,-1.0,123,0,3
123,3,-1.0,103,0,1
103,1,-1.0,3,0,4
3,4,-1.0,19,0,0
19,0,-1.0,119,0,0
119,0,-1.0,219,0,2
219,4,-10.0,219,0,1
219,2,-1.0,239,0,2
239,2,-1.0,259,0,2
259,2,-1.0,279,0,0
279,0,-1.0,379,0,0
379,0,-1.0,479,0,5
479,5,20.0,475,1,0
133,0,-1.0,233,0,2
233,2,-1.0,253,0,2
253,2,-1.0,273,0,0
273,0,-1.0,373,0,0
373,0,-1.0,473,0,1
473,4,-1.0,477,0,2
477,2,-1.0,497,0,1
497,1,-1.0,397,0,1
397,1,-1.0,297,0,4
297,1,-1.0,197,0,1
197,2,-1.0,197,0,1
197,1,-1.0,97,0,5
97,5,20.0,85,1,0
423,1,-1.0,323,0,1
323,1,-1.0,223,0,1
223,1,-1.0,123,0,5
123,3,-1.0,103,0,1
103,1,-1.0,3,0,4
3,4,-1.0,19,0,0
19,0,-1.0,119,0,0
119,0,-1.0,219,0,2
219,2,-1.0,239,0,2
239,3,-1.0,219,0,2
219,2,-1.0,239,0,2
239,2,-1.0,259,0,2
259,0,-1.0,359,0,1
359,1,-1.0,259,0,2
259,2,-1.0,279,0,0
279,4,-10.0,279,0,0
279,0,-1.0,379,0,0
379,0,-1.0,479,0,5
479,5,20.0,475,1,0
52,0,-1.0,152,0,2
152,2,-1.0,172,0,0
172,0,-1.0,272,0,0
272,0,-1.0,372,0,0
372,0,-1.0,472,0,4
472,4,-1.0,476,0,1
476,1,-1.0,376,0,1
376,1,-1.0,276,0,3
276,3,-1.0,256,0,3
256,3,-1.0,236,0,1
236,1,-1.0,136,0,0
136,3,-1.0,116,0,1
116,1,-1.0,16,0,5
16,5,20.0,0,1,0
162,3,-1.0,142,0,0
142,0,-1.0,242,0,3
242,3,-1.0,222,0,1
222,1,-1.0,122,0,3
122,3,-1.0,102,0,1
102,1,-1.0,2,0,4
2,4,-1.0,18,0,0
18,0,-1.0,118,0,0
118,0,-1.0,218,0,0
218,0,-1.0,318,0,0
318,0,-1.0,418,0,5
418,5,20.0,410,1,0
468,1,-1.0,368,0,1
368,1,-1.0,268,0,3
268,3,-1.0,248,0,3
248,3,-1.0,228,0,3
228,3,-1.0,208,0,0
208,0,-1.0,308,0,0
308,0,-1.0,408,0,4
408,4,-1.0,416,0,1
416,1,-1.0,316,0,1
316,1,-1.0,216,0,1
216,1,-1.0,116,0,1
116,1,-1.0,16,0,5
16,5,20.0,0,1,0
169,3,-1.0,149,0,0
149,0,-1.0,249,0,3
249,3,-1.0,229,0,3
229,3,-1.0,209,0,0
209,0,-1.0,309,0,0
309,4,-10.0,309,0,0
309,0,-1.0,409,0,4
409,5,-10.0,409,0,4
409,4,-1.0,417,0,1
417,1,-1.0,317,0,1
317,1,-1.0,217,0,2
217,2,-1.0,237,0,2
237,2,-1.0,257,0,1
257,1,-1.0,157,0,2
157,2,-1.0,177,0,2
177,2,-1.0,197,0,3
197,5,-10.0,197,0,1
197,1,-1.0,97,0,5
97,5,20.0,85,1,0
427,1,-1.0,327,0,2
327,2,-1.0,347,0,1
347,1,-1.0,247,0,2
247,2,-1.0,267,0,2
267,2,-1.0,287,0,1
287,1,-1.0,187,0,1
187,1,-1.0,87,0,4
87,4,-1.0,99,0,3
99,3,-1.0,79,0,0
79,0,-1.0,179,0,0
179,0,-1.0,279,0,0
279,0,-1.0,379,0,0
379,0,-1.0,479,0,5
479,5,20.0,475,1,0
448,1,-1.0,348,0,1
348,1,-1.0,248,0,3
248,3,-1.0,228,0,3
228,3,-1.0,208,0,0
208,0,-1.0,308,0,0
308,0,-1.0,408,0,4
408,4,-1.0,416,0,1
416,1,-1.0,316,0,1
316,1,-1.0,216,0,1
216,1,-1.0,116,0,1
116,4,-10.0,116,0,1
116,1,-1.0,16,0,5
16,5,20.0,0,1,0
326,1,-1.0,226,0,2
226,2,-1.0,246,0,4
246,2,-1.0,266,0,2
266,2,-1.0,286,0,1
286,1,-1.0,186,0,1
186,1,-1.0,86,0,4
86,4,-1.0,98,0,0
98,0,-1.0,198,0,0
198,0,-1.0,298,0,3
298,3,-1.0,278,0,3
278,3,-1.0,258,0,3
258,5,-10.0,258,0,3
258,3,-1.0,238,0,3
238,3,-1.0,218,0,0
218,0,-1.0,318,0,0
318,0,-1.0,418,0,5
418,5,20.0,410,1,0
282,3,-1.0,262,0,3
262,3,-1.0,242,0,3
242,3,-1.0,222,0,1
222,1,-1.0,122,0,3
122,3,-1.0,102,0,1
102,1,-1.0,2,0,4
2,2,-1.0,22,0,3
22,3,-1.0,2,0,4
2,4,-1.0,18,0,4
18,0,-1.0,118,0,0
118,0,-1.0,218,0,0
218,0,-1.0,318,0,0
318,0,-1.0,418,0,5
418,5,20.0,410,1,0
394,3,-1.0,374,0,0
374,0,-1.0,474,0,4
474,4,-1.0,478,0,1
478,1,-1.0,378,0,3
378,0,-1.0,478,0,1
478,1,-1.0,378,0,1
378,1,-1.0,278,0,3
278,3,-1.0,258,0,3
258,3,-1.0,238,0,3
238,3,-1.0,218,0,0
218,0,-1.0,318,0,0
318,0,-1.0,418,0,5
418,5,20.0,410,1,0
367,2,-1.0,387,0,1
387,1,-1.0,287,0,1
287,1,-1.0,187,0,1
187,1,-1.0,87,0,0
87,4,-1.0,99,0,3
99,3,-1.0,79,0,4
79,2,-1.0,99,0,3
99,3,-1.0,79,0,0
79,0,-1.0,179,0,0
179,0,-1.0,279,0,0
279,0,-1.0,379,0,0
379,0,-1.0,479,0,5
479,5,20.0,475,1,0
11,0,-1.0,111,0,0
111,0,-1.0,211,0,0
211,0,-1.0,311,0,0
311,0,-1.0,411,0,4
411,4,-1.0,419,0,1
419,1,-1.0,319,0,1
319,1,-1.0,219,0,2
219,2,-1.0,239,0,2
239,1,-1.0,139,0,0
139,0,-1.0,239,0,2
239,2,-1.0,259,0,2
259,2,-1.0,279,0,2
279,0,-1.0,379,0,0
379,0,-1.0,479,0,5
479,5,20.0,475,1,0
31,0,-1.0,131,0,3
131,3,-1.0,111,0,0
111,4,-10.0,111,0,0
111,0,-1.0,211,0,0
211,0,-1.0,311,0,0
311,0,-1.0,411,0,4
411,4,-1.0,419,0,1
419,1,-1.0,319,0,1
319,1,-1.0,219,0,2
219,2,-1.0,239,0,2
239,2,-1.0,259,0,2
259,2,-1.0,279,0,0
279,0,-1.0,379,0,0
379,0,-1.0,479,0,3
479,5,20.0,475,1,0
188,0,-1.0,288,0,3
288,3,-1.0,268,0,3
268,3,-1.0,248,0,3
248,3,-1.0,228,0,3
228,3,-1.0,208,0,0
208,0,-1.0,308,0,4
308,0,-1.0,408,0,2
408,4,-1.0,416,0,1
416,1,-1.0,316,0,1
316,1,-1.0,216,0,1
216,2,-1.0,236,0,1
236,1,-1.0,136,0,3
136,3,-1.0,116,0,1
116,1,-1.0,16,0,0
16,5,20.0,0,1,0
103,1,-1.0,3,0,4
3,4,-1.0,19,0,1
19,0,-1.0,119,0,0
119,0,-1.0,219,0,2
219,2,-1.0,239,0,2
239,2,-1.0,259,0,2
259,2,-1.0,279,0,0
279,0,-1.0,379,0,0
379,0,-1.0,479,0,5
479,5,20.0,475,1,0
324,1,-1.0,224,0,1
224,2,-1.0,244,0,1
244,1,-1.0,144,0,2
144,3,-1.0,144,0,2
144,2,-1.0,164,0,2
164,1,-1.0,64,0,2
64,2,-1.0,84,0,2
84,4,-1.0,96,0,0
96,0,-1.0,196,0,3
196,5,-10.0,196,0,3
196,3,-1.0,176,0,1
176,0,-1.0,276,0,3
276,3,-1.0,256,0,3
256,3,-1.0,236,0,1
236,1,-1.0,136,0,3
136,3,-1.0,116,0,1
116,0,-1.0,216,0,1
216,1,-1.0,116,0,1
116,1,-1.0,16,0,5
16,5,20.0,0,1,0
89,3,-1.0,69,0,0
69,0,-1.0,169,0,3
169,1,-1.0,69,0,0
69,0,-1.0,169,0,3
169,3,-1.0,149,0,0
149,0,-1.0,249,0,3
249,3,-1.0,229,0,3
229,3,-1.0,209,0,0
209,3,-1.0,209,0,0
209,0,-1.0,309,0,0
309,0,-1.0,409,0,4
409,4,-1.0,417,0,1
417,1,-1.0,317,0,1
317,1,-1.0,217,0,4
217,2,-1.0,237,0,2
237,2,-1.0,257,0,1
257,1,-1.0,157,0,3
157,2,-1.0,177,0,2
177,2,-1.0,197,0,1
197,1,-1.0,97,0,5
97,5,20.0,85,1,0
29,3,-1.0,9,0,5
9,0,-1.0,109,0,0
109,0,-1.0,209,0,2
209,2,-1.0,229,0,3
229,1,-1.0,129,0,3
129,3,-1.0,109,0,2
109,0,-1.0,209,0,0
209,0,-1.0,309,0,0
309,0,-1.0,409,0,4
409,4,-1.0,417,0,1
417,1,-1.0,317,0,1
317,1,-1.0,217,0,2
217,2,-1.0,237,0,2
237,2,-1.0,257,0,1
257,1,-1.0,157,0,2
157,2,-1.0,177,0,2
177,2,-1.0,197,0,1
197,1,-1.0,97,0,5
97,5,20.0,85,1,0
374,0,-1.0,474,0,4
474,0,-1.0,474,0,4
474,4,-1.0,478,0,1
478,1,-1.0,378,0,1
378,1,-1.0,278,0,3
278,3,-1.0,258,0,3
258,3,-1.0,238,0,3
238,3,-1.0,218,0,0
218,0,-1.0,318,0,0
318,0,-1.0,418,0,5
418,5,20.0,410,1,0
62,0,-1.0,162,0,3
162,3,-1.0,142,0,0
142,0,-1.0,242,0,3
242,3,-1.0,222,0,1
222,0,-1.0,322,0,2
322,5,-10.0,322,0,1
322,1,-1.0,222,0,1
222,1,-1.0,122,0,3
122,3,-1.0,102,0,1
102,1,-1.0,2,0,4
2,0,-1.0,102,0,5
102,1,-1.0,2,0,4
2,4,-1.0,18,0,0
18,0,-1.0,118,0,0
118,0,-1.0,218,0,0
218,0,-1.0,318,0,5
318,0,-1.0,418,0,5
418,5,20.0,410,1,0
446,1,-1.0,346,0,1
346,1,-1.0,246,0,2
246,2,-1.0,266,0,2
266,2,-1.0,286,0,1
286,1,-1.0,186,0,1
186,1,-1.0,86,0,4
86,4,-1.0,98,0,0
98,0,-1.0,198,0,0
198,0,-1.0,298,0,3
298,3,-1.0,278,0,3
278,3,-1.0,258,0,3
258,3,-1.0,238,0,3
238,3,-1.0,218,0,0
218,0,-1.0,318,0,0
318,0,-1.0,418,0,5
418,5,20.0,410,1,0
151,0,-1.0,251,0,3
251,3,-1.0,231,0,3
231,3,-1.0,211,0,0
211,0,-1.0,311,0,2
311,0,-1.0,411,0,4
411,4,-1.0,419,0,1
419,1,-1.0,319,0,1
319,1,-1.0,219,0,1
219,2,-1.0,239,0,2
239,5,-10.0,239,0,2
239,2,-1.0,259,0,2
259,2,-1.0,279,0,0
279,0,-1.0,379,0,0
379,0,-1.0,479,0,5
479,5,20.0,475,1,0
148,0,-1.0,248,0,3
248,3,-1.0,228,0,3
228,3,-1.0,208,0,0
208,0,-1.0,308,0,0
308,0,-1.0,408,0,4
408,4,-1.0,416,0,1
416,1,-1.0,316,0,1
316,1,-1.0,216,0,1
216,3,-1.0,216,0,1
216,1,-1.0,116,0,1
116,1,-1.0,16,0,5
16,5,20.0,0,1,0
246,2,-1.0,266,0,2
266,1,-1.0,166,0,2
166,2,-1.0,186,0,1
186,1,-1.0,86,0,4
86,4,-1.0,98,0,0
98,0,-1.0,198,0,0
198,0,-1.0,298,0,3
298,4,-10.0,298,0,3
298,3,-1.0,278,0,3
278,3,-1.0,258,0,3
258,3,-1.0,238,0,3
238,5,-10.0,238,0,3
238,3,-1.0,218,0,0
218,0,-1.0,318,0,0
318,0,-1.0,418,0,5
418,5,20.0,410,1,0
246,2,-1.0,266,0,0
266,2,-1.0,286,0,1
286,1,-1.0,186,0,1
186,1,-1.0,86,0,4
86,4,-1.0,98,0,0
98,0,-1.0,198,0,0
198,0,-1.0,298,0,3
298,3,-1.0,278,0,0
278,0,-1.0,378,0,1
378,1,-1.0,278,0,3
278,3,-1.0,258,0,3
258,3,-1.0,238,0,3
238,3,-1.0,218,0,0
218,0,-1.0,318,0,0
318,0,-1.0,418,0,5
418,5,20.0,410,1,0
451,1,-1.0,351,0,1
351,1,-1.0,251,0,0
251,3,-1.0,231,0,3
231,3,-1.0,211,0,3
211,0,-1.0,311,0,0
311,0,-1.0,411,0,4
411,4,-1.0,419,0,1
419,1,-1.0,319,0,1
319,1,-1.0,219,0,2
219,2,-1.0,239,0,2
239,2,-1.0,259,0,2
259,2,-1.0,279,0,0
279,0,-1.0,379,0,1
379,0,-1.0,479,0,5
479,5,20.0,475,1,0
7,2,-1.0,27,0,0
27,0,-1.0,127,0,0
127,0,-1.0,227,0,0
227,2,-1.0,247,0,2
247,2,-1.0,267,0,5
267,2,-1.0,287,0,1
287,1,-1.0,187,0,1
187,1,-1.0,87,0,4
87,4,-1.0,99,0,1
99,3,-1.0,79,0,0
79,0,-1.0,179,0,0
179,0,-1.0,279,0,2
279,0,-1.0,379,0,0
379,0,-1.0,479,0,5
479,5,20.0,475,1,0
61,0,-1.0,161,0,3
161,0,-1.0,261,0,3
261,2,-1.0,281,0,3
281,3,-1.0,261,0,3
261,2,-1.0,281,0,3
281,3,-1.0,261,0,2
261,3,-1.0,241,0,3
241,3,-1.0,221,0,1
221,1,-1.0,121,0,1
121,1,-1.0,21,0,3
21,3,-1.0,1,0,4
1,4,-1.0,17,0,0
17,0,-1.0,117,0,2
117,2,-1.0,137,0,0
137,0,-1.0,237,0,2
237,2,-1.0,257,0,3
257,1,-1.0,157,0,2
157,2,-1.0,177,0,2
177,2,-1.0,197,0,1
197,1,-1.0,97,0,5
97,5,20.0,85,1,0
287,1,-1.0,187,0,1
187,1,-1.0,87,0,4
87,4,-1.0,99,0,3
99,3,-1.0,79,0,0
79,0,-1.0,179,0,0
179,0,-1.0,279,0,0
279,0,-1.0,379,0,0
379,0,-1.0,479,0,5
479,5,20.0,475,1,0
489,1,-1.0,389,0,2
389,1,-1.0,289,0,3
289,3,-1.0,269,0,3
269,3,-1.0,249,0,3
249,3,-1.0,229,0,3
229,3,-1.0,209,0,0
209,2,-1.0,229,0,3
229,3,-1.0,209,0,0
209,0,-1.0,309,0,0
309,0,-1.0,409,0,4
409,4,-1.0,417,0,1
417,1,-1.0,317,0,1
317,2,-1.0,317,0,1
317,1,-1.0,217,0,2
217,2,-1.0,237,0,2
237,2,-1.0,257,0,1
257,1,-1.0,157,0,1
157,0,-1.0,257,0,1
257,4,-10.0,257,0,1
257,1,-1.0,157,0,2
157,2,-1.0,177,0,2
177,2,-1.0,197,0,1
197,1,-1.0,97,0,1
97,5,20.0,85,1,0
444,1,-1.0,344,0,4
344,1,-1.0,244,0,1
244,1,-1.0,144,0,2
144,2,-1.0,164,0,2
164,2,-1.0,184,0,1
184,1,-1.0,84,0,4
84,4,-1.0,96,0,0
96,0,-1.0,196,0,3
196,2,-1.0,196,0,1
196,3,-1.0,176,0,0
176,0,-1.0,276,0,3
276,3,-1.0,256,0,3
256,3,-1.0,236,0,1
236,1,-1.0,136,0,3
136,3,-1.0,116,0,1
116,1,-1.0,16,0,5
16,5,20.0,0,1,0
42,0,-1.0,142,0,0
142,0,-1.0,242,0,5
242,3,-1.0,222,0,4
222,1,-1.0,122,0,3
122,0,-1.0,222,0,1
222,1,-1.0,122,0,3
122,3,-1.0,102,0,1
102,1,-1.0,2,0,4
2,0,-1.0,102,0,1
102,1,-1.0,2,0,4
2,4,-1.0,18,0,0
18,0,-1.0,118,0,0
118,0,-1.0,218,0,0
218,0,-1.0,318,0,0
318,0,-1.0,418,0,5
418,5,20.0,410,1,0
461,1,-1.0,361,0,1
361,1,-1.0,261,0,3
261,0,-1.0,361,0,1
361,1,-1.0,261,0,3
261,3,-1.0,241,0,3
241,3,-1.0,221,0,1
221,1,-1.0,121,0,1
121,1,-1.0,21,0,3
21,3,-1.0,1,0,4
1,4,-1.0,17,0,0
17,0,-1.0,117,0,2
117,2,-1.0,137,0,0
137,2,-1.0,137,0,0
137,4,-10.0,137,0,0
137,0,-1.0,237,0,2
237,2,-1.0,257,0,1
257,1,-1.0,157,0,2
157,2,-1.0,177,0,2
177,2,-1.0,197,0,1
197,1,-1.0,97,0,5
97,1,-1.0,97,0,5
97,5,20.0,85,1,0
349,1,-1.0,249,0,3
249,3,-1.0,229,0,3
229,3,-1.0,209,0,0
209,2,-1.0,229,0,3
229,3,-1.0,209,0,0
209,0,-1.0,309,0,0
309,0,-1.0,409,0,4
409,4,-1.0,417,0,5
417,1,-1.0,317,0,1
317,1,-1.0,217,0,2
217,2,-1.0,237,0,2
237,2,-1.0,257,0,1
257,1,-1.0,157,0,2
157,2,-1.0,177,0,2
177,2,-1.0,197,0,1
197,1,-1.0,97,0,5
97,5,20.0,85,1,0
313,1,-1.0,213,0,2
213,5,-10.0,213,0,1
213,2,-1.0,233,0,2
233,2,-1.0,253,0,2
253,2,-1.0,273,0,0
273,0,-1.0,373,0,0
373,5,-10.0,373,0,0
373,0,-1.0,473,0,4
473,4,-1.0,477,0,0
477,2,-1.0,497,0,1
497,1,-1.0,397,0,1
397,1,-1.0,297,0,1
297,1,-1.0,197,0,1
197,1,-1.0,97,0,5
97,5,20.0,85,1,0
64,2,-1.0,84,0,4
84,4,-1.0,96,0,0
96,0,-1.0,196,0,3
196,3,-1.0,176,0,0
176,0,-1.0,276,0,3
276,3,-1.0,256,0,3
256,3,-1.0,236,0,2
236,1,-1.0,136,0,3
136,3,-1.0,116,0,1
116,1,-1.0,16,0,5
16,5,20.0,0,1,0
291,3,-1.0,271,0,3
271,3,-1.0,251,0,3
251,3,-1.0,231,0,3
231,3,-1.0,211,0,0
211,0,-1.0,311,0,0
311,0,-1.0,411,0,4
411,4,-1.0,419,0,1
419,1,-1.0,319,0,1
319,1,-1.0,219,0,2
219,2,-1.0,239,0,2
239,2,-1.0,259,0,5
259,2,-1.0,279,0,0
279,0,-1.0,379,0,0
379,0,-1.0,479,0,5
479,5,20.0,475,1,0
247,2,-1.0,267,0,2
267,2,-1.0,287,0,1
287,1,-1.0,187,0,1
187,1,-1.0,87,0,4
87,4,-1.0,99,0,3
99,3,-1.0,79,0,0
79,0,-1.0,179,0,0
179,0,-1.0,279,0,0
279,0,-1.0,379,0,0
379,0,-1.0,479,0,5
479,5,20.0,475,1,0
262,3,-1.0,242,0,3
242,3,-1.0,222,0,1
222,1,-1.0,122,0,3
122,3,-1.0,102,0,1
102,1,-1.0,2,0,4
2,4,-1.0,18,0,4
18,0,-1.0,118,0,0
118,0,-1.0,218,0,0
218,0,-1.0,318,0,0
318,0,-1.0,418,0,5
418,5,20.0,410,1,0
441,1,-1.0,341,0,1
341,1,-1.0,241,0,3
241,3,-1.0,221,0,1
221,1,-1.0,121,0,1
121,3,-1.0,101,0,1
101,1,-1.0,1,0,4
1,4,-1.0,17,0,0
17,0,-1.0,117,0,4
117,2,-1.0,137,0,0
137,5,-10.0,137,0,0
137,0,-1.0,237,0,2
237,2,-1.0,257,0,1
257,1,-1.0,157,0,2
157,2,-1.0,177,0,2
177,2,-1.0,197,0,1
197,1,-1.0,97,0,5
97,5,20.0,85,1,0
188,0,-1.0,288,0,3
288,3,-1.0,268,0,3
268,3,-1.0,248,0,3
248,3,-1.0,228,0,3
228,3,-1.0,208,0,0
208,0,-1.0,308,0,0
308,0,-1.0,408,0,4
408,4,-1.0,416,0,1
416,2,-1.0,416,0,1
416,1,-1.0,316,0,1
316,1,-1.0,216,0,1
216,1,-1.0,116,0,1
116,1,-1.0,16,0,0
16,5,20.0,0,1,0
309,2,-1.0,309,0,0
309,0,-1.0,409,0,4
409,2,-1.0,409,0,4
409,4,-1.0,417,0,1
417,1,-1.0,317,0,1
317,1,-1.0,217,0,2
217,2,-1.0,237,0,2
237,2,-1.0,257,0,1
257,1,-1.0,157,0,2
157,2,-1.0,177,0,2
177,2,-1.0,197,0,1
197,1,-1.0,97,0,5
97,5,20.0,85,1,0
349,1,-1.0,249,0,3
249,3,-1.0,229,0,3
229,3,-1.0,209,0,0
209,0,-1.0,309,0,0
309,0,-1.0,409,0,4
409,4,-1.0,417,0,1
417,1,-1.0,317,0,1
317,1,-1.0,217,0,2
217,2,-1.0,237,0,2
237,2,-1.0,257,0,1
257,1,-1.0,157,0,2
157,2,-1.0,177,0,2
177,2,-1.0,197,0,1
197,1,-1.0,97,0,5
97,5,20.0,85,1,0
493,3,-1.0,473,0,5
473,4,-1.0,477,0,2
477,4,-10.0,477,0,2
477,2,-1.0,497,0,1
497,1,-1.0,397,0,1
397,1,-1.0,297,0,1
297,1,-1.0,197,0,1
197,1,-1.0,97,0,5
97,0,-1.0,197,0,5
197,1,-1.0,97,0,5
97,5,20.0,85,1,0
54,2,-1.0,74,0,2
74,0,-1.0,174,0,0
174,4,-10.0,174,0,0
174,0,-1.0,274,0,0
274,0,-1.0,374,0,0
374,0,-1.0,474,0,4
474,4,-1.0,478,0,1
478,4,-10.0,478,0,1
478,1,-1.0,378,0,1
378,1,-1.0,278,0,3
278,3,-1.0,258,0,3
258,3,-1.0,238,0,3
238,3,-1.0,218,0,0
218,0,-1.0,318,0,0
318,5,-10.0,318,0,0
318,0,-1.0,418,0,5
418,5,20.0,410,1,0
387,1,-1.0,287,0,1
287,1,-1.0,187,0,1
187,1,-1.0,87,0,4
87,4,-1.0,99,0,3
99,3,-1.0,79,0,0
79,0,-1.0,179,0,0
179,0,-1.0,279,0,0
279,0,-1.0,379,0,0
379,0,-1.0,479,0,5
479,5,20.0,475,1,0
109,0,-1.0,209,0,0
209,0,-1.0,309,0,0
309,0,-1.0,409,0,4
409,4,-1.0,417,0,5
417,1,-1.0,317,0,1
317,1,-1.0,217,0,2
217,2,-1.0,237,0,2
237,2,-1.0,257,0,1
257,5,-10.0,257,0,1
257,1,-1.0,157,0,2
157,2,-1.0,177,0,2
177,2,-1.0,197,0,1
197,1,-1.0,97,0,5
97,5,20.0,85,1,0
486,1,-1.0,386,0,1
386,1,-1.0,286,0,1
286,1,-1.0,186,0,1
186,1,-1.0,86,0,4
86,1,-1.0,86,0,4
86,4,-1.0,98,0,0
98,0,-1.0,198,0,0
198,0,-1.0,298,0,3
298,3,-1.0,278,0,3
278,3,-1.0,258,0,3
258,3,-1.0,238,0,5
238,3,-1.0,218,0,0
218,0,-1.0,318,0,0
318,0,-1.0,418,0,5
418,5,20.0,410,1,0
141,0,-1.0,241,0,3
241,0,-1.0,341,0,1
341,1,-1.0,241,0,3
241,3,-1.0,221,0,1
221,1,-1.0,121,0,0
121,1,-1.0,21,0,3
21,3,-1.0,1,0,4
1,4,-1.0,17,0,0
17,0,-1.0,117,0,1
117,2,-1.0,137,0,0
137,0,-1.0,237,0,2
237,2,-1.0,257,0,1
257,1,-1.0,157,0,2
157,2,-1.0,177,0,2
177,2,-1.0,197,0,4
197,1,-1.0,97,0,5
97,5,20.0,85,1,0
252,2,-1.0,272,0,0
272,0,-1.0,372,0,5
372,0,-1.0,472,0,4
472,4,-1.0,476,0,1
476,1,-1.0,376,0,1
376,1,-1.0,276,0,3
276,3,-1.0,256,0,3
256,3,-1.0,236,0,1
236,1,-1.0,136,0,3
136,3,-1.0,116,0,1
116,1,-1.0,16,0,5
16,5,20.0,0,1,0
68,0,-1.0,168,0,0
168,0,-1.0,268,0,3
268,3,-1.0,248,0,3
248,3,-1.0,228,0,3
228,3,-1.0,208,0,0
208,0,-1.0,308,0,0
308,0,-1.0,408,0,4
408,4,-1.0,416,0,1
416,1,-1.0,316,0,1
316,1,-1.0,216,0,1
216,1,-1.0,116,0,1
116,1,-1.0,16,0,5
16,5,20.0,0,1,0
147,2,-1.0,167,0,2
167,2,-1.0,187,0,1
187,1,-1.0,87,0,4
87,4,-1.0,99,0,3
99,3,-1.0,79,0,0
79,0,-1.0,179,0,0
179,0,-1.0,279,0,5
279,0,-1.0,379,0,0
379,0,-1.0,479,0,5
479,5,20.0,475,1,0
214,2,-1.0,234,0,2
234,2,-1.0,254,0,2
254,2,-1.0,274,0,0
274,0,-1.0,374,0,5
374,0,-1.0,474,0,4
474,4,-1.0,478,0,1
478,1,-1.0,378,0,1
378,1,-1.0,278,0,3
278,3,-1.0,258,0,3
258,3,-1.0,238,0,3
238,3,-1.0,218,0,2
218,0,-1.0,318,0,3
318,0,-1.0,418,0,5
418,5,20.0,410,1,0
214,2,-1.0,234,0,2
234,2,-1.0,254,0,2
254,2,-1.0,274,0,0
274,0,-1.0,374,0,0
374,0,-1.0,474,0,4
474,4,-1.0,478,0,1
478,1,-1.0,378,0,1
378,1,-1.0,278,0,3
278,3,-1.0,258,0,3
258,3,-1.0,238,0,3
238,3,-1.0,218,0,0
218,0,-1.0,318,0,0
318,0,-1.0,418,0,5
418,5,20.0,410,1,0
212,2,-1.0,232,0,2
232,2,-1.0,252,0,2
252,2,-1.0,272,0,0
272,0,-1.0,372,0,0
372,0,-1.0,472,0,4
472,4,-1.0,476,0,1
476,1,-1.0,376,0,1
376,1,-1.0,276,0,3
276,3,-1.0,256,0,3
256,3,-1.0,236,0,1
236,1,-1.0,136,0,3
136,3,-1.0,116,0,1
116,1,-1.0,16,0,5
16,5,20.0,0,1,0
129,3,-1.0,109,0,0
109,0,-1.0,209,0,0
209,0,-1.0,309,0,0
309,0,-1.0,409,0,4
409,4,-1.0,417,0,1
417,1,-1.0,317,0,1
317,1,-1.0,217,0,2
217,2,-1.0,237,0,2
237,2,-1.0,257,0,1
257,1,-1.0,157,0,2
157,2,-1.0,177,0,2
177,2,-1.0,197,0,1
197,1,-1.0,97,0,5
97,1,-1.0,97,0,2
97,5,20.0,85,1,0
403,1,-1.0,303,0,1
303,1,-1.0,203,0,1
203,1,-1.0,103,0,1
103,1,-1.0,3,0,1
3,4,-1.0,19,0,0
19,0,-1.0,119,0,0
119,0,-1.0,219,0,2
219,2,-1.0,239,0,2
239,2,-1.0,259,0,0
259,2,-1.0,279,0,0
279,0,-1.0,379,0,0
379,0,-1.0,479,0,5
479,5,20.0,475,1,0
46,2,-1.0,66,0,2
66,2,-1.0,86,0,4
86,4,-1.0,98,0,0
98,0,-1.0,198,0,0
198,0,-1.0,298,0,3
298,3,-1.0,278,0,3
278,3,-1.0,258,0,3
258,3,-1.0,238,0,3
238,3,-1.0,218,0,0
218,0,-1.0,318,0,0
318,3,-1.0,318,0,0
318,0,-1.0,418,0,5
418,5,20.0,410,1,0
254,2,-1.0,274,0,0
274,0,-1.0,374,0,0
374,0,-1.0,474,0,4
474,4,-1.0,478,0,1
478,1,-1.0,378,0,1
378,1,-1.0,278,0,3
278,3,-1.0,258,0,3
258,3,-1.0,238,0,3
238,3,-1.0,218,0,0
218,0,-1.0,318,0,0
318,0,-1.0,418,0,5
418,5,20.0,410,1,0
212,4,-10.0,212,0,2
212,2,-1.0,232,0,2
232,1,-1.0,132,0,0
132,0,-1.0,232,0,2
232,2,-1.0,252,0,2
252,2,-1.0,272,0,2
272,5,-10.0,272,0,0
272,2,-1.0,292,0,5
292,3,-1.0,272,0,0
272,0,-1.0,372,0,0
372,3,-1.0,372,0,0
372,0,-1.0,472,0,4
472,4,-1.0,476,0,1
476,1,-1.0,376,0,2
376,1,-1.0,276,0,3
276,3,-1.0,256,0,3
256,3,-1.0,236,0,1
236,1,-1.0,136,0,3
136,3,-1.0,116,0,2
116,1,-1.0,16,0,5
16,5,20.0,0,1,0
102,1,-1.0,2,0,4
2,4,-1.0,18,0,0
18,0,-1.0,118,0,0
118,4,-10.0,118,0,0
118,0,-1.0,218,0,0
218,0,-1.0,318,0,0
318,0,-1.0,418,0,5
418,5,20.0,410,1,0
103,1,-1.0,3,0,4
3,4,-1.0,19,0,0
19,0,-1.0,119,0,0
119,0,-1.0,219,0,2
219,2,-1.0,239,0,2
239,1,-1.0,139,0,0
139,0,-1.0,239,0,2
239,2,-1.0,259,0,2
259,4,-10.0,259,0,3
259,2,-1.0,279,0,0
279,0,-1.0,379,0,0
379,0,-1.0,479,0,5
479,5,20.0,475,1,0
183,3,-1.0,163,0,0
163,0,-1.0,263,0,3
263,3,-1.0,243,0,3
243,3,-1.0,223,0,1
223,1,-1.0,123,0,0
123,3,-1.0,103,0,1
103,1,-1.0,3,0,4
3,4,-1.0,19,0,0
19,0,-1.0,119,0,0
119,0,-1.0,219,0,2
219,2,-1.0,239,0,2
239,2,-1.0,259,0,2
259,2,-1.0,279,0,0
279,0,-1.0,379,0,0
379,0,-1.0,479,0,5
479,5,20.0,475,1,0
252,3,-1.0,232,0,2
232,2,-1.0,252,0,2
252,2,-1.0,272,0,0
272,0,-1.0,372,0,0
372,0,-1.0,472,0,4
472,0,-1.0,472,0,4
472,2,-1.0,492,0,3
492,1,-1.0,392,0,3
392,3,-1.0,372,0,0
372,0,-1.0,472,0,4
472,4,-1.0,476,0,1
476,1,-1.0,376,0,1
376,1,-1.0,276,0,3
276,3,-1.0,256,0,1
256,3,-1.0,236,0,1
236,1,-1.0,136,0,3
136,3,-1.0,116,0,1
116,1,-1.0,16,0,5
16,5,20.0,0,1,0
402,1,-1.0,302,0,1
302,1,-1.0,202,0,1
202,1,-1.0,102,0,1
102,1,-1.0,2,0,4
2,4,-1.0,18,0,0
18,0,-1.0,118,0,0
118,0,-1.0,218,0,0
218,2,-1.0,238,0,3
238,3,-1.0,218,0,0
218,0,-1.0,318,0,0
318,0,-1.0,418,0,5
418,5,20.0,410,1,0
73,0,-1.0,173,0,1
173,0,-1.0,273,0,3
273,0,-1.0,373,0,0
373,0,-1.0,473,0,4
473,4,-1.0,477,0,2
477,1,-1.0,377,0,2
377,2,-1.0,397,0,1
397,1,-1.0,297,0,1
297,1,-1.0,197,0,1
197,1,-1.0,97,0,5
97,5,20.0,85,1,0
481,1,-1.0,381,0,1
381,1,-1.0,281,0,3
281,3,-1.0,261,0,3
261,3,-1.0,241,0,3
241,3,-1.0,221,0,1
221,1,-1.0,121,0,1
121,1,-1.0,21,0,3
21,3,-1.0,1,0,4
1,4,-1.0,17,0,0
17,0,-1.0,117,0,5
117,0,-1.0,217,0,2
217,2,-1.0,237,0,2
237,2,-1.0,257,0,1
257,1,-1.0,157,0,2
157,2,-1.0,177,0,2
177,2,-1.0,197,0,1
197,1,-1.0,97,0,5
97,5,20.0,85,1,0
47,2,-1.0,67,0,2
67,2,-1.0,87,0,4
87,4,-1.0,99,0,3
99,3,-1.0,79,0,0
79,0,-1.0,179,0,0
179,0,-1.0,279,0,0
279,0,-1.0,379,0,0
379,0,-1.0,479,0,5
479,5,20.0,475,1,0
406,1,-1.0,306,0,1
306,1,-1.0,206,0,2
206,2,-1.0,226,0,2
226,2,-1.0,246,0,2
246,2,-1.0,266,0,2
266,2,-1.0,286,0,1
286,1,-1.0,186,0,1
186,1,-1.0,86,0,4
86,4,-1.0,98,0,0
98,0,-1.0,198,0,0
198,0,-1.0,298,0,3
298,3,-1.0,278,0,3
278,3,-1.0,258,0,3
258,3,-1.0,238,0,3
238,3,-1.0,218,0,0
218,0,-1.0,318,0,0
318,0,-1.0,418,0,5
418,5,20.0,410,1,0
184,1,-1.0,84,0,4
84,4,-1.0,96,0,0
96,0,-1.0,196,0,3
196,3,-1.0,176,0,2
176,0,-1.0,276,0,3
276,3,-1.0,256,0,3
256,3,-1.0,236,0,1
236,0,-1.0,336,0,1
336,1,-1.0,236,0,3
236,1,-1.0,136,0,3
136,3,-1.0,116,0,1
116,1,-1.0,16,0,5
16,5,20.0,0,1,0
44,2,-1.0,64,0,2
64,2,-1.0,84,0,4
84,4,-1.0,96,0,0
96,0,-1.0,196,0,3
196,3,-1.0,176,0,0
176,0,-1.0,276,0,3
276,3,-1.0,256,0,5
256,3,-1.0,236,0,1
236,1,-1.0,136,0,2
136,3,-1.0,116,0,1
116,3,-1.0,116,0,1
116,1,-1.0,16,0,5
16,5,20.0,0,1,0
262,3,-1.0,242,0,3
242,3,-1.0,222,0,1
222,1,-1.0,122,0,3
122,3,-1.0,102,0,1
102,1,-1.0,2,0,4
2,4,-1.0,18,0,0
18,0,-1.0,118,0,0
118,0,-1.0,218,0,0
218,0,-1.0,318,0,0
318,0,-1.0,418,0,5
418,5,20.0,410,1,0
488,1,-1.0,388,0,5
388,3,-1.0,368,0,1
368,1,-1.0,268,0,3
268,3,-1.0,248,0,3
248,0,-1.0,348,0,1
348,1,-1.0,248,0,3
248,3,-1.0,228,0,2
228,3,-1.0,208,0,0
208,0,-1.0,308,0,4
308,0,-1.0,408,0,4
408,4,-1.0,416,0,1
416,1,-1.0,316,0,1
316,1,-1.0,216,0,1
216,1,-1.0,116,0,1
116,1,-1.0,16,0,5
16,5,20.0,0,1,0
6,0,-1.0,106,0,0
106,0,-1.0,206,0,2
206,2,-1.0,226,0,2
226,2,-1.0,246,0,2
246,2,-1.0,266,0,2
266,2,-1.0,286,0,1
286,1,-1.0,186,0,1
186,3,-1.0,166,0,2
166,2,-1.0,186,0,1
186,1,-1.0,86,0,4
86,4,-1.0,98,0,0
98,0,-1.0,198,0,0
198,0,-1.0,298,0,3
298,3,-1.0,278,0,3
278,3,-1.0,258,0,3
258,3,-1.0,238,0,3
238,3,-1.0,218,0,0
218,0,-1.0,318,0,0
318,0,-1.0,418,0,5
418,4,-10.0,418,0,5
418,5,20.0,410,1,0
124,0,-1.0,224,0,2
224,2,-1.0,244,0,1
244,1,-1.0,144,0,2
144,2,-1.0,164,0,2
164,2,-1.0,184,0,4
184,1,-1.0,84,0,4
84,1,-1.0,84,0,4
84,4,-1.0,96,0,0
96,2,-1.0,96,0,0
96,0,-1.0,196,0,3
196,3,-1.0,176,0,0
176,0,-1.0,276,0,3
276,3,-1.0,256,0,3
256,1,-1.0,156,0,0
156,0,-1.0,256,0,3
256,0,-1.0,356,0,1
356,1,-1.0,256,0,3
256,3,-1.0,236,0,1
236,1,-1.0,136,0,3
136,3,-1.0,116,0,1
116,1,-1.0,16,0,5
16,5,20.0,0,1,0
167,2,-1.0,187,0,1
187,1,-1.0,87,0,4
87,4,-1.0,99,0,3
99,3,-1.0,79,0,0
79,0,-1.0,179,0,0
179,0,-1.0,279,0,0
279,2,-1.0,299,0,3
299,3,-1.0,279,0,0
279,0,-1.0,379,0,0
379,0,-1.0,479,0,2
479,5,20.0,475,1,0
48,0,-1.0,148,0,0
148,0,-1.0,248,0,3
248,3,-1.0,228,0,3
228,3,-1.0,208,0,0
208,0,-1.0,308,0,0
308,0,-1.0,408,0,4
408,4,-1.0,416,0,1
416,1,-1.0,316,0,1
316,1,-1.0,216,0,1
216,1,-1.0,116,0,1
116,1,-1.0,16,0,5
16,5,20.0,0,1,0
287,1,-1.0,187,0,1
187,1,-1.0,87,0,4
87,4,-1.0,99,0,3
99,3,-1.0,79,0,0
79,0,-1.0,179,0,1
179,0,-1.0,279,0,1
279,0,-1.0,379,0,0
379,0,-1.0,479,0,5
479,5,20.0,475,1,0
468,1,-1.0,368,0,1
368,1,-1.0,268,0,3
268,3,-1.0,248,0,3
248,3,-1.0,228,0,3
228,3,-1.0,208,0,0
208,0,-1.0,308,0,0
308,0,-1.0,408,0,2
408,4,-1.0,416,0,1
416,1,-1.0,316,0,1
316,2,-1.0,316,0,1
316,1,-1.0,216,0,1
216,1,-1.0,116,0,1
116,1,-1.0,16,0,5
16,5,20.0,0,1,0
194,3,-1.0,174,0,0
174,0,-1.0,274,0,0
274,0,-1.0,374,0,0
374,0,-1.0,474,0,4
474,4,-1.0,478,0,1
478,1,-1.0,378,0,1
378,1,-1.0,278,0,3
278,3,-1.0,258,0,3
258,3,-1.0,238,0,3
238,3,-1.0,218,0,0
218,0,-1.0,318,0,0
318,2,-1.0,318,0,0
318,0,-1.0,418,0,5
418,5,20.0,410,1,0
182,0,-1.0,282,0,3
282,0,-1.0,382,0,1
382,1,-1.0,282,0,3
282,3,-1.0,262,0,2
262,3,-1.0,242,0,3
242,1,-1.0,142,0,0
142,0,-1.0,242,0,3
242,3,-1.0,222,0,1
222,1,-1.0,122,0,3
122,3,-1.0,102,0,1
102,1,-1.0,2,0,4
2,4,-1.0,18,0,2
18,5,-1.0,2,0,4
2,4,-1.0,18,0,0
18,0,-1.0,118,0,0
118,0,-1.0,218,0,0
218,0,-1.0,318,0,0
318,5,-10.0,318,0,0
318,0,-1.0,418,0,5
418,5,20.0,410,1,0
389,1,-1.0,289,0,3
289,3,-1.0,269,0,3
269,3,-1.0,249,0,3
249,3,-1.0,229,0,0
229,3,-1.0,209,0,0
209,0,-1.0,309,0,0
309,4,-10.0,309,0,0
309,0,-1.0,409,0,4
409,4,-1.0,417,0,1
417,1,-1.0,317,0,1
317,1,-1.0,217,0,2
217,2,-1.0,237,0,0
237,2,-1.0,257,0,1
257,1,-1.0,157,0,2
157,2,-1.0,177,0,2
177,2,-1.0,197,0,1
197,1,-1.0,97,0,5
97,5,20.0,85,1,0
202,1,-1.0,102,0,1
102,1,-1.0,2,0,4
2,4,-1.0,18,0,0
18,0,-1.0,118,0,0
118,0,-1.0,218,0,0
218,0,-1.0,318,0,0
318,0,-1.0,418,0,5
418,5,20.0,410,1,0
166,2,-1.0,186,0,1
186,1,-1.0,86,0,4
86,4,-1.0,98,0,0
98,0,-1.0,198,0,0
198,0,-1.0,298,0,3
298,3,-1.0,278,0,3
278,3,-1.0,258,0,3
258,3,-1.0,238,0,3
238,3,-1.0,218,0,0
218,0,-1.0,318,0,0
318,0,-1.0,418,0,5
418,1,-1.0,318,0,0
318,0,-1.0,418,0,5
418,5,20.0,410,1,0
268,3,-1.0,248,0,3
248,3,-1.0,228,0,3
228,3,-1.0,208,0,0
208,0,-1.0,308,0,0
308,0,-1.0,408,0,4
408,4,-1.0,416,0,1
416,1,-1.0,316,0,4
316,1,-1.0,216,0,1
216,1,-1.0,116,0,1
116,1,-1.0,16,0,5
16,5,20.0,0,1,0
161,3,-1.0,141,0,0
141,0,-1.0,241,0,5
241,3,-1.0,221,0,1
221,1,-1.0,121,0,1
121,1,-1.0,21,0,3
21,3,-1.0,1,0,4
1,4,-1.0,17,0,0
17,0,-1.0,117,0,2
117,2,-1.0,137,0,0
137,0,-1.0,237,0,2
237,2,-1.0,257,0,1
257,1,-1.0,157,0,2
157,2,-1.0,177,0,2
177,2,-1.0,197,0,1
197,1,-1.0,97,0,5
97,5,20.0,85,1,0
142,0,-1.0,242,0,1
242,3,-1.0,222,0,1
222,1,-1.0,122,0,3
122,3,-1.0,102,0,1
102,2,-1.0,122,0,3
122,3,-1.0,102,0,1
102,1,-1.0,2,0,4
2,4,-1.0,18,0,0
18,4,-10.0,18,0,0
18,0,-1.0,118,0,0
118,0,-1.0,218,0,0
218,0,-1.0,318,0,0
318,0,-1.0,418,0,5
418,5,20.0,410,1,0
143,0,-1.0,243,0,3
243,3,-1.0,223,0,1
223,1,-1.0,123,0,3
123,3,-1.0,103,0,1
103,1,-1.0,3,0,5
3,4,-1.0,19,0,0
19,0,-1.0,119,0,0
119,0,-1.0,219,0,2
219,2,-1.0,239,0,2
239,2,-1.0,259,0,2
259,2,-1.0,279,0,0
279,0,-1.0,379,0,0
379,2,-1.0,399,0,3
399,3,-1.0,379,0,3
379,0,-1.0,479,0,5
479,5,20.0,475,1,0
223,1,-1.0,123,0,3
123,3,-1.0,103,0,1
103,1,-1.0,3,0,4
3,1,-1.0,3,0,4
3,4,-1.0,19,0,0
19,0,-1.0,119,0,0
119,0,-1.0,219,0,2
219,5,-10.0,219,0,2
219,2,-1.0,239,0,2
239,2,-1.0,259,0,0
259,2,-1.0,279,0,0
279,0,-1.0,379,0,0
379,0,-1.0,479,0,5
479,5,20.0,475,1,0
87,4,-1.0,99,0,3
99,5,-1.0,87,0,4
87,4,-1.0,99,0,3
99,3,-1.0,79,0,0
79,0,-1.0,179,0,0
179,1,-1.0,79,0,0
79,5,-10.0,79,0,0
79,0,-1.0,179,0,0
179,0,-1.0,279,0,0
279,0,-1.0,379,0,0
379,0,-1.0,479,0,5
479,5,20.0,475,1,0
89,3,-1.0,69,0,0
69,0,-1.0,169,0,3
169,3,-1.0,149,0,0
149,0,-1.0,249,0,3
249,3,-1.0,229,0,3
229,3,-1.0,209,0,0
209,0,-1.0,309,0,0
309,0,-1.0,409,0,4
409,0,-1.0,409,0,4
409,4,-1.0,417,0,1
417,1,-1.0,317,0,1
317,1,-1.0,217,0,2
217,2,-1.0,237,0,2
237,2,-1.0,257,0,1
257,1,-1.0,157,0,2
157,2,-1.0,177,0,2
177,2,-1.0,197,0,1
197,1,-1.0,97,0,5
97,5,20.0,85,1,0
126,0,-1.0,226,0,2
226,2,-1.0,246,0,2
246,3,-1.0,226,0,2
226,2,-1.0,246,0,2
246,2,-1.0,266,0,2
266,3,-1.0,246,0,2
246,2,-1.0,266,0,2
266,2,-1.0,286,0,1
286,1,-1.0,186,0,1
186,1,-1.0,86,0,4
86,4,-1.0,98,0,0
98,0,-1.0,198,0,0
198,0,-1.0,298,0,3
298,3,-1.0,278,0,3
278,3,-1.0,258,0,3
258,0,-1.0,358,0,1
358,1,-1.0,258,0,3
258,3,-1.0,238,0,3
238,3,-1.0,218,0,0
218,0,-1.0,318,0,0
318,0,-1.0,418,0,5
418,5,20.0,410,1,0
293,3,-1.0,273,0,0
273,0,-1.0,373,0,0
373,0,-1.0,473,0,4
473,4,-1.0,477,0,2
477,2,-1.0,497,0,1
497,1,-1.0,397,0,1
397,1,-1.0,297,0,1
297,1,-1.0,197,0,1
197,0,-1.0,297,0,1
297,2,-1.0,297,0,0
297,3,-1.0,277,0,1
277,2,-1.0,297,0,3
297,0,-1.0,397,0,1
397,1,-1.0,297,0,1
297,1,-1.0,197,0,1
197,1,-1.0,97,0,5
97,5,20.0,85,1,0
46,2,-1.0,66,0,2
66,2,-1.0,86,0,4
86,4,-1.0,98,0,0
98,0,-1.0,198,0,0
198,0,-1.0,298,0,3
298,3,-1.0,278,0,3
278,3,-1.0,258,0,3
258,3,-1.0,238,0,3
238,3,-1.0,218,0,0
218,0,-1.0,318,0,0
318,0,-1.0,418,0,5
418,5,20.0,410,1,0
391,1,-1.0,291,0,3
291,3,-1.0,271,0,1
271,3,-1.0,251,0,3
251,3,-1.0,231,0,3
231,3,-1.0,211,0,3
211,0,-1.0,311,0,0
311,0,-1.0,411,0,4
411,4,-1.0,419,0,4
419,1,-1.0,319,0,1
319,1,-1.0,219,0,0
219,2,-1.0,239,0,2
239,2,-1.0,259,0,2
259,3,-1.0,239,0,2
239,2,-1.0,259,0,2
259,2,-1.0,279,0,2
279,0,-1.0,379,0,0
379,0,-1.0,479,0,5
479,5,20.0,475,1,0
32,0,-1.0,132,0,0
132,0,-1.0,232,0,2
232,2,-1.0,252,0,2
252,2,-1.0,272,0,0
272,0,-1.0,372,0,0
372,0,-1.0,472,0,4
472,4,-1.0,476,0,1
476,1,-1.0,376,0,2
376,1,-1.0,276,0,3
276,3,-1.0,256,0,3
256,2,-1.0,276,0,3
276,3,-1.0,256,0,3
256,4,-10.0,256,0,3
256,3,-1.0,236,0,1
236,1,-1.0,136,0,3
136,3,-1.0,116,0,1
116,1,-1.0,16,0,5
16,5,20.0,0,1,0
231,3,-1.0,211,0,0
211,0,-1.0,311,0,0
311,0,-1.0,411,0,4
411,4,-1.0,419,0,1
419,1,-1.0,319,0,1
319,1,-1.0,219,0,2
219,2,-1.0,239,0,2
239,2,-1.0,259,0,3
259,2,-1.0,279,0,0
279,0,-1.0,379,0,0
379,0,-1.0,479,0,5
479,5,20.0,475,1,0
208,2,-1.0,228,0,3
228,3,-1.0,208,0,0
208,0,-1.0,308,0,0
308,0,-1.0,408,0,4
408,4,-1.0,416,0,1
416,1,-1.0,316,0,1
316,2,-1.0,316,0,1
316,1,-1.0,216,0,1
216,1,-1.0,116,0,1
116,1,-1.0,16,0,5
16,5,20.0,0,1,0
32,0,-1.0,132,0,0
132,0,-1.0,232,0,2
232,2,-1.0,252,0,2
252,2,-1.0,272,0,0
272,0,-1.0,372,0,0
372,0,-1.0,472,0,4
472,4,-1.0,476,0,2
476,1,-1.0,376,0,3
376,1,-1.0,276,0,3
276,3,-1.0,256,0,3
256,3,-1.0,236,0,1
236,1,-1.0,136,0,3
136,3,-1.0,116,0,1
116,1,-1.0,16,0,5
16,5,20.0,0,1,0
222,1,-1.0,122,0,3
122,3,-1.0,102,0,1
102,1,-1.0,2,0,4
2,4,-1.0,18,0,0
18,0,-1.0,118,0,0
118,0,-1.0,218,0,0
218,0,-1.0,318,0,0
318,0,-1.0,418,0,5
418,5,20.0,410,1,0
244,4,-10.0,244,0,1
244,1,-1.0,144,0,2
144,2,-1.0,164,0,2
164,2,-1.0,184,0,1
184,1,-1.0,84,0,4
84,0,-1.0,184,0,1
184,1,-1.0,84,0,4
84,4,-1.0,96,0,0
96,0,-1.0,196,0,3
196,3,-1.0,176,0,0
176,0,-1.0,276,0,3
276,3,-1.0,256,0,0
256,3,-1.0,236,0,1
236,1,-1.0,136,0,3
136,3,-1.0,116,0,3
116,1,-1.0,16,0,5
16,5,20.0,0,1,0
181,2,-1.0,181,0,3
181,3,-1.0,161,0,3
161,1,-1.0,61,0,0
61,0,-1.0,161,0,3
161,3,-1.0,141,0,3
141,0,-1.0,241,0,3
241,3,-1.0,221,0,1
221,1,-1.0,121,0,4
121,1,-1.0,21,0,3
21,3,-1.0,1,0,4
1,4,-1.0,17,0,0
17,0,-1.0,117,0,2
117,3,-1.0,117,0,2
117,2,-1.0,137,0,0
137,0,-1.0,237,0,2
237,2,-1.0,257,0,1
257,1,-1.0,157,0,2
157,2,-1.0,177,0,2
177,2,-1.0,197,0,3
197,1,-1.0,97,0,5
97,5,20.0,85,1,0
321,1,-1.0,221,0,1
221,1,-1.0,121,0,1
121,1,-1.0,21,0,3
21,3,-1.0,1,0,4
1,4,-1.0,17,0,0
17,0,-1.0,117,0,2
117,2,-1.0,137,0,0
137,3,-1.0,117,0,2
117,2,-1.0,137,0,0
137,3,-1.0,117,0,2
117,2,-1.0,137,0,0
137,0,-1.0,237,0,2
237,2,-1.0,257,0,1
257,1,-1.0,157,0,2
157,5,-10.0,157,0,2
157,2,-1.0,177,0,2
177,2,-1.0,197,0,4
197,1,-1.0,97,0,5
97,5,20.0,85,1,0
221,1,-1.0,121,0,1
121,1,-1.0,21,0,3
21,3,-1.0,1,0,4
1,4,-1.0,17,0,0
17,0,-1.0,117,0,2
117,2,-1.0,137,0,0
137,0,-1.0,237,0,2
237,2,-1.0,257,0,1
257,1,-1.0,157,0,2
157,2,-1.0,177,0,2
177,2,-1.0,197,0,1
197,1,-1.0,97,0,5
97,5,20.0,85,1,0
274,0,-1.0,374,0,0
374,1,-1.0,274,0,5
274,0,-1.0,374,0,0
374,0,-1.0,474,0,4
474,4,-1.0,478,0,1
478,1,-1.0,378,0,1
378,1,-1.0,278,0,3
278,3,-1.0,258,0,3
258,3,-1.0,238,0,3
238,3,-1.0,218,0,0
218,0,-1.0,318,0,0
318,0,-1.0,418,0,5
418,5,20.0,410,1,0
451,2,-1.0,451,0,1
451,1,-1.0,351,0,1
351,1,-1.0,251,0,3
251,3,-1.0,231,0,3
231,3,-1.0,211,0,0
211,0,-1.0,311,0,2
311,5,-10.0,311,0,0
311,0,-1.0,411,0,4
411,4,-1.0,419,0,1
419,1,-1.0,319,0,1
319,1,-1.0,219,0,2
219,2,-1.0,239,0,2
239,2,-1.0,259,0,3
259,2,-1.0,279,0,0
279,0,-1.0,379,0,0
379,0,-1.0,479,0,5
479,5,20.0,475,1,0
424,1,-1.0,324,0,1
324,4,-10.0,324,0,1
324,1,-1.0,224,0,2
224,2,-1.0,244,0,1
244,1,-1.0,144,0,2
144,2,-1.0,164,0,2
164,2,-1.0,184,0,1
184,1,-1.0,84,0,4
84,4,-1.0,96,0,0
96,0,-1.0,196,0,3
196,3,-1.0,176,0,0
176,4,-10.0,176,0,4
176,0,-1.0,276,0,3
276,3,-1.0,256,0,3
256,3,-1.0,236,0,1
236,1,-1.0,136,0,3
136,3,-1.0,116,0,1
116,1,-1.0,16,0,5
16,5,20.0,0,1,0
124,0,-1.0,224,0,2
224,1,-1.0,124,0,0
124,0,-1.0,224,0,2
224,2,-1.0,244,0,1
244,1,-1.0,144,0,2
144,2,-1.0,164,0,2
164,2,-1.0,184,0,1
184,1,-1.0,84,0,4
84,4,-1.0,96,0,0
96,0,-1.0,196,0,3
196,3,-1.0,176,0,0
176,0,-1.0,276,0,3
276,3,-1.0,256,0,3
256,3,-1.0,236,0,1
236,3,-1.0,216,0,1
216,1,-1.0,116,0,1
116,1,-1.0,16,0,0
16,2,-1.0,36,0,3
36,3,-1.0,16,0,5
16,5,20.0,0,1,0
93,4,-10.0,93,0,0
93,0,-1.0,193,0,0
193,0,-1.0,293,0,3
293,3,-1.0,273,0,0
273,0,-1.0,373,0,0
373,0,-1.0,473,0,4
473,4,-1.0,477,0,2
477,2,-1.0,497,0,1
497,1,-1.0,397,0,1
397,1,-1.0,297,0,1
297,1,-1.0,197,0,1
197,1,-1.0,97,0,5
97,5,20.0,85,1,0
449,1,-1.0,349,0,1
349,1,-1.0,249,0,3
249,3,-1.0,229,0,3
229,3,-1.0,209,0,0
209,0,-1.0,309,0,0
309,0,-1.0,409,0,3
409,4,-1.0,417,0,1
417,1,-1.0,317,0,1
317,1,-1.0,217,0,2
217,2,-1.0,237,0,2
237,2,-1.0,257,0,1
257,1,-1.0,157,0,2
157,2,-1.0,177,0,2
177,2,-1.0,197,0,1
197,1,-1.0,97,0,5
97,5,20.0,85,1,0
448,1,-1.0,348,0,1
348,1,-1.0,248,0,3
248,3,-1.0,228,0,3
228,3,-1.0,208,0,0
208,0,-1.0,308,0,0
308,0,-1.0,408,0,4
408,4,-1.0,416,0,1
416,1,-1.0,316,0,1
316,1,-1.0,216,0,1
216,1,-1.0,116,0,1
116,1,-1.0,16,0,5
16,5,20.0,0,1,0
74,0,-1.0,174,0,4
174,0,-1.0,274,0,0
274,0,-1.0,374,0,0
374,0,-1.0,474,0,4
474,4,-1.0,478,0,1
478,1,-1.0,378,0,1
378,1,-1.0,278,0,3
278,3,-1.0,258,0,3
258,3,-1.0,238,0,3
238,0,-1.0,338,0,1
338,1,-1.0,238,0,3
238,3,-1.0,218,0,0
218,0,-1.0,318,0,0
318,4,-10.0,318,0,0
318,0,-1.0,418,0,5
418,5,20.0,410,1,0
432,1,-1.0,332,0,5
332,1,-1.0,232,0,2
232,2,-1.0,252,0,2
252,2,-1.0,272,0,0
272,0,-1.0,372,0,0
372,0,-1.0,472,0,4
472,4,-1.0,476,0,1
476,1,-1.0,376,0,1
376,1,-1.0,276,0,3
276,3,-1.0,256,0,3
256,3,-1.0,236,0,1
236,4,-10.0,236,0,1
236,1,-1.0,136,0,3
136,3,-1.0,116,0,1
116,1,-1.0,16,0,5
16,5,20.0,0,1,0
212,2,-1.0,232,0,2
232,2,-1.0,252,0,2
252,2,-1.0,272,0,0
272,0,-1.0,372,0,0
372,0,-1.0,472,0,4
472,4,-1.0,476,0,1
476,1,-1.0,376,0,1
376,1,-1.0,276,0,3
276,3,-1.0,256,0,3
256,3,-1.0,236,0,1
236,1,-1.0,136,0,3
136,3,-1.0,116,0,1
116,1,-1.0,16,0,5
16,5,20.0,0,1,0
272,3,-1.0,252,0,0
252,2,-1.0,272,0,4
272,0,-1.0,372,0,0
372,1,-1.0,272,0,0
272,0,-1.0,372,0,0
372,0,-1.0,472,0,2
472,4,-1.0,476,0,3
476,1,-1.0,376,0,1
376,1,-1.0,276,0,3
276,3,-1.0,256,0,5
256,3,-1.0,236,0,1
236,1,-1.0,136,0,3
136,3,-1.0,116,0,1
116,1,-1.0,16,0,5
16,3,-1.0,16,0,5
16,5,20.0,0,1,0
174,0,-1.0,274,0,0
274,0,-1.0,374,0,0
374,0,-1.0,474,0,4
474,4,-1.0,478,0,1
478,1,-1.0,378,0,1
378,0,-1.0,478,0,1
478,1,-1.0,378,0,1
378,1,-1.0,278,0,3
278,3,-1.0,258,0,3
258,3,-1.0,238,0,3
238,3,-1.0,218,0,0
218,0,-1.0,318,0,0
318,0,-1.0,418,0,5
418,5,20.0,410,1,0
142,0,-1.0,242,0,3
242,3,-1.0,222,0,1
222,1,-1.0,122,0,3
122,3,-1.0,102,0,1
102,1,-1.0,2,0,4
2,4,-1.0,18,0,0
18,0,-1.0,118,0,0
118,0,-1.0,218,0,0
218,0,-1.0,318,0,0
318,0,-1.0,418,0,4
418,5,20.0,410,1,0
112,0,-1.0,212,0,2
212,2,-1.0,232,0,1
232,2,-1.0,252,0,2
252,2,-1.0,272,0,0
272,0,-1.0,372,0,0
372,0,-1.0,472,0,4
472,4,-1.0,476,0,1
476,1,-1.0,376,0,1
376,1,-1.0,276,0,3
276,3,-1.0,256,0,3
256,3,-1.0,236,0,1
236,1,-1.0,136,0,3
136,3,-1.0,116,0,1
116,1,-1.0,16,0,5
16,5,20.0,0,1,0
72,0,-1.0,172,0,0
172,0,-1.0,272,0,0
272,0,-1.0,372,0,0
372,0,-1.0,472,0,4
472,4,-1.0,476,0,1
476,1,-1.0,376,0,1
376,1,-1.0,276,0,3
276,3,-1.0,256,0,5
256,3,-1.0,236,0,1
236,1,-1.0,136,0,5
136,3,-1.0,116,0,1
116,1,-1.0,16,0,5
16,5,20.0,0,1,0
48,0,-1.0,148,0,0
148,0,-1.0,248,0,3
248,3,-1.0,228,0,3
228,3,-1.0,208,0,0
208,0,-1.0,308,0,0
308,0,-1.0,408,0,4
408,4,-1.0,416,0,1
416,1,-1.0,316,0,1
316,1,-1.0,216,0,1
216,1,-1.0,116,0,1
116,1,-1.0,16,0,5
16,5,20.0,0,1,0
33,0,-1.0,133,0,0
133,0,-1.0,233,0,2
233,2,-1.0,253,0,2
253,2,-1.0,273,0,0
273,0,-1.0,373,0,0
373,0,-1.0,473,0,4
473,4,-1.0,477,0,2
477,2,-1.0,497,0,1
497,1,-1.0,397,0,1
397,1,-1.0,297,0,1
297,1,-1.0,197,0,1
197,1,-1.0,97,0,5
97,5,20.0,85,1,0
493,3,-1.0,473,0,4
473,1,-1.0,373,0,0
373,0,-1.0,473,0,4
473,4,-1.0,477,0,2
477,2,-1.0,497,0,1
497,1,-1.0,397,0,1
397,1,-1.0,297,0,1
297,1,-1.0,197,0,1
197,1,-1.0,97,0,5
97,5,20.0,85,1,0
91,3,-1.0,71,0,0
71,0,-1.0,171,0,1
171,0,-1.0,271,0,3
271,3,-1.0,251,0,3
251,3,-1.0,231,0,3
231,3,-1.0,211,0,0
211,0,-1.0,311,0,0
311,0,-1.0,411,0,4
411,4,-1.0,419,0,1
419,1,-1.0,319,0,1
319,1,-1.0,219,0,2
219,2,-1.0,239,0,2
239,3,-1.0,219,0,3
219,2,-1.0,239,0,2
239,2,-1.0,259,0,2
259,2,-1.0,279,0,0
279,0,-1.0,379,0,0
379,0,-1.0,479,0,5
479,5,20.0,475,1,0
209,0,-1.0,309,0,0
309,0,-1.0,409,0,4
409,4,-1.0,417,0,4
417,1,-1.0,317,0,1
317,1,-1.0,217,0,2
217,2,-1.0,237,0,2
237,2,-1.0,257,0,1
257,1,-1.0,157,0,2
157,2,-1.0,177,0,2
177,2,-1.0,197,0,1
197,1,-1.0,97,0,5
97,5,20.0,85,1,0
191,0,-1.0,291,0,3
291,3,-1.0,271,0,3
271,3,-1.0,251,0,3
251,3,-1.0,231,0,3
231,3,-1.0,211,0,0
211,1,-1.0,111,0,0
111,0,-1.0,211,0,0
211,5,-10.0,211,0,0
211,0,-1.0,311,0,0
311,0,-1.0,411,0,4
411,4,-1.0,419,0,1
419,1,-1.0,319,0,1
319,1,-1.0,219,0,2
219,2,-1.0,239,0,1
239,2,-1.0,259,0,2
259,2,-1.0,279,0,0
279,0,-1.0,379,0,0
379,0,-1.0,479,0,5
479,5,20.0,475,1,0
101,1,-1.0,1,0,5
1,4,-1.0,17,0,0
17,0,-1.0,117,0,2
117,1,-1.0,17,0,0
17,0,-1.0,117,0,2
117,0,-1.0,217,0,2
217,5,-10.0,217,0,2
217,2,-1.0,237,0,2
237,2,-1.0,257,0,1
257,1,-1.0,157,0,2
157,2,-1.0,177,0,2
177,2,-1.0,197,0,1
197,1,-1.0,97,0,5
97,5,20.0,85,1,0
161,3,-1.0,141,0,0
141,5,-10.0,141,0,0
141,0,-1.0,241,0,3
241,3,-1.0,221,0,1
221,1,-1.0,121,0,2
121,1,-1.0,21,0,3
21,3,-1.0,1,0,4
1,4,-1.0,17,0,0
17,0,-1.0,117,0,2
117,2,-1.0,137,0,0
137,0,-1.0,237,0,2
237,2,-1.0,257,0,1
257,2,-1.0,277,0,1
277,3,-1.0,257,0,1
257,1,-1.0,157,0,2
157,2,-1.0,177,0,2
177,2,-1.0,197,0,1
197,1,-1.0,97,0,5
97,5,20.0,85,1,0
266,2,-1.0,286,0,1
286,1,-1.0,186,0,1
186,3,-1.0,166,0,2
166,2,-1.0,186,0,1
186,1,-1.0,86,0,4
86,4,-1.0,98,0,0
98,0,-1.0,198,0,0
198,0,-1.0,298,0,3
298,1,-1.0,198,0,0
198,0,-1.0,298,0,3
298,3,-1.0,278,0,3
278,3,-1.0,258,0,3
258,3,-1.0,238,0,3
238,3,-1.0,218,0,2
218,0,-1.0,318,0,0
318,0,-1.0,418,0,5
418,5,20.0,410,1,0
304,1,-1.0,204,0,2
204,2,-1.0,224,0,2
224,2,-1.0,244,0,1
244,1,-1.0,144,0,2
144,2,-1.0,164,0,5
164,2,-1.0,184,0,1
184,1,-1.0,84,0,4
84,4,-1.0,96,0,0
96,0,-1.0,196,0,3
196,3,-1.0,176,0,0
176,0,-1.0,276,0,3
276,3,-1.0,256,0,3
256,3,-1.0,236,0,1
236,1,-1.0,136,0,3
136,3,-1.0,116,0,1
116,1,-1.0,16,0,5
16,5,20.0,0,1,0
44,2,-1.0,64,0,2
64,2,-1.0,84,0,4
84,4,-1.0,96,0,0
96,0,-1.0,196,0,3
196,3,-1.0,176,0,0
176,0,-1.0,276,0,3
276,3,-1.0,256,0,3
256,3,-1.0,236,0,1
236,1,-1.0,136,0,3
136,3,-1.0,116,0,1
116,1,-1.0,16,0,5
16,5,20.0,0,1,0
314,1,-1.0,214,0,2
214,0,-1.0,314,0,1
314,1,-1.0,214,0,2
214,2,-1.0,234,0,1
234,2,-1.0,254,0,2
254,2,-1.0,274,0,0
274,0,-1.0,374,0,2
374,3,-1.0,374,0,0
374,0,-1.0,474,0,4
474,4,-1.0,478,0,1
478,1,-1.0,378,0,1
378,1,-1.0,278,0,3
278,3,-1.0,258,0,3
258,3,-1.0,238,0,3
238,3,-1.0,218,0,0
218,0,-1.0,318,0,0
318,0,-1.0,418,0,5
418,5,20.0,410,1,0
73,0,-1.0,173,0,0
173,0,-1.0,273,0,0
273,0,-1.0,373,0,0
373,0,-1.0,473,0,4
473,4,-1.0,477,0,2
477,2,-1.0,497,0,1
497,3,-1.0,477,0,3
477,2,-1.0,497,0,1
497,1,-1.0,397,0,1
397,1,-1.0,297,0,1
297,1,-1.0,197,0,1
197,1,-1.0,97,0,5
97,5,20.0,85,1,0
307,1,-1.0,207,0,2
207,2,-1.0,227,0,2
227,2,-1.0,247,0,2
247,2,-1.0,267,0,2
267,2,-1.0,287,0,1
287,1,-1.0,187,0,1
187,1,-1.0,87,0,4
87,4,-1.0,99,0,3
99,3,-1.0,79,0,0
79,0,-1.0,179,0,0
179,0,-1.0,279,0,0
279,0,-1.0,379,0,0
379,0,-1.0,479,0,5
479,5,20.0,475,1,0
412,1,-1.0,312,0,1
312,1,-1.0,212,0,3
212,2,-1.0,232,0,2
232,2,-1.0,252,0,2
252,2,-1.0,272,0,0
272,0,-1.0,372,0,0
372,0,-1.0,472,0,4
472,4,-1.0,476,0,1
476,1,-1.0,376,0,1
376,1,-1.0,276,0,3
276,3,-1.0,256,0,3
256,3,-1.0,236,0,1
236,5,-10.0,236,0,1
236,1,-1.0,136,0,3
136,3,-1.0,116,0,1
116,1,-1.0,16,0,5
16,5,20.0,0,1,0
13,0,-1.0,113,0,0
113,0,-1.0,213,0,2
213,5,-10.0,213,0,2
213,2,-1.0,233,0,2
233,2,-1.0,253,0,2
253,2,-1.0,273,0,0
273,0,-1.0,373,0,0
373,0,-1.0,473,0,4
473,4,-1.0,477,0,2
477,2,-1.0,497,0,1
497,1,-1.0,397,0,1
397,1,-1.0,297,0,1
297,1,-1.0,197,0,1
197,1,-1.0,97,0,5
97,5,20.0,85,1,0
294,3,-1.0,274,0,0
274,0,-1.0,374,0,3
374,3,-1.0,374,0,0
374,0,-1.0,474,0,4
474,4,-1.0,478,0,1
478,1,-1.0,378,0,5
378,1,-1.0,278,0,2
278,2,-1.0,298,0,3
298,3,-1.0,278,0,3
278,3,-1.0,258,0,3
258,3,-1.0,238,0,1
238,3,-1.0,218,0,0
218,0,-1.0,318,0,0
318,0,-1.0,418,0,5
418,5,20.0,410,1,0
152,4,-10.0,152,0,2
152,2,-1.0,172,0,0
172,0,-1.0,272,0,0
272,0,-1.0,372,0,0
372,0,-1.0,472,0,4
472,4,-1.0,476,0,1
476,1,-1.0,376,0,1
376,1,-1.0,276,0,3
276,3,-1.0,256,0,3
256,3,-1.0,236,0,1
236,1,-1.0,136,0,3
136,3,-1.0,116,0,1
116,1,-1.0,16,0,5
16,5,20.0,0,1,0
284,1,-1.0,184,0,1
184,1,-1.0,84,0,4
84,4,-1.0,96,0,1
96,0,-1.0,196,0,3
196,3,-1.0,176,0,0
176,0,-1.0,276,0,3
276,3,-1.0,256,0,3
256,3,-1.0,236,0,1
236,1,-1.0,136,0,3
136,0,-1.0,236,0,1
236,1,-1.0,136,0,3
136,3,-1.0,116,0,1
116,1,-1.0,16,0,4
16,5,20.0,0,1,0
9,0,-1.0,109,0,0
109,0,-1.0,209,0,0
209,5,-10.0,209,0,0
209,0,-1.0,309,0,0
309,1,-1.0,209,0,0
209,0,-1.0,309,0,0
309,0,-1.0,409,0,4
409,4,-1.0,417,0,1
417,1,-1.0,317,0,1
317,1,-1.0,217,0,2
217,1,-1.0,117,0,2
117,2,-1.0,137,0,0
137,0,-1.0,237,0,2
237,2,-1.0,257,0,1
257,1,-1.0,157,0,2
157,2,-1.0,177,0,2
177,2,-1.0,197,0,1
197,1,-1.0,97,0,3
97,5,20.0,85,1,0
431,1,-1.0,331,0,1
331,1,-1.0,231,0,3
231,3,-1.0,211,0,0
211,0,-1.0,311,0,0
311,0,-1.0,411,0,4
411,4,-1.0,419,0,1
419,1,-1.0,319,0,1
319,1,-1.0,219,0,2
219,3,-1.0,219,0,2
219,2,-1.0,239,0,2
239,2,-1.0,259,0,3
259,2,-1.0,279,0,0
279,0,-1.0,379,0,0
379,0,-1.0,479,0,5
479,5,20.0,475,1,0
404,1,-1.0,304,0,1
304,1,-1.0,204,0,2
204,2,-1.0,224,0,2
224,2,-1.0,244,0,1
244,1,-1.0,144,0,2
144,2,-1.0,164,0,2
164,2,-1.0,184,0,1
184,1,-1.0,84,0,4
84,4,-1.0,96,0,0
96,0,-1.0,196,0,3
196,3,-1.0,176,0,0
176,0,-1.0,276,0,3
276,3,-1.0,256,0,3
256,3,-1.0,236,0,1
236,1,-1.0,136,0,3
136,3,-1.0,116,0,1
116,1,-1.0,16,0,5
16,3,-1.0,16,0,5
16,5,20.0,0,1,0
468,1,-1.0,368,0,1
368,1,-1.0,268,0,3
268,3,-1.0,248,0,3
248,3,-1.0,228,0,3
228,3,-1.0,208,0,0
208,0,-1.0,308,0,0
308,0,-1.0,408,0,4
408,4,-1.0,416,0,1
416,1,-1.0,316,0,1
316,1,-1.0,216,0,1
216,4,-10.0,216,0,1
216,1,-1.0,116,0,1
116,1,-1.0,16,0,5
16,5,20.0,0,1,0
123,3,-1.0,103,0,1
103,1,-1.0,3,0,4
3,4,-1.0,19,0,0
19,0,-1.0,119,0,0
119,0,-1.0,219,0,2
219,2,-1.0,239,0,2
239,2,-1.0,259,0,2
259,2,-1.0,279,0,0
279,5,-10.0,279,0,0
279,0,-1.0,379,0,0
379,0,-1.0,479,0,5
479,5,20.0,475,1,0
81,3,-1.0,61,0,0
61,0,-1.0,161,0,3
161,3,-1.0,141,0,0
141,1,-1.0,41,0,0
41,0,-1.0,141,0,0
141,0,-1.0,241,0,3
241,3,-1.0,221,0,1
221,1,-1.0,121,0,3
121,1,-1.0,21,0,3
21,1,-1.0,21,0,3
21,3,-1.0,1,0,0
1,4,-1.0,17,0,0
17,0,-1.0,117,0,0
117,2,-1.0,137,0,0
137,0,-1.0,237,0,2
237,2,-1.0,257,0,1
257,1,-1.0,157,0,2
157,2,-1.0,177,0,2
177,2,-1.0,197,0,1
197,1,-1.0,97,0,5
97,5,20.0,85,1,0
208,0,-1.0,308,0,0
308,0,-1.0,408,0,4
408,4,-1.0,416,0,1
416,1,-1.0,316,0,1
316,4,-10.0,316,0,1
316,1,-1.0,216,0,1
216,1,-1.0,116,0,1
116,1,-1.0,16,0,5
16,5,20.0,0,1,0
43,0,-1.0,143,0,2
143,0,-1.0,243,0,3
243,4,-10.0,243,0,3
243,3,-1.0,223,0,1
223,1,-1.0,123,0,3
123,3,-1.0,103,0,1
103,1,-1.0,3,0,4
3,4,-1.0,19,0,0
19,2,-1.0,39,0,0
39,0,-1.0,139,0,0
139,0,-1.0,239,0,2
239,2,-1.0,259,0,2
259,4,-10.0,259,0,2
259,2,-1.0,279,0,1
279,0,-1.0,379,0,0
379,0,-1.0,479,0,5
479,5,20.0,475,1,0
391,1,-1.0,291,0,3
291,3,-1.0,271,0,3
271,3,-1.0,251,0,3
251,3,-1.0,231,0,3
231,3,-1.0,211,0,0
211,0,-1.0,311,0,2
311,0,-1.0,411,0,3
411,4,-1.0,419,0,1
419,1,-1.0,319,0,1
319,0,-1.0,419,0,1
419,1,-1.0,319,0,1
319,1,-1.0,219,0,2
219,2,-1.0,239,0,2
239,3,-1.0,219,0,2
219,2,-1.0,239,0,2
239,2,-1.0,259,0,2
259,5,-10.0,259,0,2
259,1,-1.0,159,0,2
159,0,-1.0,259,0,2
259,2,-1.0,279,0,0
279,0,-1.0,379,0,0
379,0,-1.0,479,0,5
479,5,20.0,475,1,0
448,1,-1.0,348,0,1
348,2,-1.0,348,0,1
348,1,-1.0,248,0,3
248,3,-1.0,228,0,3
228,3,-1.0,208,0,0
208,3,-1.0,208,0,4
208,0,-1.0,308,0,0
308,0,-1.0,408,0,4
408,4,-1.0,416,0,1
416,1,-1.0,316,0,1
316,1,-1.0,216,0,1
216,1,-1.0,116,0,1
116,1,-1.0,16,0,5
16,5,20.0,0,1,0
388,3,-1.0,368,0,5
368,1,-1.0,268,0,3
268,3,-1.0,248,0,3
248,3,-1.0,228,0,3
228,3,-1.0,208,0,0
208,0,-1.0,308,0,0
308,0,-1.0,408,0,4
408,4,-1.0,416,0,1
416,1,-1.0,316,0,1
316,1,-1.0,216,0,2
216,1,-1.0,116,0,1
116,1,-1.0,16,0,5
16,5,20.0,0,1,0
66,2,-1.0,86,0,4
86,4,-1.0,98,0,0
98,0,-1.0,198,0,0
198,0,-1.0,298,0,3
298,3,-1.0,278,0,3
278,3,-1.0,258,0,3
258,1,-1.0,158,0,0
158,0,-1.0,258,0,3
258,3,-1.0,238,0,2
238,3,-1.0,218,0,5
218,0,-1.0,318,0,0
318,0,-1.0,418,0,5
418,5,20.0,410,1,0
373,0,-1.0,473,0,4
473,4,-1.0,477,0,0
477,2,-1.0,497,0,1
497,1,-1.0,397,0,1
397,5,-10.0,397,0,1
397,1,-1.0,297,0,1
297,1,-1.0,197,0,1
197,1,-1.0,97,0,5
97,5,20.0,85,1,0
472,4,-1.0,476,0,1
476,0,-1.0,476,0,1
476,1,-1.0,376,0,1
376,1,-1.0,276,0,5
276,3,-1.0,256,0,5
256,3,-1.0,236,0,1
236,1,-1.0,136,0,3
136,3,-1.0,116,0,1
116,1,-1.0,16,0,5
16,5,20.0,0,1,0
234,5,-10.0,234,0,2
234,2,-1.0,254,0,2
254,3,-1.0,234,0,2
234,2,-1.0,254,0,2
254,2,-1.0,274,0,0
274,0,-1.0,374,0,1
374,0,-1.0,474,0,4
474,4,-1.0,478,0,1
478,1,-1.0,378,0,1
378,1,-1.0,278,0,3
278,4,-10.0,278,0,3
278,5,-10.0,278,0,3
278,3,-1.0,258,0,3
258,3,-1.0,238,0,3
238,3,-1.0,218,0,0
218,0,-1.0,318,0,0
318,0,-1.0,418,0,5
418,5,20.0,410,1,0
107,2,-1.0,127,0,0
127,0,-1.0,227,0,2
227,2,-1.0,247,0,4
247,2,-1.0,267,0,2
267,2,-1.0,287,0,1
287,1,-1.0,187,0,1
187,0,-1.0,287,0,1
287,1,-1.0,187,0,1
187,1,-1.0,87,0,0
87,4,-1.0,99,0,3
99,3,-1.0,79,0,0
79,0,-1.0,179,0,0
179,0,-1.0,279,0,0
279,0,-1.0,379,0,0
379,0,-1.0,479,0,1
479,5,20.0,475,1,0
394,3,-1.0,374,0,0
374,0,-1.0,474,0,4
474,4,-1.0,478,0,1
478,1,-1.0,378,0,1
378,1,-1.0,278,0,3
278,2,-1.0,298,0,3
298,3,-1.0,278,0,3
278,3,-1.0,258,0,3
258,3,-1.0,238,0,3
238,3,-1.0,218,0,0
218,0,-1.0,318,0,0
318,4,-10.0,318,0,0
318,0,-1.0,418,0,5
418,5,20.0,410,1,0
92,0,-1.0,192,0,0
192,0,-1.0,292,0,3
292,3,-1.0,272,0,0
272,0,-1.0,372,0,0
372,3,-1.0,372,0,0
372,0,-1.0,472,0,4
472,4,-1.0,476,0,1
476,1,-1.0,376,0,1
376,1,-1.0,276,0,3
276,3,-1.0,256,0,3
256,3,-1.0,236,0,1
236,1,-1.0,136,0,3
136,3,-1.0,116,0,1
116,2,-1.0,136,0,3
136,3,-1.0,116,0,1
116,1,-1.0,16,0,5
16,4,-10.0,16,0,5
16,5,20.0,0,1,0
129,3,-1.0,109,0,0
109,0,-1.0,209,0,0
209,0,-1.0,309,0,0
309,0,-1.0,409,0,4
409,4,-1.0,417,0,1
417,1,-1.0,317,0,1
317,1,-1.0,217,0,2
217,2,-1.0,237,0,2
237,2,-1.0,257,0,1
257,1,-1.0,157,0,2
157,5,-10.0,157,0,2
157,2,-1.0,177,0,3
177,2,-1.0,197,0,1
197,1,-1.0,97,0,5
97,5,20.0,85,1,0
222,1,-1.0,122,0,3
122,3,-1.0,102,0,1
102,1,-1.0,2,0,4
2,4,-1.0,18,0,0
18,0,-1.0,118,0,0
118,0,-1.0,218,0,0
218,0,-1.0,318,0,0
318,0,-1.0,418,0,5
418,5,20.0,410,1,0
426,2,-1.0,446,0,1
446,2,-1.0,446,0,1
446,1,-1.0,346,0,1
346,1,-1.0,246,0,2
246,0,-1.0,346,0,1
346,1,-1.0,246,0,2
246,2,-1.0,266,0,2
266,2,-1.0,286,0,1
286,1,-1.0,186,0,1
186,1,-1.0,86,0,4
86,4,-1.0,98,0,0
98,0,-1.0,198,0,0
198,0,-1.0,298,0,3
298,3,-1.0,278,0,3
278,3,-1.0,258,0,3
258,3,-1.0,238,0,3
238,3,-1.0,218,0,1
218,0,-1.0,318,0,0
318,0,-1.0,418,0,5
418,5,20.0,410,1,0
111,0,-1.0,211,0,1
211,0,-1.0,311,0,0
311,0,-1.0,411,0,3
411,4,-1.0,419,0,1
419,1,-1.0,319,0,1
319,1,-1.0,219,0,2
219,1,-1.0,119,0,0
119,0,-1.0,219,0,2
219,2,-1.0,239,0,2
239,2,-1.0,259,0,2
259,2,-1.0,279,0,0
279,2,-1.0,299,0,3
299,3,-1.0,279,0,0
279,0,-1.0,379,0,0
379,5,-10.0,379,0,0
379,0,-1.0,479,0,4
479,2,-1.0,499,0,3
499,3,-1.0,479,0,5
479,5,20.0,475,1,0
27,0,-1.0,127,0,0
127,0,-1.0,227,0,2
227,2,-1.0,247,0,2
247,2,-1.0,267,0,2
267,2,-1.0,287,0,2
287,1,-1.0,187,0,1
187,1,-1.0,87,0,2
87,4,-1.0,99,0,3
99,3,-1.0,79,0,0
79,0,-1.0,179,0,1
179,0,-1.0,279,0,0
279,0,-1.0,379,0,0
379,0,-1.0,479,0,5
479,4,-10.0,479,0,5
479,5,20.0,475,1,0
93,5,-10.0,93,0,0
93,0,-1.0,193,0,0
193,0,-1.0,293,0,3
293,3,-1.0,273,0,0
273,0,-1.0,373,0,0
373,0,-1.0,473,0,4
473,4,-1.0,477,0,5
477,2,-1.0,497,0,1
497,0,-1.0,497,0,1
497,1,-1.0,397,0,1
397,1,-1.0,297,0,1
297,1,-1.0,197,0,1
197,1,-1.0,97,0,5
97,5,20.0,85,1,0
229,3,-1.0,209,0,0
209,0,-1.0,309,0,0
309,0,-1.0,409,0,4
409,4,-1.0,417,0,1
417,2,-1.0,417,0,1
417,1,-1.0,317,0,1
317,1,-1.0,217,0,2
217,2,-1.0,237,0,2
237,2,-1.0,257,0,1
257,3,-1.0,237,0,2
237,2,-1.0,257,0,1
257,1,-1.0,157,0,2
157,2,-1.0,177,0,5
177,2,-1.0,197,0,1
197,1,-1.0,97,0,5
97,5,20.0,85,1,0
204,2,-1.0,224,0,2
224,2,-1.0,244,0,1
244,4,-10.0,244,0,1
244,1,-1.0,144,0,2
144,2,-1.0,164,0,2
164,2,-1.0,184,0,1
184,1,-1.0,84,0,4
84,4,-1.0,96,0,0
96,0,-1.0,196,0,3
196,3,-1.0,176,0,0
176,0,-1.0,276,0,3
276,1,-1.0,176,0,0
176,0,-1.0,276,0,3
276,3,-1.0,256,0,3
256,3,-1.0,236,0,1
236,1,-1.0,136,0,3
136,3,-1.0,116,0,1
116,1,-1.0,16,0,5
16,5,20.0,0,1,0
321,1,-1.0,221,0,1
221,1,-1.0,121,0,1
121,3,-1.0,101,0,1
101,1,-1.0,1,0,4
1,4,-1.0,17,0,0
17,0,-1.0,117,0,2
117,2,-1.0,137,0,0
137,0,-1.0,237,0,2
237,2,-1.0,257,0,1
257,5,-10.0,257,0,1
257,1,-1.0,157,0,2
157,2,-1.0,177,0,2
177,2,-1.0,197,0,1
197,1,-1.0,97,0,5
97,5,20.0,85,1,0
488,1,-1.0,388,0,3
388,3,-1.0,368,0,1
368,1,-1.0,268,0,3
268,3,-1.0,248,0,5
248,2,-1.0,268,0,3
268,3,-1.0,248,0,3
248,3,-1.0,228,0,3
228,3,-1.0,208,0,0
208,0,-1.0,308,0,0
308,0,-1.0,408,0,5
408,4,-1.0,416,0,1
416,1,-1.0,316,0,1
316,5,-10.0,316,0,1
316,1,-1.0,216,0,1
216,1,-1.0,116,0,1
116,1,-1.0,16,0,5
16,5,20.0,0,1,0
289,3,-1.0,269,0,3
269,3,-1.0,249,0,2
249,1,-1.0,149,0,0
149,0,-1.0,249,0,3
249,3,-1.0,229,0,3
229,3,-1.0,209,0,0
209,0,-1.0,309,0,0
309,0,-1.0,409,0,4
409,4,-1.0,417,0,1
417,1,-1.0,317,0,1
317,1,-1.0,217,0,5
217,5,-10.0,217,0,2
217,2,-1.0,237,0,3
237,2,-1.0,257,0,1
257,1,-1.0,157,0,2
157,2,-1.0,177,0,2
177,2,-1.0,197,0,2
197,1,-1.0,97,0,5
97,5,20.0,85,1,0
184,1,-1.0,84,0,0
84,4,-1.0,96,0,0
96,0,-1.0,196,0,3
196,3,-1.0,176,0,4
176,0,-1.0,276,0,3
276,3,-1.0,256,0,3
256,3,-1.0,236,0,1
236,0,-1.0,336,0,1
336,1,-1.0,236,0,1
236,1,-1.0,136,0,3
136,3,-1.0,116,0,1
116,1,-1.0,16,0,5
16,5,20.0,0,1,0
8,0,-1.0,108,0,0
108,0,-1.0,208,0,0
208,0,-1.0,308,0,0
308,0,-1.0,408,0,4
408,4,-1.0,416,0,0
416,1,-1.0,316,0,1
316,1,-1.0,216,0,4
216,1,-1.0,116,0,1
116,1,-1.0,16,0,5
16,5,20.0,0,1,0
448,1,-1.0,348,0,1
348,1,-1.0,248,0,3
248,3,-1.0,228,0,3
228,3,-1.0,208,0,0
208,0,-1.0,308,0,0
308,0,-1.0,408,0,4
408,4,-1.0,416,0,1
416,1,-1.0,316,0,1
316,1,-1.0,216,0,1
216,1,-1.0,116,0,1
116,1,-1.0,16,0,0
16,5,20.0,0,1,0
23,3,-1.0,3,0,4
3,4,-1.0,19,0,0
19,0,-1.0,119,0,0
119,0,-1.0,219,0,2
219,3,-1.0,219,0,2
219,2,-1.0,239,0,2
239,2,-1.0,259,0,2
259,5,-10.0,259,0,2
259,2,-1.0,279,0,2
279,0,-1.0,379,0,0
379,0,-1.0,479,0,5
479,2,-1.0,499,0,3
499,3,-1.0,479,0,5
479,5,20.0,475,1,0
273,0,-1.0,373,0,0
373,0,-1.0,473,0,4
473,4,-1.0,477,0,2
477,2,-1.0,497,0,1
497,1,-1.0,397,0,1
397,1,-1.0,297,0,1
297,1,-1.0,197,0,1
197,1,-1.0,97,0,5
97,5,20.0,85,1,0
13,0,-1.0,113,0,0
113,0,-1.0,213,0,2
213,2,-1.0,233,0,2
233,2,-1.0,253,0,2
253,2,-1.0,273,0,0
273,0,-1.0,373,0,2
373,2,-1.0,393,0,3
393,3,-1.0,373,0,0
373,0,-1.0,473,0,4
473,4,-1.0,477,0,2
477,2,-1.0,497,0,1
497,1,-1.0,397,0,1
397,1,-1.0,297,0,1
297,1,-1.0,197,0,1
197,5,-10.0,197,0,1
197,1,-1.0,97,0,5
97,5,20.0,85,1,0
129,3,-1.0,109,0,0
109,0,-1.0,209,0,0
209,0,-1.0,309,0,0
309,0,-1.0,409,0,4
409,4,-1.0,417,0,1
417,1,-1.0,317,0,1
317,1,-1.0,217,0,2
217,2,-1.0,237,0,2
237,4,-10.0,237,0,2
237,2,-1.0,257,0,1
257,1,-1.0,157,0,2
157,2,-1.0,177,0,2
177,2,-1.0,197,0,1
197,1,-1.0,97,0,5
97,5,20.0,85,1,0
412,1,-1.0,312,0,0
312,1,-1.0,212,0,2
212,2,-1.0,232,0,2
232,2,-1.0,252,0,2
252,2,-1.0,272,0,0
272,0,-1.0,372,0,0
372,0,-1.0,472,0,4
472,4,-1.0,476,0,1
476,1,-1.0,376,0,1
376,1,-1.0,276,0,3
276,3,-1.0,256,0,3
256,1,-1.0,156,0,0
156,0,-1.0,256,0,3
256,3,-1.0,236,0,1
236,1,-1.0,136,0,3
136,3,-1.0,116,0,1
116,1,-1.0,16,0,5
16,5,20.0,0,1,0
193,0,-1.0,293,0,3
293,3,-1.0,273,0,0
273,0,-1.0,373,0,0
373,0,-1.0,473,0,4
473,4,-1.0,477,0,2
477,2,-1.0,497,0,1
497,1,-1.0,397,0,0
397,1,-1.0,297,0,1
297,1,-1.0,197,0,1
197,1,-1.0,97,0,5
97,0,-1.0,197,0,1
197,1,-1.0,97,0,5
97,5,20.0,85,1,0
83,0,-1.0,183,0,3
183,3,-1.0,163,0,0
163,0,-1.0,263,0,3
263,3,-1.0,243,0,5
243,3,-1.0,223,0,1
223,1,-1.0,123,0,3
123,3,-1.0,103,0,1
103,1,-1.0,3,0,4
3,4,-1.0,19,0,0
19,0,-1.0,119,0,0
119,0,-1.0,219,0,2
219,2,-1.0,239,0,2
239,2,-1.0,259,0,2
259,2,-1.0,279,0,0
279,0,-1.0,379,0,0
379,0,-1.0,479,0,5
479,5,20.0,475,1,0
274,0,-1.0,374,0,0
374,0,-1.0,474,0,4
474,4,-1.0,478,0,1
478,1,-1.0,378,0,1
378,1,-1.0,278,0,3
278,3,-1.0,258,0,3
258,3,-1.0,238,0,5
238,3,-1.0,218,0,0
218,0,-1.0,318,0,0
318,0,-1.0,418,0,5
418,5,20.0,410,1,0
72,0,-1.0,172,0,0
172,0,-1.0,272,0,0
272,0,-1.0,372,0,0
372,0,-1.0,472,0,4
472,4,-1.0,476,0,1
476,1,-1.0,376,0,1
376,1,-1.0,276,0,3
276,3,-1.0,256,0,3
256,3,-1.0,236,0,1
236,1,-1.0,136,0,3
136,3,-1.0,116,0,1
116,1,-1.0,16,0,5
16,5,20.0,0,1,0
101,1,-1.0,1,0,4
1,4,-1.0,17,0,0
17,0,-1.0,117,0,2
117,2,-1.0,137,0,0
137,0,-1.0,237,0,2
237,2,-1.0,257,0,1
257,1,-1.0,157,0,2
157,2,-1.0,177,0,2
177,2,-1.0,197,0,1
197,1,-1.0,97,0,5
97,5,20.0,85,1,0
263,5,-10.0,263,0,3
263,3,-1.0,243,0,3
243,3,-1.0,223,0,1
223,1,-1.0,123,0,3
123,3,-1.0,103,0,1
103,1,-1.0,3,0,4
3,4,-1.0,19,0,0
19,0,-1.0,119,0,0
119,0,-1.0,219,0,2
219,2,-1.0,239,0,2
239,2,-1.0,259,0,2
259,3,-1.0,239,0,2
239,2,-1.0,259,0,2
259,2,-1.0,279,0,0
279,0,-1.0,379,0,0
379,0,-1.0,479,0,5
479,5,20.0,475,1,0
31,0,-1.0,131,0,2
131,3,-1.0,111,0,3
111,0,-1.0,211,0,0
211,0,-1.0,311,0,0
311,0,-1.0,411,0,4
411,4,-1.0,419,0,1
419,1,-1.0,319,0,1
319,1,-1.0,219,0,2
219,2,-1.0,239,0,2
239,2,-1.0,259,0,2
259,2,-1.0,279,0,0
279,0,-1.0,379,0,0
379,0,-1.0,479,0,5
479,5,20.0,475,1,0
102,1,-1.0,2,0,4
2,4,-1.0,18,0,0
18,0,-1.0,118,0,0
118,0,-1.0,218,0,0
218,0,-1.0,318,0,0
318,0,-1.0,418,0,5
418,5,20.0,410,1,0
381,1,-1.0,281,0,3
281,3,-1.0,261,0,3
261,3,-1.0,241,0,3
241,5,-10.0,241,0,3
241,3,-1.0,221,0,1
221,1,-1.0,121,0,1
121,4,-10.0,121,0,3
121,1,-1.0,21,0,3
21,3,-1.0,1,0,4
1,4,-1.0,17,0,0
17,0,-1.0,117,0,2
117,2,-1.0,137,0,4
137,0,-1.0,237,0,2
237,2,-1.0,257,0,1
257,1,-1.0,157,0,2
157,2,-1.0,177,0,2
177,2,-1.0,197,0,1
197,1,-1.0,97,0,5
97,5,20.0,85,1,0
84,4,-1.0,96,0,0
96,0,-1.0,196,0,5
196,3,-1.0,176,0,2
176,0,-1.0,276,0,3
276,3,-1.0,256,0,3
256,3,-1.0,236,0,1
236,1,-1.0,136,0,3
136,3,-1.0,116,0,1
116,1,-1.0,16,0,5
16,5,20.0,0,1,0
248,3,-1.0,228,0,3
228,3,-1.0,208,0,0
208,0,-1.0,308,0,0
308,0,-1.0,408,0,4
408,4,-1.0,416,0,1
416,1,-1.0,316,0,1
316,1,-1.0,216,0,1
216,1,-1.0,116,0,1
116,3,-1.0,116,0,1
116,1,-1.0,16,0,5
16,5,20.0,0,1,0
191,0,-1.0,291,0,3
291,3,-1.0,271,0,3
271,3,-1.0,251,0,3
251,3,-1.0,231,0,3
231,3,-1.0,211,0,0
211,0,-1.0,311,0,0
311,0,-1.0,411,0,4
411,4,-1.0,419,0,1
419,1,-1.0,319,0,1
319,1,-1.0,219,0,2
219,2,-1.0,239,0,2
239,2,-1.0,259,0,3
259,5,-10.0,259,0,2
259,2,-1.0,279,0,0
279,0,-1.0,379,0,0
379,2,-1.0,399,0,3
399,3,-1.0,379,0,0
379,0,-1.0,479,0,5
479,5,20.0,475,1,0
388,3,-1.0,368,0,1
368,1,-1.0,268,0,5
268,3,-1.0,248,0,3
248,5,-10.0,248,0,3
248,5,-10.0,248,0,3
248,3,-1.0,228,0,3
228,3,-1.0,208,0,0
208,0,-1.0,308,0,0
308,0,-1.0,408,0,4
408,4,-1.0,416,0,1
416,1,-1.0,316,0,1
316,5,-10.0,316,0,1
316,1,-1.0,216,0,1
216,1,-1.0,116,0,1
116,1,-1.0,16,0,3
16,0,-1.0,116,0,1
116,1,-1.0,16,0,5
16,5,20.0,0,1,0
407,1,-1.0,307,0,1
307,0,-1.0,407,0,1
407,1,-1.0,307,0,1
307,1,-1.0,207,0,2
207,2,-1.0,227,0,2
227,2,-1.0,247,0,1
247,2,-1.0,267,0,2
267,2,-1.0,287,0,1
287,1,-1.0,187,0,1
187,1,-1.0,87,0,3
87,4,-1.0,99,0,3
99,3,-1.0,79,0,0
79,0,-1.0,179,0,2
179,4,-10.0,179,0,0
179,3,-1.0,159,0,0
159,0,-1.0,259,0,2
259,2,-1.0,279,0,0
279,0,-1.0,379,0,0
379,0,-1.0,479,0,5
479,5,20.0,475,1,0
367,2,-1.0,387,0,5
387,1,-1.0,287,0,1
287,1,-1.0,187,0,1
187,1,-1.0,87,0,4
87,4,-1.0,99,0,3
99,3,-1.0,79,0,0
79,0,-1.0,179,0,0
179,0,-1.0,279,0,0
279,0,-1.0,379,0,3
379,0,-1.0,479,0,5
479,5,20.0,475,1,0
342,5,-10.0,342,0,1
342,0,-1.0,442,0,3
442,3,-1.0,422,0,1
422,1,-1.0,322,0,1
322,1,-1.0,222,0,1
222,1,-1.0,122,0,3
122,3,-1.0,102,0,1
102,1,-1.0,2,0,4
2,4,-1.0,18,0,0
18,0,-1.0,118,0,0
118,0,-1.0,218,0,0
218,5,-10.0,218,0,0
218,0,-1.0,318,0,0
318,3,-1.0,318,0,0
318,0,-1.0,418,0,5
418,5,20.0,410,1,0
409,4,-1.0,417,0,1
417,1,-1.0,317,0,0
317,1,-1.0,217,0,2
217,2,-1.0,237,0,0
237,2,-1.0,257,0,1
257,1,-1.0,157,0,2
157,2,-1.0,177,0,2
177,2,-1.0,197,0,5
197,1,-1.0,97,0,5
97,5,20.0,85,1,0
281,3,-1.0,261,0,3
261,3,-1.0,241,0,2
241,3,-1.0,221,0,1
221,1,-1.0,121,0,1
121,1,-1.0,21,0,3
21,3,-1.0,1,0,4
1,4,-1.0,17,0,0
17,0,-1.0,117,0,2
117,2,-1.0,137,0,0
137,0,-1.0,237,0,2
237,2,-1.0,257,0,1
257,1,-1.0,157,0,2
157,3,-1.0,157,0,2
157,2,-1.0,177,0,2
177,2,-1.0,197,0,1
197,1,-1.0,97,0,5
97,5,20.0,85,1,0
93,0,-1.0,193,0,0
193,0,-1.0,293,0,3
293,3,-1.0,273,0,0
273,0,-1.0,373,0,0
373,0,-1.0,473,0,4
473,4,-1.0,477,0,2
477,2,-1.0,497,0,1
497,1,-1.0,397,0,1
397,1,-1.0,297,0,1
297,1,-1.0,197,0,1
197,1,-1.0,97,0,2
97,5,20.0,85,1,0
64,3,-1.0,44,0,2
44,2,-1.0,64,0,2
64,2,-1.0,84,0,4
84,4,-1.0,96,0,0
96,0,-1.0,196,0,3
196,3,-1.0,176,0,0
176,0,-1.0,276,0,3
276,3,-1.0,256,0,3
256,3,-1.0,236,0,1
236,1,-1.0,136,0,3
136,3,-1.0,116,0,1
116,1,-1.0,16,0,5
16,5,20.0,0,1,0
461,1,-1.0,361,0,1
361,1,-1.0,261,0,3
261,3,-1.0,241,0,3
241,3,-1.0,221,0,1
221,1,-1.0,121,0,1
121,1,-1.0,21,0,3
21,3,-1.0,1,0,4
1,4,-1.0,17,0,0
17,0,-1.0,117,0,2
117,5,-10.0,117,0,1
117,2,-1.0,137,0,3
137,0,-1.0,237,0,2
237,2,-1.0,257,0,1
257,1,-1.0,157,0,2
157,2,-1.0,177,0,2
177,2,-1.0,197,0,1
197,1,-1.0,97,0,5
97,5,20.0,85,1,0
334,2,-1.0,354,0,1
354,1,-1.0,254,0,2
254,2,-1.0,274,0,0
274,0,-1.0,374,0,0
374,4,-10.0,374,0,0
374,0,-1.0,474,0,4
474,4,-1.0,478,0,1
478,1,-1.0,378,0,1
378,1,-1.0,278,0,3
278,3,-1.0,258,0,3
258,3,-1.0,238,0,3
238,3,-1.0,218,0,0
218,0,-1.0,318,0,0
318,0,-1.0,418,0,5
418,5,20.0,410,1,0
223,1,-1.0,123,0,3
123,3,-1.0,103,0,1
103,1,-1.0,3,0,4
3,4,-1.0,19,0,0
19,0,-1.0,119,0,0
119,0,-1.0,219,0,2
219,2,-1.0,239,0,2
239,2,-1.0,259,0,2
259,2,-1.0,279,0,0
279,0,-1.0,379,0,0
379,0,-1.0,479,0,5
479,5,20.0,475,1,0
67,2,-1.0,87,0,4
87,4,-1.0,99,0,3
99,3,-1.0,79,0,0
79,0,-1.0,179,0,0
179,0,-1.0,279,0,0
279,0,-1.0,379,0,1
379,0,-1.0,479,0,5
479,5,20.0,475,1,0
334,2,-1.0,354,0,1
354,1,-1.0,254,0,2
254,2,-1.0,274,0,0
274,0,-1.0,374,0,0
374,0,-1.0,474,0,4
474,4,-1.0,478,0,1
478,1,-1.0,378,0,1
378,1,-1.0,278,0,3
278,3,-1.0,258,0,3
258,3,-1.0,238,0,3
238,3,-1.0,218,0,0
218,0,-1.0,318,0,0
318,5,-10.0,318,0,0
318,0,-1.0,418,0,0
418,0,-1.0,418,0,5
418,5,20.0,410,1,0
427,1,-1.0,327,0,2
327,2,-1.0,347,0,1
347,1,-1.0,247,0,2
247,2,-1.0,267,0,2
267,2,-1.0,287,0,1
287,1,-1.0,187,0,1
187,1,-1.0,87,0,4
87,4,-1.0,99,0,3
99,3,-1.0,79,0,0
79,0,-1.0,179,0,0
179,0,-1.0,279,0,0
279,0,-1.0,379,0,0
379,0,-1.0,479,0,5
479,5,20.0,475,1,0
233,2,-1.0,253,0,2
253,2,-1.0,273,0,0
273,0,-1.0,373,0,0
373,0,-1.0,473,0,4
473,4,-1.0,477,0,2
477,2,-1.0,497,0,1
497,1,-1.0,397,0,1
397,1,-1.0,297,0,1
297,1,-1.0,197,0,1
197,1,-1.0,97,0,5
97,5,20.0,85,1,0
326,1,-1.0,226,0,2
226,2,-1.0,246,0,2
246,2,-1.0,266,0,2
266,5,-10.0,266,0,0
266,2,-1.0,286,0,1
286,1,-1.0,186,0,1
186,1,-1.0,86,0,4
86,4,-1.0,98,0,0
98,5,-1.0,86,0,4
86,4,-1.0,98,0,0
98,0,-1.0,198,0,0
198,0,-1.0,298,0,3
298,2,-1.0,298,0,3
298,3,-1.0,278,0,1
278,3,-1.0,258,0,3
258,3,-1.0,238,0,3
238,3,-1.0,218,0,0
218,0,-1.0,318,0,0
318,0,-1.0,418,0,3
418,5,20.0,410,1,0
448,1,-1.0,348,0,1
348,1,-1.0,248,0,3
248,5,-10.0,248,0,3
248,4,-10.0,248,0,3
248,3,-1.0,228,0,2
228,3,-1.0,208,0,0
208,0,-1.0,308,0,0
308,0,-1.0,408,0,4
408,5,-10.0,408,0,4
408,4,-1.0,416,0,1
416,1,-1.0,316,0,1
316,1,-1.0,216,0,1
216,1,-1.0,116,0,1
116,1,-1.0,16,0,5
16,5,20.0,0,1,0
153,0,-1.0,253,0,2
253,2,-1.0,273,0,0
273,0,-1.0,373,0,0
373,0,-1.0,473,0,4
473,4,-1.0,477,0,2
477,2,-1.0,497,0,1
497,1,-1.0,397,0,1
397,1,-1.0,297,0,1
297,1,-1.0,197,0,1
197,1,-1.0,97,0,5
97,5,20.0,85,1,0
146,2,-1.0,166,0,2
166,2,-1.0,186,0,1
186,1,-1.0,86,0,4
86,4,-1.0,98,0,0
98,0,-1.0,198,0,0
198,0,-1.0,298,0,3
298,3,-1.0,278,0,3
278,3,-1.0,258,0,3
258,3,-1.0,238,0,3
238,3,-1.0,218,0,0
218,0,-1.0,318,0,0
318,0,-1.0,418,0,5
418,5,20.0,410,1,0
328,1,-1.0,228,0,3
228,2,-1.0,248,0,3
248,3,-1.0,228,0,3
228,3,-1.0,208,0,0
208,0,-1.0,308,0,0
308,0,-1.0,408,0,4
408,4,-1.0,416,0,1
416,1,-1.0,316,0,1
316,1,-1.0,216,0,1
216,1,-1.0,116,0,1
116,1,-1.0,16,0,5
16,5,20.0,0,1,0
168,5,-10.0,168,0,0
168,0,-1.0,268,0,3
268,2,-1.0,288,0,3
288,3,-1.0,268,0,3
268,3,-1.0,248,0,3
248,3,-1.0,228,0,5
228,3,-1.0,208,0,0
208,0,-1.0,308,0,0
308,0,-1.0,408,0,4
408,4,-1.0,416,0,1
416,1,-1.0,316,0,1
316,1,-1.0,216,0,1
216,2,-1.0,236,0,1
236,1,-1.0,136,0,3
136,3,-1.0,116,0,1
116,1,-1.0,16,0,5
16,5,20.0,0,1,0
233,2,-1.0,253,0,2
253,2,-1.0,273,0,0
273,0,-1.0,373,0,0
373,0,-1.0,473,0,4
473,4,-1.0,477,0,2
477,2,-1.0,497,0,1
497,5,-10.0,497,0,1
497,1,-1.0,397,0,1
397,1,-1.0,297,0,1
297,0,-1.0,397,0,1
397,1,-1.0,297,0,1
297,1,-1.0,197,0,1
197,1,-1.0,97,0,5
97,5,20.0,85,1,0
487,1,-1.0,387,0,1
387,1,-1.0,287,0,1
287,1,-1.0,187,0,1
187,0,-1.0,287,0,1
287,1,-1.0,187,0,1
187,1,-1.0,87,0,4
87,4,-1.0,99,0,3
99,3,-1.0,79,0,0
79,0,-1.0,179,0,0
179,0,-1.0,279,0,0
279,0,-1.0,379,0,0
379,0,-1.0,479,0,5
479,5,20.0,475,1,0
267,2,-1.0,287,0,4
287,1,-1.0,187,0,1
187,1,-1.0,87,0,4
87,4,-1.0,99,0,3
99,3,-1.0,79,0,0
79,0,-1.0,179,0,0
179,0,-1.0,279,0,0
279,1,-1.0,179,0,0
179,0,-1.0,279,0,0
279,0,-1.0,379,0,0
379,0,-1.0,479,0,5
479,5,20.0,475,1,0
53,0,-1.0,153,0,0
153,5,-10.0,153,0,0
153,0,-1.0,253,0,2
253,2,-1.0,273,0,0
273,1,-1.0,173,0,3
173,0,-1.0,273,0,0
273,0,-1.0,373,0,0
373,2,-1.0,393,0,3
393,0,-1.0,493,0,3
493,3,-1.0,473,0,4
473,4,-1.0,477,0,2
477,1,-1.0,377,0,2
377,2,-1.0,397,0,1
397,1,-1.0,297,0,1
297,1,-1.0,197,0,1
197,1,-1.0,97,0,5
97,5,20.0,85,1,0
133,0,-1.0,233,0,2
233,2,-1.0,253,0,2
253,2,-1.0,273,0,0
273,0,-1.0,373,0,0
373,0,-1.0,473,0,4
473,1,-1.0,373,0,0
373,0,-1.0,473,0,4
473,4,-1.0,477,0,2
477,2,-1.0,497,0,1
497,1,-1.0,397,0,1
397,1,-1.0,297,0,1
297,1,-1.0,197,0,1
197,1,-1.0,97,0,5
97,5,20.0,85,1,0
29,0,-1.0,129,0,3
129,3,-1.0,109,0,0
109,0,-1.0,209,0,0
209,0,-1.0,309,0,0
309,0,-1.0,409,0,4
409,4,-1.0,417,0,1
417,1,-1.0,317,0,1
317,1,-1.0,217,0,2
217,2,-1.0,237,0,2
237,2,-1.0,257,0,1
257,0,-1.0,357,0,1
357,1,-1.0,257,0,1
257,1,-1.0,157,0,2
157,2,-1.0,177,0,2
177,2,-1.0,197,0,1
197,1,-1.0,97,0,5
97,5,20.0,85,1,0
464,1,-1.0,364,0,1
364,1,-1.0,264,0,2
264,2,-1.0,284,0,1
284,1,-1.0,184,0,1
184,1,-1.0,84,0,4
84,4,-1.0,96,0,0
96,0,-1.0,196,0,3
196,3,-1.0,176,0,0
176,0,-1.0,276,0,3
276,3,-1.0,256,0,3
256,3,-1.0,236,0,1
236,1,-1.0,136,0,3
136,3,-1.0,116,0,1
116,1,-1.0,16,0,5
16,5,20.0,0,1,0
269,3,-1.0,249,0,3
249,3,-1.0,229,0,3
229,3,-1.0,209,0,0
209,0,-1.0,309,0,0
309,0,-1.0,409,0,4
409,4,-1.0,417,0,1
417,1,-1.0,317,0,1
317,1,-1.0,217,0,2
217,2,-1.0,237,0,2
237,2,-1.0,257,0,1
257,1,-1.0,157,0,4
157,2,-1.0,177,0,2
177,2,-1.0,197,0,1
197,1,-1.0,97,0,5
97,5,20.0,85,1,0
129,3,-1.0,109,0,0
109,0,-1.0,209,0,0
209,0,-1.0,309,0,0
309,0,-1.0,409,0,4
409,4,-1.0,417,0,1
417,1,-1.0,317,0,1
317,1,-1.0,217,0,2
217,2,-1.0,237,0,2
237,2,-1.0,257,0,1
257,1,-1.0,157,0,2
157,2,-1.0,177,0,2
177,2,-1.0,197,0,1
197,2,-1.0,197,0,1
197,1,-1.0,97,0,5
97,5,20.0,85,1,0
14,0,-1.0,114,0,2
114,2,-1.0,134,0,0
134,0,-1.0,234,0,2
234,2,-1.0,254,0,2
254,2,-1.0,274,0,1
274,0,-1.0,374,0,0
374,0,-1.0,474,0,4
474,4,-1.0,478,0,1
478,1,-1.0,378,0,4
378,1,-1.0,278,0,3
278,3,-1.0,258,0,3
258,3,-1.0,238,0,3
238,3,-1.0,218,0,0
218,0,-1.0,318,0,0
318,0,-1.0,418,0,5
418,5,20.0,410,1,0
447,1,-1.0,347,0,1
347,1,-1.0,247,0,2
247,2,-1.0,267,0,2
267,2,-1.0,287,0,1
287,1,-1.0,187,0,1
187,1,-1.0,87,0,4
87,4,-1.0,99,0,3
99,3,-1.0,79,0,0
79,0,-1.0,179,0,0
179,0,-1.0,279,0,0
279,2,-1.0,299,0,3
299,3,-1.0,279,0,0
279,0,-1.0,379,0,0
379,0,-1.0,479,0,5
479,5,20.0,475,1,0
488,1,-1.0,388,0,3
388,3,-1.0,368,0,1
368,1,-1.0,268,0,3
268,4,-10.0,268,0,3
268,3,-1.0,248,0,3
248,5,-10.0,248,0,3
248,3,-1.0,228,0,3
228,3,-1.0,208,0,0
208,0,-1.0,308,0,5
308,0,-1.0,408,0,4
408,4,-1.0,416,0,1
416,1,-1.0,316,0,1
316,4,-10.0,316,0,1
316,1,-1.0,216,0,1
216,1,-1.0,116,0,1
116,1,-1.0,16,0,5
16,5,20.0,0,1,0
287,1,-1.0,187,0,1
187,1,-1.0,87,0,4
87,4,-1.0,99,0,3
99,3,-1.0,79,0,3
79,0,-1.0,179,0,0
179,0,-1.0,279,0,0
279,0,-1.0,379,0,0
379,0,-1.0,479,0,5
479,5,20.0,475,1,0
173,0,-1.0,273,0,0
273,0,-1.0,373,0,0
373,0,-1.0,473,0,4
473,4,-1.0,477,0,2
477,2,-1.0,497,0,1
497,1,-1.0,397,0,1
397,1,-1.0,297,0,1
297,1,-1.0,197,0,1
197,1,-1.0,97,0,5
97,5,20.0,85,1,0
472,4,-1.0,476,0,1
476,1,-1.0,376,0,0
376,1,-1.0,276,0,3
276,3,-1.0,256,0,3
256,3,-1.0,236,0,1
236,1,-1.0,136,0,3
136,3,-1.0,116,0,1
116,1,-1.0,16,0,5
16,5,20.0,0,1,0
414,1,-1.0,314,0,1
314,1,-1.0,214,0,2
214,2,-1.0,234,0,0
234,2,-1.0,254,0,2
254,2,-1.0,274,0,0
274,5,-10.0,274,0,0
274,0,-1.0,374,0,0
374,1,-1.0,274,0,0
274,0,-1.0,374,0,0
374,0,-1.0,474,0,4
474,4,-1.0,478,0,1
478,1,-1.0,378,0,1
378,1,-1.0,278,0,3
278,3,-1.0,258,0,3
258,3,-1.0,238,0,3
238,3,-1.0,218,0,0
218,2,-1.0,238,0,3
238,3,-1.0,218,0,0
218,0,-1.0,318,0,3
318,0,-1.0,418,0,5
418,5,20.0,410,1,0
1,4,-1.0,17,0,0
17,3,-1.0,17,0,0
17,0,-1.0,117,0,2
117,2,-1.0,137,0,0
137,0,-1.0,237,0,2
237,2,-1.0,257,0,1
257,1,-1.0,157,0,3
157,2,-1.0,177,0,2
177,2,-1.0,197,0,1
197,1,-1.0,97,0,5
97,5,20.0,85,1,0
489,1,-1.0,389,0,0
389,1,-1.0,289,0,3
289,3,-1.0,269,0,3
269,3,-1.0,249,0,3
249,3,-1.0,229,0,3
229,4,-10.0,229,0,3
229,3,-1.0,209,0,0
209,0,-1.0,309,0,0
309,0,-1.0,409,0,4
409,4,-1.0,417,0,1
417,1,-1.0,317,0,1
317,1,-1.0,217,0,2
217,2,-1.0,237,0,2
237,2,-1.0,257,0,1
257,1,-1.0,157,0,5
157,4,-10.0,157,0,2
157,2,-1.0,177,0,2
177,2,-1.0,197,0,1
197,1,-1.0,97,0,5
97,0,-1.0,197,0,1
197,1,-1.0,97,0,5
97,5,20.0,85,1,0
109,0,-1.0,209,0,0
209,0,-1.0,309,0,0
309,0,-1.0,409,0,4
409,4,-1.0,417,0,1
417,1,-1.0,317,0,1
317,1,-1.0,217,0,2
217,2,-1.0,237,0,2
237,3,-1.0,217,0,2
217,2,-1.0,237,0,2
237,2,-1.0,257,0,2
257,1,-1.0,157,0,2
157,2,-1.0,177,0,2
177,2,-1.0,197,0,1
197,1,-1.0,97,0,5
97,5,20.0,85,1,0
213,1,-1.0,113,0,0
113,0,-1.0,213,0,2
213,2,-1.0,233,0,2
233,2,-1.0,253,0,2
253,2,-1.0,273,0,0
273,0,-1.0,373,0,0
373,0,-1.0,473,0,4
473,4,-1.0,477,0,2
477,2,-1.0,497,0,1
497,1,-1.0,397,0,1
397,1,-1.0,297,0,1
297,5,-10.0,297,0,1
297,1,-1.0,197,0,1
197,1,-1.0,97,0,5
97,3,-1.0,77,0,2
77,2,-1.0,97,0,5
97,5,20.0,85,1,0
253,2,-1.0,273,0,0
273,0,-1.0,373,0,0
373,0,-1.0,473,0,4
473,4,-1.0,477,0,2
477,2,-1.0,497,0,1
497,0,-1.0,497,0,1
497,1,-1.0,397,0,1
397,1,-1.0,297,0,1
297,1,-1.0,197,0,1
197,1,-1.0,97,0,5
97,5,20.0,85,1,0
184,1,-1.0,84,0,4
84,4,-1.0,96,0,0
96,0,-1.0,196,0,3
196,3,-1.0,176,0,0
176,0,-1.0,276,0,3
276,3,-1.0,256,0,3
256,3,-1.0,236,0,1
236,1,-1.0,136,0,3
136,3,-1.0,116,0,1
116,1,-1.0,16,0,5
16,5,20.0,0,1,0
173,4,-10.0,173,0,0
173,0,-1.0,273,0,0
273,0,-1.0,373,0,0
373,0,-1.0,473,0,4
473,4,-1.0,477,0,2
477,2,-1.0,497,0,1
497,1,-1.0,397,0,1
397,1,-1.0,297,0,1
297,1,-1.0,197,0,1
197,1,-1.0,97,0,5
97,5,20.0,85,1,0
381,1,-1.0,281,0,3
281,3,-1.0,261,0,3
261,3,-1.0,241,0,3
241,3,-1.0,221,0,1
221,1,-1.0,121,0,2
121,1,-1.0,21,0,3
21,3,-1.0,1,0,4
1,4,-1.0,17,0,0
17,0,-1.0,117,0,2
117,2,-1.0,137,0,0
137,0,-1.0,237,0,2
237,2,-1.0,257,0,1
257,1,-1.0,157,0,2
157,2,-1.0,177,0,2
177,3,-1.0,157,0,2
157,2,-1.0,177,0,2
177,2,-1.0,197,0,1
197,1,-1.0,97,0,2
97,5,20.0,85,1,0
84,4,-1.0,96,0,0
96,0,-1.0,196,0,3
196,3,-1.0,176,0,0
176,0,-1.0,276,0,3
276,3,-1.0,256,0,3
256,3,-1.0,236,0,1
236,1,-1.0,136,0,3
136,3,-1.0,116,0,1
116,1,-1.0,16,0,4
16,5,20.0,0,1,0
387,1,-1.0,287,0,1
287,1,-1.0,187,0,1
187,1,-1.0,87,0,4
87,4,-1.0,99,0,3
99,3,-1.0,79,0,0
79,1,-1.0,79,0,0
79,0,-1.0,179,0,0
179,0,-1.0,279,0,0
279,0,-1.0,379,0,0
379,0,-1.0,479,0,5
479,5,20.0,475,1,0
342,1,-1.0,242,0,3
242,3,-1.0,222,0,1
222,1,-1.0,122,0,3
122,3,-1.0,102,0,1
102,1,-1.0,2,0,2
2,4,-1.0,18,0,0
18,0,-1.0,118,0,0
118,0,-1.0,218,0,0
218,0,-1.0,318,0,0
318,0,-1.0,418,0,5
418,5,20.0,410,1,0
481,1,-1.0,381,0,1
381,1,-1.0,281,0,3
281,3,-1.0,261,0,3
261,3,-1.0,241,0,3
241,3,-1.0,221,0,1
221,1,-1.0,121,0,1
121,1,-1.0,21,0,3
21,3,-1.0,1,0,4
1,3,-1.0,1,0,4
1,4,-1.0,17,0,0
17,0,-1.0,117,0,2
117,3,-1.0,117,0,2
117,2,-1.0,137,0,0
137,0,-1.0,237,0,2
237,2,-1.0,257,0,1
257,1,-1.0,157,0,2
157,2,-1.0,177,0,2
177,2,-1.0,197,0,1
197,1,-1.0,97,0,5
97,5,20.0,85,1,0
402,1,-1.0,302,0,0
302,1,-1.0,202,0,1
202,1,-1.0,102,0,1
102,1,-1.0,2,0,4
2,4,-1.0,18,0,0
18,1,-1.0,18,0,0
18,1,-1.0,18,0,1
18,0,-1.0,118,0,0
118,0,-1.0,218,0,0
218,0,-1.0,318,0,2
318,0,-1.0,418,0,5
418,5,20.0,410,1,0
224,2,-1.0,244,0,1
244,1,-1.0,144,0,2
144,2,-1.0,164,0,2
164,2,-1.0,184,0,1
184,1,-1.0,84,0,4
84,4,-1.0,96,0,0
96,0,-1.0,196,0,3
196,2,-1.0,196,0,3
196,1,-1.0,96,0,0
96,0,-1.0,196,0,3
196,3,-1.0,176,0,0
176,4,-10.0,176,0,0
176,0,-1.0,276,0,3
276,3,-1.0,256,0,3
256,3,-1.0,236,0,1
236,1,-1.0,136,0,2
136,3,-1.0,116,0,1
116,3,-1.0,116,0,1
116,1,-1.0,16,0,5
16,5,20.0,0,1,0
342,1,-1.0,242,0,3
242,3,-1.0,222,0,1
222,1,-1.0,122,0,3
122,3,-1.0,102,0,1
102,1,-1.0,2,0,4
2,4,-1.0,18,0,0
18,0,-1.0,118,0,0
118,1,-1.0,18,0,0
18,0,-1.0,118,0,0
118,0,-1.0,218,0,0
218,0,-1.0,318,0,0
318,0,-1.0,418,0,5
418,5,20.0,410,1,0
463,1,-1.0,363,0,1
363,1,-1.0,263,0,3
263,3,-1.0,243,0,2
243,3,-1.0,223,0,1
223,1,-1.0,123,0,3
123,3,-1.0,103,0,1
103,1,-1.0,3,0,4
3,4,-1.0,19,0,0
19,0,-1.0,119,0,0
119,0,-1.0,219,0,2
219,2,-1.0,239,0,2
239,2,-1.0,259,0,2
259,2,-1.0,279,0,0
279,0,-1.0,379,0,3
379,0,-1.0,479,0,5
479,5,20.0,475,1,0
152,2,-1.0,172,0,0
172,0,-1.0,272,0,0
272,0,-1.0,372,0,0
372,0,-1.0,472,0,4
472,4,-1.0,476,0,1
476,1,-1.0,376,0,1
376,1,-1.0,276,0,3
276,3,-1.0,256,0,3
256,3,-1.0,236,0,1
236,1,-1.0,136,0,3
136,3,-1.0,116,0,1
116,1,-1.0,16,0,5
16,5,20.0,0,1,0
311,0,-1.0,411,0,4
411,4,-1.0,419,0,1
419,1,-1.0,319,0,1
319,1,-1.0,219,0,5
219,2,-1.0,239,0,2
239,2,-1.0,259,0,2
259,2,-1.0,279,0,0
279,4,-10.0,279,0,0
279,0,-1.0,379,0,0
379,0,-1.0,479,0,3
479,3,-1.0,479,0,5
479,5,20.0,475,1,0
151,0,-1.0,251,0,3
251,2,-1.0,271,0,3
271,3,-1.0,251,0,3
251,3,-1.0,231,0,3
231,3,-1.0,211,0,0
211,5,-10.0,211,0,2
211,0,-1.0,311,0,0
311,0,-1.0,411,0,4
411,4,-1.0,419,0,1
419,1,-1.0,319,0,1
319,1,-1.0,219,0,2
219,2,-1.0,239,0,2
239,2,-1.0,259,0,2
259,2,-1.0,279,0,0
279,0,-1.0,379,0,0
379,2,-1.0,399,0,3
399,3,-1.0,379,0,0
379,0,-1.0,479,0,5
479,5,20.0,475,1,0
381,1,-1.0,281,0,3
281,3,-1.0,261,0,3
261,3,-1.0,241,0,3
241,3,-1.0,221,0,1
221,1,-1.0,121,0,1
121,4,-10.0,121,0,1
121,1,-1.0,21,0,3
21,3,-1.0,1,0,4
1,4,-1.0,17,0,0
17,0,-1.0,117,0,2
117,2,-1.0,137,0,0
137,0,-1.0,237,0,2
237,2,-1.0,257,0,1
257,1,-1.0,157,0,2
157,2,-1.0,177,0,2
177,2,-1.0,197,0,1
197,1,-1.0,97,0,5
97,5,20.0,85,1,0
147,2,-1.0,167,0,2
167,2,-1.0,187,0,1
187,1,-1.0,87,0,4
87,4,-1.0,99,0,3
99,3,-1.0,79,0,0
79,0,-1.0,179,0,0
179,0,-1.0,279,0,0
279,0,-1.0,379,0,0
379,0,-1.0,479,0,4
479,5,20.0,475,1,0
226,2,-1.0,246,0,2
246,2,-1.0,266,0,2
266,2,-1.0,286,0,1
286,1,-1.0,186,0,1
186,1,-1.0,86,0,4
86,4,-1.0,98,0,0
98,0,-1.0,198,0,0
198,0,-1.0,298,0,3
298,3,-1.0,278,0,3
278,3,-1.0,258,0,3
258,3,-1.0,238,0,3
238,3,-1.0,218,0,0
218,0,-1.0,318,0,0
318,0,-1.0,418,0,5
418,5,20.0,410,1,0
211,0,-1.0,311,0,0
311,0,-1.0,411,0,4
411,4,-1.0,419,0,1
419,1,-1.0,319,0,1
319,4,-10.0,319,0,1
319,1,-1.0,219,0,2
219,2,-1.0,239,0,2
239,2,-1.0,259,0,2
259,2,-1.0,279,0,0
279,0,-1.0,379,0,0
379,0,-1.0,479,0,5
479,5,20.0,475,1,0
223,1,-1.0,123,0,3
123,0,-1.0,223,0,1
223,1,-1.0,123,0,3
123,3,-1.0,103,0,1
103,1,-1.0,3,0,4
3,4,-1.0,19,0,0
19,0,-1.0,119,0,0
119,0,-1.0,219,0,2
219,2,-1.0,239,0,2
239,2,-1.0,259,0,2
259,2,-1.0,279,0,0
279,0,-1.0,379,0,0
379,0,-1.0,479,0,5
479,5,20.0,475,1,0
367,2,-1.0,387,0,1
387,1,-1.0,287,0,1
287,1,-1.0,187,0,1
187,5,-10.0,187,0,1
187,1,-1.0,87,0,4
87,4,-1.0,99,0,3
99,3,-1.0,79,0,0
79,0,-1.0,179,0,0
179,0,-1.0,279,0,0
279,0,-1.0,379,0,0
379,0,-1.0,479,0,5
479,5,20.0,475,1,0
251,3,-1.0,231,0,3
231,3,-1.0,211,0,0
211,0,-1.0,311,0,2
311,0,-1.0,411,0,4
411,4,-1.0,419,0,1
419,1,-1.0,319,0,1
319,1,-1.0,219,0,1
219,2,-1.0,239,0,2
239,2,-1.0,259,0,2
259,2,-1.0,279,0,0
279,0,-1.0,379,0,0
379,0,-1.0,479,0,5
479,0,-1.0,479,0,5
479,5,20.0,475,1,0
227,1,-1.0,127,0,0
127,0,-1.0,227,0,2
227,4,-10.0,227,0,2
227,2,-1.0,247,0,2
247,2,-1.0,267,0,2
267,2,-1.0,287,0,1
287,1,-1.0,187,0,1
187,1,-1.0,87,0,4
87,4,-1.0,99,0,3
99,3,-1.0,79,0,0
79,0,-1.0,179,0,0
179,0,-1.0,279,0,0
279,0,-1.0,379,0,0
379,0,-1.0,479,0,5
479,5,20.0,475,1,0
294,3,-1.0,274,0,0
274,0,-1.0,374,0,0
374,0,-1.0,474,0,4
474,2,-1.0,494,0,3
494,3,-1.0,474,0,4
474,4,-1.0,478,0,1
478,1,-1.0,378,0,1
378,1,-1.0,278,0,3
278,3,-1.0,258,0,3
258,3,-1.0,238,0,3
238,3,-1.0,218,0,0
218,0,-1.0,318,0,0
318,0,-1.0,418,0,5
418,5,20.0,410,1,0
331,1,-1.0,231,0,3
231,3,-1.0,211,0,0
211,0,-1.0,311,0,0
311,0,-1.0,411,0,4
411,4,-1.0,419,0,1
419,1,-1.0,319,0,1
319,1,-1.0,219,0,2
219,2,-1.0,239,0,2
239,2,-1.0,259,0,2
259,2,-1.0,279,0,0
279,0,-1.0,379,0,0
379,0,-1.0,479,0,5
479,5,20.0,475,1,0
4,2,-1.0,24,0,0
24,0,-1.0,124,0,0
124,0,-1.0,224,0,2
224,2,-1.0,244,0,1
244,1,-1.0,144,0,2
144,2,-1.0,164,0,2
164,2,-1.0,184,0,1
184,1,-1.0,84,0,4
84,4,-1.0,96,0,0
96,0,-1.0,196,0,0
196,3,-1.0,176,0,0
176,0,-1.0,276,0,3
276,3,-1.0,256,0,3
256,3,-1.0,236,0,1
236,1,-1.0,136,0,3
136,4,-10.0,136,0,3
136,3,-1.0,116,0,1
116,1,-1.0,16,0,5
16,2,-1.0,36,0,3
36,3,-1.0,16,0,5
16,3,-1.0,16,0,5
16,5,20.0,0,1,0
14,0,-1.0,114,0,2
114,2,-1.0,134,0,5
134,0,-1.0,234,0,2
234,2,-1.0,254,0,2
254,2,-1.0,274,0,0
274,0,-1.0,374,0,0
374,0,-1.0,474,0,4
474,4,-1.0,478,0,1
478,1,-1.0,378,0,1
378,0,-1.0,478,0,1
478,1,-1.0,378,0,5
378,1,-1.0,278,0,3
278,3,-1.0,258,0,5
258,3,-1.0,238,0,3
238,3,-1.0,218,0,0
218,0,-1.0,318,0,0
318,0,-1.0,418,0,5
418,1,-1.0,318,0,0
318,0,-1.0,418,0,5
418,3,-1.0,418,0,5
418,5,20.0,410,1,0
82,0,-1.0,182,0,0
182,0,-1.0,282,0,3
282,3,-1.0,262,0,3
262,3,-1.0,242,0,2
242,3,-1.0,222,0,1
222,1,-1.0,122,0,3
122,3,-1.0,102,0,1
102,1,-1.0,2,0,4
2,4,-1.0,18,0,0
18,0,-1.0,118,0,0
118,2,-1.0,138,0,3
138,3,-1.0,118,0,0
118,0,-1.0,218,0,0
218,0,-1.0,318,0,0
318,0,-1.0,418,0,5
418,0,-1.0,418,0,5
418,5,20.0,410,1,0
29,0,-1.0,129,0,3
129,3,-1.0,109,0,0
109,0,-1.0,209,0,0
209,0,-1.0,309,0,0
309,0,-1.0,409,0,4
409,4,-1.0,417,0,1
417,1,-1.0,317,0,1
317,1,-1.0,217,0,5
217,2,-1.0,237,0,2
237,2,-1.0,257,0,1
257,0,-1.0,357,0,1
357,1,-1.0,257,0,1
257,1,-1.0,157,0,3
157,2,-1.0,177,0,2
177,2,-1.0,197,0,1
197,1,-1.0,97,0,5
97,5,20.0,85,1,0
193,0,-1.0,293,0,2
293,3,-1.0,273,0,0
273,0,-1.0,373,0,0
373,0,-1.0,473,0,4
473,4,-1.0,477,0,2
477,2,-1.0,497,0,1
497,1,-1.0,397,0,1
397,1,-1.0,297,0,1
297,1,-1.0,197,0,1
197,1,-1.0,97,0,5
97,5,20.0,85,1,0
29,0,-1.0,129,0,3
129,3,-1.0,109,0,0
109,0,-1.0,209,0,0
209,4,-10.0,209,0,0
209,2,-1.0,229,0,3
229,3,-1.0,209,0,0
209,0,-1.0,309,0,0
309,0,-1.0,409,0,4
409,4,-1.0,417,0,1
417,1,-1.0,317,0,1
317,1,-1.0,217,0,2
217,2,-1.0,237,0,2
237,2,-1.0,257,0,1
257,1,-1.0,157,0,2
157,2,-1.0,177,0,2
177,2,-1.0,197,0,1
197,1,-1.0,97,0,5
97,5,20.0,85,1,0
212,2,-1.0,232,0,4
232,4,-10.0,232,0,2
232,2,-1.0,252,0,2
252,2,-1.0,272,0,0
272,0,-1.0,372,0,0
372,0,-1.0,472,0,4
472,4,-1.0,476,0,1
476,3,-1.0,476,0,1
476,1,-1.0,376,0,0
376,1,-1.0,276,0,3
276,3,-1.0,256,0,3
256,3,-1.0,236,0,1
236,1,-1.0,136,0,3
136,3,-1.0,116,0,1
116,1,-1.0,16,0,5
16,5,20.0,0,1,0
348,1,-1.0,248,0,1
248,2,-1.0,268,0,3
268,3,-1.0,248,0,3
248,3,-1.0,228,0,3
228,3,-1.0,208,0,0
208,3,-1.0,208,0,0
208,0,-1.0,308,0,0
308,0,-1.0,408,0,4
408,4,-1.0,416,0,1
416,1,-1.0,316,0,1
316,1,-1.0,216,0,1
216,1,-1.0,116,0,1
116,1,-1.0,16,0,5
16,1,-1.0,16,0,5
16,5,20.0,0,1,0
12,0,-1.0,112,0,0
112,0,-1.0,212,0,2
212,2,-1.0,232,0,2
232,2,-1.0,252,0,2
252,2,-1.0,272,0,0
272,0,-1.0,372,0,0
372,0,-1.0,472,0,4
472,4,-1.0,476,0,1
476,1,-1.0,376,0,1
376,1,-1.0,276,0,3
276,3,-1.0,256,0,3
256,3,-1.0,236,0,1
236,1,-1.0,136,0,3
136,3,-1.0,116,0,1
116,1,-1.0,16,0,5
16,5,20.0,0,1,0
482,3,-1.0,462,0,1
462,1,-1.0,362,0,1
362,1,-1.0,262,0,3
262,3,-1.0,242,0,3
242,3,-1.0,222,0,1
222,1,-1.0,122,0,3
122,3,-1.0,102,0,1
102,1,-1.0,2,0,4
2,4,-1.0,18,0,0
18,0,-1.0,118,0,3
118,0,-1.0,218,0,0
218,0,-1.0,318,0,0
318,0,-1.0,418,0,5
418,5,20.0,410,1,0
107,2,-1.0,127,0,0
127,0,-1.0,227,0,2
227,2,-1.0,247,0,2
247,2,-1.0,267,0,2
267,2,-1.0,287,0,1
287,1,-1.0,187,0,1
187,1,-1.0,87,0,4
87,4,-1.0,99,0,3
99,1,-1.0,99,0,3
99,3,-1.0,79,0,0
79,0,-1.0,179,0,0
179,0,-1.0,279,0,3
279,0,-1.0,379,0,0
379,0,-1.0,479,0,5
479,5,20.0,475,1,0
431,1,-1.0,331,0,1
331,1,-1.0,231,0,3
231,3,-1.0,211,0,0
211,0,-1.0,311,0,5
311,0,-1.0,411,0,2
411,4,-1.0,419,0,1
419,1,-1.0,319,0,1
319,1,-1.0,219,0,2
219,2,-1.0,239,0,2
239,2,-1.0,259,0,2
259,3,-1.0,239,0,3
239,2,-1.0,259,0,2
259,2,-1.0,279,0,0
279,0,-1.0,379,0,0
379,0,-1.0,479,0,2
479,5,20.0,475,1,0
221,1,-1.0,121,0,1
121,1,-1.0,21,0,3
21,3,-1.0,1,0,4
1,4,-1.0,17,0,0
17,0,-1.0,117,0,5
117,2,-1.0,137,0,0
137,0,-1.0,237,0,2
237,2,-1.0,257,0,3
257,1,-1.0,157,0,2
157,2,-1.0,177,0,2
177,2,-1.0,197,0,1
197,1,-1.0,97,0,5
97,2,-1.0,97,0,5
97,5,20.0,85,1,0
483,3,-1.0,463,0,1
463,1,-1.0,363,0,1
363,1,-1.0,263,0,3
263,3,-1.0,243,0,3
243,3,-1.0,223,0,1
223,1,-1.0,123,0,3
123,0,-1.0,223,0,2
223,1,-1.0,123,0,3
123,2,-1.0,123,0,3
123,3,-1.0,103,0,1
103,1,-1.0,3,0,4
3,4,-1.0,19,0,0
19,0,-1.0,119,0,0
119,0,-1.0,219,0,2
219,2,-1.0,239,0,2
239,5,-10.0,239,0,2
239,2,-1.0,259,0,2
259,2,-1.0,279,0,0
279,0,-1.0,379,0,0
379,0,-1.0,479,0,5
479,5,20.0,475,1,0
187,1,-1.0,87,0,4
87,4,-1.0,99,0,3
99,3,-1.0,79,0,0
79,0,-1.0,179,0,0
179,0,-1.0,279,0,4
279,0,-1.0,379,0,0
379,0,-1.0,479,0,5
479,5,20.0,475,1,0
72,0,-1.0,172,0,0
172,0,-1.0,272,0,0
272,0,-1.0,372,0,0
372,0,-1.0,472,0,4
472,4,-1.0,476,0,4
476,1,-1.0,376,0,1
376,1,-1.0,276,0,3
276,3,-1.0,256,0,3
256,3,-1.0,236,0,1
236,1,-1.0,136,0,3
136,3,-1.0,116,0,1
116,1,-1.0,16,0,5
16,5,20.0,0,1,0
66,2,-1.0,86,0,4
86,4,-1.0,98,0,0
98,0,-1.0,198,0,0
198,0,-1.0,298,0,3
298,1,-1.0,198,0,0
198,0,-1.0,298,0,3
298,3,-1.0,278,0,3
278,3,-1.0,258,0,3
258,3,-1.0,238,0,3
238,3,-1.0,218,0,0
218,0,-1.0,318,0,0
318,0,-1.0,418,0,5
418,5,20.0,410,1,0
46,2,-1.0,66,0,2
66,2,-1.0,86,0,4
86,4,-1.0,98,0,0
98,0,-1.0,198,0,0
198,0,-1.0,298,0,3
298,3,-1.0,278,0,3
278,3,-1.0,258,0,0
258,3,-1.0,238,0,3
238,3,-1.0,218,0,0
218,0,-1.0,318,0,0
318,0,-1.0,418,0,5
418,5,20.0,410,1,0
448,1,-1.0,348,0,1
348,1,-1.0,248,0,3
248,3,-1.0,228,0,3
228,3,-1.0,208,0,0
208,0,-1.0,308,0,0
308,0,-1.0,408,0,4
408,4,-1.0,416,0,1
416,1,-1.0,316,0,4
316,1,-1.0,216,0,1
216,1,-1.0,116,0,1
116,1,-1.0,16,0,5
16,5,20.0,0,1,0
329,1,-1.0,229,0,3
229,3,-1.0,209,0,0
209,0,-1.0,309,0,0
309,0,-1.0,409,0,4
409,4,-1.0,417,0,1
417,1,-1.0,317,0,1
317,3,-1.0,317,0,1
317,1,-1.0,217,0,2
217,4,-10.0,217,0,2
217,2,-1.0,237,0,2
237,2,-1.0,257,0,3
257,1,-1.0,157,0,2
157,2,-1.0,177,0,2
177,2,-1.0,197,0,1
197,1,-1.0,97,0,5
97,5,20.0,85,1,0
254,2,-1.0,274,0,0
274,0,-1.0,374,0,0
374,0,-1.0,474,0,4
474,4,-1.0,478,0,1
478,1,-1.0,378,0,2
378,1,-1.0,278,0,3
278,3,-1.0,258,0,3
258,1,-1.0,158,0,0
158,0,-1.0,258,0,5
258,3,-1.0,238,0,3
238,3,-1.0,218,0,0
218,0,-1.0,318,0,0
318,0,-1.0,418,0,5
418,5,20.0,410,1,0
453,1,-1.0,353,0,1
353,1,-1.0,253,0,2
253,2,-1.0,273,0,0
273,0,-1.0,373,0,0
373,0,-1.0,473,0,4
473,4,-1.0,477,0,2
477,2,-1.0,497,0,1
497,1,-1.0,397,0,1
397,0,-1.0,497,0,1
497,1,-1.0,397,0,1
397,1,-1.0,297,0,1
297,1,-1.0,197,0,1
197,1,-1.0,97,0,5
97,5,20.0,85,1,0
391,1,-1.0,291,0,3
291,3,-1.0,271,0,3
271,3,-1.0,251,0,3
251,3,-1.0,231,0,3
231,3,-1.0,211,0,0
211,1,-1.0,111,0,0
111,0,-1.0,211,0,0
211,0,-1.0,311,0,0
311,0,-1.0,411,0,4
411,4,-1.0,419,0,1
419,1,-1.0,319,0,1
319,1,-1.0,219,0,5
219,2,-1.0,239,0,2
239,2,-1.0,259,0,2
259,2,-1.0,279,0,0
279,0,-1.0,379,0,0
379,0,-1.0,479,0,5
479,5,20.0,475,1,0
394,3,-1.0,374,0,0
374,0,-1.0,474,0,4
474,4,-1.0,478,0,1
478,1,-1.0,378,0,1
378,1,-1.0,278,0,5
278,3,-1.0,258,0,3
258,3,-1.0,238,0,3
238,0,-1.0,338,0,1
338,1,-1.0,238,0,3
238,3,-1.0,218,0,0
218,0,-1.0,318,0,3
318,0,-1.0,418,0,3
418,5,20.0,410,1,0
413,3,-1.0,413,0,1
413,1,-1.0,313,0,1
313,1,-1.0,213,0,2
213,2,-1.0,233,0,2
233,2,-1.0,253,0,0
253,2,-1.0,273,0,0
273,0,-1.0,373,0,0
373,1,-1.0,273,0,0
273,0,-1.0,373,0,0
373,0,-1.0,473,0,4
473,4,-1.0,477,0,0
477,4,-10.0,477,0,2
477,2,-1.0,497,0,1
497,1,-1.0,397,0,1
397,1,-1.0,297,0,1
297,1,-1.0,197,0,1
197,1,-1.0,97,0,5
97,5,20.0,85,1,0
488,1,-1.0,388,0,3
388,3,-1.0,368,0,1
368,1,-1.0,268,0,3
268,3,-1.0,248,0,3
248,3,-1.0,228,0,3
228,4,-10.0,228,0,3
228,3,-1.0,208,0,0
208,0,-1.0,308,0,0
308,0,-1.0,408,0,4
408,4,-1.0,416,0,1
416,1,-1.0,316,0,1
316,1,-1.0,216,0,1
216,2,-1.0,236,0,1
236,1,-1.0,136,0,3
136,3,-1.0,116,0,1
116,1,-1.0,16,0,5
16,5,20.0,0,1,0
346,1,-1.0,246,0,0
246,2,-1.0,266,0,2
266,2,-1.0,286,0,4
286,1,-1.0,186,0,1
186,1,-1.0,86,0,4
86,4,-1.0,98,0,0
98,0,-1.0,198,0,0
198,0,-1.0,298,0,3
298,3,-1.0,278,0,3
278,3,-1.0,258,0,3
258,3,-1.0,238,0,3
238,3,-1.0,218,0,3
218,0,-1.0,318,0,0
318,0,-1.0,418,0,5
418,5,20.0,410,1,0
43,0,-1.0,143,0,0
143,0,-1.0,243,0,3
243,3,-1.0,223,0,1
223,1,-1.0,123,0,3
123,3,-1.0,103,0,1
103,1,-1.0,3,0,4
3,4,-1.0,19,0,0
19,0,-1.0,119,0,0
119,0,-1.0,219,0,2
219,2,-1.0,239,0,2
239,5,-10.0,239,0,2
239,2,-1.0,259,0,2
259,2,-1.0,279,0,0
279,0,-1.0,379,0,0
379,0,-1.0,479,0,5
479,5,20.0,475,1,0
166,2,-1.0,186,0,1
186,1,-1.0,86,0,4
86,4,-1.0,98,0,0
98,1,-1.0,98,0,3
98,0,-1.0,198,0,3
198,5,-10.0,198,0,0
198,0,-1.0,298,0,3
298,3,-1.0,278,0,3
278,3,-1.0,258,0,3
258,3,-1.0,238,0,3
238,3,-1.0,218,0,0
218,0,-1.0,318,0,0
318,0,-1.0,418,0,0
418,5,20.0,410,1,0
162,3,-1.0,142,0,0
142,0,-1.0,242,0,3
242,3,-1.0,222,0,1
222,1,-1.0,122,0,3
122,3,-1.0,102,0,1
102,1,-1.0,2,0,4
2,4,-1.0,18,0,3
18,0,-1.0,118,0,0
118,0,-1.0,218,0,0
218,0,-1.0,318,0,0
318,0,-1.0,418,0,5
418,5,20.0,410,1,0
349,3,-1.0,329,0,1
329,1,-1.0,229,0,5
229,3,-1.0,209,0,0
209,0,-1.0,309,0,4
309,0,-1.0,409,0,4
409,4,-1.0,417,0,1
417,1,-1.0,317,0,2
317,1,-1.0,217,0,2
217,2,-1.0,237,0,2
237,2,-1.0,257,0,1
257,1,-1.0,157,0,2
157,2,-1.0,177,0,2
177,2,-1.0,197,0,1
197,1,-1.0,97,0,3
97,5,20.0,85,1,0
207,2,-1.0,227,0,2
227,2,-1.0,247,0,2
247,2,-1.0,267,0,2
267,2,-1.0,287,0,1
287,1,-1.0,187,0,1
187,1,-1.0,87,0,4
87,4,-1.0,99,0,3
99,3,-1.0,79,0,4
79,1,-1.0,79,0,0
79,0,-1.0,179,0,0
179,0,-1.0,279,0,2
279,0,-1.0,379,0,0
379,0,-1.0,479,0,5
479,5,20.0,475,1,0
174,0,-1.0,274,0,0
274,0,-1.0,374,0,0
374,0,-1.0,474,0,4
474,4,-1.0,478,0,1
478,1,-1.0,378,0,1
378,1,-1.0,278,0,3
278,3,-1.0,258,0,3
258,3,-1.0,238,0,3
238,3,-1.0,218,0,0
218,0,-1.0,318,0,0
318,0,-1.0,418,0,5
418,5,20.0,410,1,0
192,0,-1.0,292,0,4
292,3,-1.0,272,0,0
272,0,-1.0,372,0,0
372,4,-10.0,372,0,5
372,0,-1.0,472,0,4
472,4,-1.0,476,0,1
476,1,-1.0,376,0,1
376,1,-1.0,276,0,3
276,3,-1.0,256,0,3
256,3,-1.0,236,0,1
236,1,-1.0,136,0,3
136,3,-1.0,116,0,1
116,1,-1.0,16,0,5
16,5,20.0,0,1,0
204,2,-1.0,224,0,2
224,2,-1.0,244,0,1
244,1,-1.0,144,0,2
144,2,-1.0,164,0,2
164,2,-1.0,184,0,1
184,1,-1.0,84,0,4
84,4,-1.0,96,0,0
96,0,-1.0,196,0,0
196,3,-1.0,176,0,0
176,0,-1.0,276,0,1
276,3,-1.0,256,0,3
256,3,-1.0,236,0,1
236,2,-1.0,256,0,3
256,3,-1.0,236,0,1
236,1,-1.0,136,0,3
136,3,-1.0,116,0,1
116,1,-1.0,16,0,5
16,5,20.0,0,1,0
4,2,-1.0,24,0,0
24,0,-1.0,124,0,0
124,0,-1.0,224,0,2
224,2,-1.0,244,0,1
244,1,-1.0,144,0,2
144,2,-1.0,164,0,2
164,2,-1.0,184,0,3
184,1,-1.0,84,0,4
84,4,-1.0,96,0,0
96,2,-1.0,96,0,0
96,0,-1.0,196,0,3
196,3,-1.0,176,0,0
176,3,-1.0,156,0,0
156,0,-1.0,256,0,3
256,3,-1.0,236,0,1
236,1,-1.0,136,0,3
136,3,-1.0,116,0,1
116,2,-1.0,136,0,3
136,3,-1.0,116,0,5
116,1,-1.0,16,0,5
16,5,20.0,0,1,0
43,0,-1.0,143,0,0
143,0,-1.0,243,0,3
243,3,-1.0,223,0,1
223,1,-1.0,123,0,3
123,3,-1.0,103,0,1
103,1,-1.0,3,0,4
3,4,-1.0,19,0,0
19,0,-1.0,119,0,0
119,0,-1.0,219,0,2
219,2,-1.0,239,0,2
239,2,-1.0,259,0,2
259,2,-1.0,279,0,0
279,0,-1.0,379,0,0
379,0,-1.0,479,0,5
479,5,20.0,475,1,0
461,1,-1.0,361,0,1
361,1,-1.0,261,0,3
261,3,-1.0,241,0,3
241,3,-1.0,221,0,1
221,1,-1.0,121,0,1
121,1,-1.0,21,0,3
21,3,-1.0,1,0,4
1,0,-1.0,101,0,1
101,1,-1.0,1,0,4
1,4,-1.0,17,0,0
17,0,-1.0,117,0,2
117,2,-1.0,137,0,0
137,3,-1.0,117,0,2
117,2,-1.0,137,0,0
137,0,-1.0,237,0,2
237,2,-1.0,257,0,1
257,1,-1.0,157,0,2
157,2,-1.0,177,0,2
177,2,-1.0,197,0,1
197,1,-1.0,97,0,5
97,5,20.0,85,1,0
431,1,-1.0,331,0,1
331,1,-1.0,231,0,3
231,3,-1.0,211,0,2
211,0,-1.0,311,0,1
311,0,-1.0,411,0,4
411,4,-1.0,419,0,1
419,1,-1.0,319,0,1
319,1,-1.0,219,0,2
219,2,-1.0,239,0,2
239,2,-1.0,259,0,2
259,2,-1.0,279,0,0
279,0,-1.0,379,0,0
379,0,-1.0,479,0,5
479,5,20.0,475,1,0
142,0,-1.0,242,0,3
242,3,-1.0,222,0,1
222,1,-1.0,122,0,3
122,3,-1.0,102,0,1
102,1,-1.0,2,0,4
2,3,-1.0,2,0,4
2,4,-1.0,18,0,0
18,0,-1.0,118,0,0
118,0,-1.0,218,0,0
218,0,-1.0,318,0,0
318,0,-1.0,418,0,5
418,5,20.0,410,1,0
309,0,-1.0,409,0,4
409,4,-1.0,417,0,1
417,1,-1.0,317,0,1
317,1,-1.0,217,0,2
217,2,-1.0,237,0,2
237,2,-1.0,257,0,1
257,1,-1.0,157,0,2
157,2,-1.0,177,0,2
177,2,-1.0,197,0,1
197,5,-10.0,197,0,1
197,1,-1.0,97,0,5
97,5,20.0,85,1,0
81,3,-1.0,61,0,0
61,0,-1.0,161,0,3
161,3,-1.0,141,0,0
141,0,-1.0,241,0,3
241,3,-1.0,221,0,1
221,1,-1.0,121,0,1
121,1,-1.0,21,0,3
21,3,-1.0,1,0,0
1,4,-1.0,17,0,0
17,0,-1.0,117,0,2
117,2,-1.0,137,0,0
137,0,-1.0,237,0,2
237,2,-1.0,257,0,1
257,1,-1.0,157,0,2
157,2,-1.0,177,0,2
177,2,-1.0,197,0,5
197,1,-1.0,97,0,5
97,5,20.0,85,1,0
362,1,-1.0,262,0,3
262,3,-1.0,242,0,1
242,3,-1.0,222,0,1
222,1,-1.0,122,0,3
122,3,-1.0,102,0,1
102,1,-1.0,2,0,4
2,4,-1.0,18,0,0
18,0,-1.0,118,0,0
118,4,-10.0,118,0,0
118,0,-1.0,218,0,0
218,0,-1.0,318,0,0
318,0,-1.0,418,0,5
418,5,20.0,410,1,0
233,2,-1.0,253,0,2
253,2,-1.0,273,0,0
273,0,-1.0,373,0,0
373,0,-1.0,473,0,4
473,4,-1.0,477,0,2
477,2,-1.0,497,0,1
497,1,-1.0,397,0,2
397,1,-1.0,297,0,3
297,3,-1.0,277,0,4
277,1,-1.0,177,0,2
177,2,-1.0,197,0,1
197,1,-1.0,97,0,5
97,5,20.0,85,1,0
93,0,-1.0,193,0,0
193,5,-10.0,193,0,0
193,0,-1.0,293,0,3
293,3,-1.0,273,0,0
273,1,-1.0,173,0,0
173,0,-1.0,273,0,0
273,0,-1.0,373,0,0
373,4,-10.0,373,0,2
373,0,-1.0,473,0,0
473,4,-1.0,477,0,2
477,2,-1.0,497,0,1
497,1,-1.0,397,0,1
397,1,-1.0,297,0,1
297,1,-1.0,197,0,1
197,1,-1.0,97,0,5
97,5,20.0,85,1,0
394,3,-1.0,374,0,0
374,0,-1.0,474,0,4
474,4,-1.0,478,0,1
478,2,-1.0,498,0,1
498,1,-1.0,398,0,1
398,1,-1.0,298,0,3
298,3,-1.0,278,0,3
278,3,-1.0,258,0,3
258,3,-1.0,238,0,3
238,3,-1.0,218,0,0
218,0,-1.0,318,0,0
318,0,-1.0,418,0,5
418,5,20.0,410,1,0
209,0,-1.0,309,0,0
309,0,-1.0,409,0,4
409,4,-1.0,417,0,1
417,1,-1.0,317,0,0
317,1,-1.0,217,0,2
217,2,-1.0,237,0,2
237,2,-1.0,257,0,1
257,1,-1.0,157,0,2
157,2,-1.0,177,0,2
177,2,-1.0,197,0,1
197,1,-1.0,97,0,5
97,5,20.0,85,1,0
141,0,-1.0,241,0,3
241,4,-10.0,241,0,3
241,4,-10.0,241,0,3
241,3,-1.0,221,0,1
221,1,-1.0,121,0,1
121,1,-1.0,21,0,3
21,3,-1.0,1,0,4
1,4,-1.0,17,0,0
17,0,-1.0,117,0,2
117,2,-1.0,137,0,0
137,0,-1.0,237,0,2
237,2,-1.0,257,0,2
257,1,-1.0,157,0,2
157,2,-1.0,177,0,2
177,2,-1.0,197,0,1
197,1,-1.0,97,0,5
97,5,20.0,85,1,0
23,4,-10.0,23,0,3
23,3,-1.0,3,0,4
3,4,-1.0,19,0,4
19,0,-1.0,119,0,0
119,0,-1.0,219,0,2
219,2,-1.0,239,0,2
239,2,-1.0,259,0,2
259,2,-1.0,279,0,0
279,0,-1.0,379,0,0
379,2,-1.0,399,0,3
399,3,-1.0,379,0,0
379,0,-1.0,479,0,5
479,1,-1.0,379,0,0
379,0,-1.0,479,0,0
479,5,20.0,475,1,0
68,0,-1.0,168,0,0
168,1,-1.0,68,0,0
68,0,-1.0,168,0,2
168,0,-1.0,268,0,3
268,3,-1.0,248,0,3
248,3,-1.0,228,0,3
228,3,-1.0,208,0,0
208,0,-1.0,308,0,0
308,0,-1.0,408,0,4
408,4,-1.0,416,0,1
416,1,-1.0,316,0,1
316,1,-1.0,216,0,1
216,1,-1.0,116,0,1
116,3,-1.0,116,0,1
116,1,-1.0,16,0,5
16,5,20.0,0,1,0
264,2,-1.0,284,0,1
284,1,-1.0,184,0,1
184,1,-1.0,84,0,4
84,4,-1.0,96,0,0
96,0,-1.0,196,0,3
196,0,-1.0,296,0,3
296,2,-1.0,296,0,3
296,3,-1.0,276,0,2
276,3,-1.0,256,0,3
256,3,-1.0,236,0,1
236,1,-1.0,136,0,3
136,3,-1.0,116,0,1
116,3,-1.0,116,0,1
116,1,-1.0,16,0,5
16,2,-1.0,36,0,3
36,3,-1.0,16,0,5
16,5,20.0,0,1,0
252,2,-1.0,272,0,0
272,0,-1.0,372,0,0
372,0,-1.0,472,0,4
472,4,-1.0,476,0,1
476,1,-1.0,376,0,1
376,1,-1.0,276,0,3
276,3,-1.0,256,0,3
256,3,-1.0,236,0,1
236,1,-1.0,136,0,3
136,3,-1.0,116,0,0
116,1,-1.0,16,0,5
16,5,20.0,0,1,0
307,1,-1.0,207,0,2
207,2,-1.0,227,0,2
227,2,-1.0,247,0,2
247,2,-1.0,267,0,2
267,2,-1.0,287,0,1
287,1,-1.0,187,0,1
187,1,-1.0,87,0,4
87,4,-1.0,99,0,3
99,3,-1.0,79,0,1
79,0,-1.0,179,0,0
179,0,-1.0,279,0,0
279,0,-1.0,379,0,0
379,3,-1.0,379,0,0
379,0,-1.0,479,0,5
479,5,20.0,475,1,0
287,1,-1.0,187,0,1
187,1,-1.0,87,0,4
87,4,-1.0,99,0,3
99,3,-1.0,79,0,0
79,0,-1.0,179,0,0
179,0,-1.0,279,0,0
279,0,-1.0,379,0,0
379,0,-1.0,479,0,5
479,5,20.0,475,1,0
22,3,-1.0,2,0,4
2,4,-1.0,18,0,3
18,0,-1.0,118,0,5
118,1,-1.0,18,0,0
18,0,-1.0,118,0,1
118,0,-1.0,218,0,3
218,0,-1.0,318,0,0
318,3,-1.0,318,0,0
318,0,-1.0,418,0,5
418,5,20.0,410,1,0
233,2,-1.0,253,0,2
253,2,-1.0,273,0,0
273,0,-1.0,373,0,0
373,1,-1.0,273,0,1
273,0,-1.0,373,0,0
373,3,-1.0,373,0,0
373,0,-1.0,473,0,4
473,4,-1.0,477,0,4
477,2,-1.0,497,0,1
497,1,-1.0,397,0,1
397,1,-1.0,297,0,1
297,1,-1.0,197,0,1
197,1,-1.0,97,0,5
97,5,20.0,85,1,0
161,3,-1.0,141,0,0
141,0,-1.0,241,0,3
241,3,-1.0,221,0,1
221,1,-1.0,121,0,1
121,1,-1.0,21,0,3
21,3,-1.0,1,0,4
1,4,-1.0,17,0,4
17,3,-1.0,17,0,0
17,0,-1.0,117,0,2
117,2,-1.0,137,0,0
137,0,-1.0,237,0,2
237,2,-1.0,257,0,1
257,1,-1.0,157,0,2
157,2,-1.0,177,0,2
177,2,-1.0,197,0,1
197,1,-1.0,97,0,5
97,5,20.0,85,1,0
328,1,-1.0,228,0,3
228,3,-1.0,208,0,0
208,0,-1.0,308,0,0
308,0,-1.0,408,0,4
408,0,-1.0,408,0,4
408,4,-1.0,416,0,1
416,1,-1.0,316,0,1
316,3,-1.0,316,0,1
316,1,-1.0,216,0,1
216,1,-1.0,116,0,1
116,1,-1.0,16,0,5
16,5,20.0,0,1,0
241,3,-1.0,221,0,1
221,1,-1.0,121,0,1
121,1,-1.0,21,0,3
21,3,-1.0,1,0,4
1,4,-1.0,17,0,0
17,0,-1.0,117,0,2
117,2,-1.0,137,0,0
137,0,-1.0,237,0,2
237,2,-1.0,257,0,1
257,1,-1.0,157,0,2
157,2,-1.0,177,0,2
177,2,-1.0,197,0,1
197,1,-1.0,97,0,5
97,2,-1.0,97,0,5
97,5,20.0,85,1,0
454,3,-1.0,434,0,2
434,2,-1.0,454,0,5
454,1,-1.0,354,0,1
354,1,-1.0,254,0,2
254,2,-1.0,274,0,0
274,0,-1.0,374,0,0
374,0,-1.0,474,0,4
474,4,-1.0,478,0,1
478,1,-1.0,378,0,1
378,1,-1.0,278,0,3
278,3,-1.0,258,0,3
258,3,-1.0,238,0,3
238,3,-1.0,218,0,0
218,2,-1.0,238,0,3
238,3,-1.0,218,0,0
218,0,-1.0,318,0,0
318,0,-1.0,418,0,5
418,5,20.0,410,1,0
466,1,-1.0,366,0,2
366,1,-1.0,266,0,2
266,2,-1.0,286,0,1
286,2,-1.0,286,0,1
286,1,-1.0,186,0,4
186,5,-10.0,186,0,0
186,4,-10.0,186,0,1
186,1,-1.0,86,0,4
86,4,-1.0,98,0,0
98,0,-1.0,198,0,0
198,0,-1.0,298,0,3
298,3,-1.0,278,0,3
278,3,-1.0,258,0,3
258,3,-1.0,238,0,3
238,3,-1.0,218,0,0
218,0,-1.0,318,0,0
318,0,-1.0,418,0,5
418,5,20.0,410,1,0
147,2,-1.0,167,0,2
167,1,-1.0,67,0,2
67,2,-1.0,87,0,4
87,4,-1.0,99,0,3
99,3,-1.0,79,0,0
79,0,-1.0,179,0,0
179,0,-1.0,279,0,0
279,0,-1.0,379,0,0
379,0,-1.0,479,0,5
479,5,20.0,475,1,0
182,0,-1.0,282,0,3
282,3,-1.0,262,0,3
262,3,-1.0,242,0,3
242,3,-1.0,222,0,1
222,1,-1.0,122,0,3
122,3,-1.0,102,0,1
102,1,-1.0,2,0,4
2,4,-1.0,18,0,0
18,0,-1.0,118,0,0
118,0,-1.0,218,0,4
218,0,-1.0,318,0,2
318,0,-1.0,418,0,5
418,5,20.0,410,1,0
207,2,-1.0,227,0,2
227,2,-1.0,247,0,2
247,2,-1.0,267,0,1
267,2,-1.0,287,0,1
287,1,-1.0,187,0,4
187,1,-1.0,87,0,4
87,4,-1.0,99,0,3
99,3,-1.0,79,0,0
79,0,-1.0,179,0,0
179,0,-1.0,279,0,0
279,0,-1.0,379,0,0
379,0,-1.0,479,0,5
479,5,20.0,475,1,0
74,2,-1.0,94,0,3
94,3,-1.0,74,0,0
74,0,-1.0,174,0,0
174,0,-1.0,274,0,0
274,0,-1.0,374,0,0
374,0,-1.0,474,0,4
474,4,-1.0,478,0,5
478,1,-1.0,378,0,1
378,1,-1.0,278,0,4
278,3,-1.0,258,0,0
258,3,-1.0,238,0,3
238,3,-1.0,218,0,0
218,0,-1.0,318,0,0
318,0,-1.0,418,0,5
418,5,20.0,410,1,0
484,1,-1.0,384,0,1
384,1,-1.0,284,0,1
284,1,-1.0,184,0,1
184,1,-1.0,84,0,4
84,4,-1.0,96,0,0
96,0,-1.0,196,0,3
196,3,-1.0,176,0,0
176,0,-1.0,276,0,3
276,3,-1.0,256,0,3
256,3,-1.0,236,0,1
236,1,-1.0,136,0,3
136,3,-1.0,116,0,1
116,1,-1.0,16,0,5
16,5,20.0,0,1,0
452,1,-1.0,352,0,1
352,1,-1.0,252,0,2
252,2,-1.0,272,0,0
272,0,-1.0,372,0,0
372,0,-1.0,472,0,4
472,4,-1.0,476,0,1
476,1,-1.0,376,0,1
376,1,-1.0,276,0,4
276,3,-1.0,256,0,3
256,3,-1.0,236,0,1
236,1,-1.0,136,0,3
136,3,-1.0,116,0,1
116,1,-1.0,16,0,5
16,5,20.0,0,1,0
181,3,-1.0,161,0,3
161,3,-1.0,141,0,0
141,0,-1.0,241,0,3
241,3,-1.0,221,0,1
221,1,-1.0,121,0,1
121,1,-1.0,21,0,3
21,3,-1.0,1,0,4
1,4,-1.0,17,0,0
17,0,-1.0,117,0,2
117,4,-10.0,117,0,2
117,2,-1.0,137,0,0
137,0,-1.0,237,0,2
237,2,-1.0,257,0,1
257,1,-1.0,157,0,5
157,2,-1.0,177,0,2
177,2,-1.0,197,0,1
197,3,-1.0,177,0,4
177,2,-1.0,197,0,1
197,1,-1.0,97,0,5
97,5,20.0,85,1,0
244,1,-1.0,144,0,4
144,1,-1.0,44,0,2
44,1,-1.0,44,0,2
44,2,-1.0,64,0,2
64,2,-1.0,84,0,4
84,4,-1.0,96,0,0
96,0,-1.0,196,0,2
196,3,-1.0,176,0,0
176,0,-1.0,276,0,3
276,3,-1.0,256,0,3
256,3,-1.0,236,0,1
236,1,-1.0,136,0,3
136,5,-10.0,136,0,3
136,3,-1.0,116,0,1
116,1,-1.0,16,0,5
16,5,20.0,0,1,0
262,3,-1.0,242,0,3
242,3,-1.0,222,0,1
222,1,-1.0,122,0,3
122,3,-1.0,102,0,1
102,1,-1.0,2,0,0
2,4,-1.0,18,0,0
18,0,-1.0,118,0,5
118,2,-1.0,138,0,3
138,3,-1.0,118,0,0
118,0,-1.0,218,0,0
218,0,-1.0,318,0,0
318,0,-1.0,418,0,5
418,5,20.0,410,1,0
226,2,-1.0,246,0,2
246,2,-1.0,266,0,2
266,2,-1.0,286,0,1
286,1,-1.0,186,0,1
186,1,-1.0,86,0,4
86,4,-1.0,98,0,0
98,0,-1.0,198,0,0
198,0,-1.0,298,0,3
298,3,-1.0,278,0,3
278,3,-1.0,258,0,3
258,3,-1.0,238,0,3
238,3,-1.0,218,0,2
218,0,-1.0,318,0,0
318,0,-1.0,418,0,5
418,3,-1.0,418,0,5
418,5,20.0,410,1,0
152,2,-1.0,172,0,0
172,0,-1.0,272,0,0
272,0,-1.0,372,0,0
372,0,-1.0,472,0,4
472,4,-1.0,476,0,1
476,1,-1.0,376,0,1
376,1,-1.0,276,0,3
276,3,-1.0,256,0,3
256,3,-1.0,236,0,1
236,1,-1.0,136,0,3
136,3,-1.0,116,0,1
116,1,-1.0,16,0,5
16,5,20.0,0,1,0
148,0,-1.0,248,0,2
248,3,-1.0,228,0,3
228,3,-1.0,208,0,0
208,0,-1.0,308,0,0
308,0,-1.0,408,0,4
408,4,-1.0,416,0,1
416,1,-1.0,316,0,1
316,2,-1.0,316,0,1
316,1,-1.0,216,0,1
216,1,-1.0,116,0,1
116,1,-1.0,16,0,5
16,5,20.0,0,1,0
307,1,-1.0,207,0,2
207,2,-1.0,227,0,2
227,2,-1.0,247,0,2
247,2,-1.0,267,0,2
267,2,-1.0,287,0,1
287,1,-1.0,187,0,1
187,1,-1.0,87,0,4
87,4,-1.0,99,0,3
99,3,-1.0,79,0,0
79,0,-1.0,179,0,0
179,0,-1.0,279,0,0
279,2,-1.0,299,0,3
299,3,-1.0,279,0,0
279,0,-1.0,379,0,0
379,0,-1.0,479,0,5
479,5,20.0,475,1,0
227,2,-1.0,247,0,2
247,2,-1.0,267,0,2
267,2,-1.0,287,0,1
287,5,-10.0,287,0,4
287,1,-1.0,187,0,1
187,1,-1.0,87,0,4
87,4,-1.0,99,0,3
99,3,-1.0,79,0,0
79,0,-1.0,179,0,0
179,0,-1.0,279,0,0
279,0,-1.0,379,0,0
379,0,-1.0,479,0,5
479,5,20.0,475,1,0
414,1,-1.0,314,0,1
314,1,-1.0,214,0,2
214,2,-1.0,234,0,2
234,2,-1.0,254,0,2
254,2,-1.0,274,0,0
274,0,-1.0,374,0,0
374,0,-1.0,474,0,4
474,4,-1.0,478,0,1
478,1,-1.0,378,0,1
378,1,-1.0,278,0,3
278,1,-1.0,178,0,0
178,0,-1.0,278,0,3
278,1,-1.0,178,0,0
178,0,-1.0,278,0,3
278,3,-1.0,258,0,3
258,3,-1.0,238,0,3
238,3,-1.0,218,0,0
218,0,-1.0,318,0,0
318,0,-1.0,418,0,5
418,5,20.0,410,1,0
306,1,-1.0,206,0,2
206,2,-1.0,226,0,2
226,2,-1.0,246,0,2
246,2,-1.0,266,0,2
266,2,-1.0,286,0,1
286,1,-1.0,186,0,1
186,1,-1.0,86,0,4
86,3,-1.0,66,0,2
66,2,-1.0,86,0,4
86,4,-1.0,98,0,0
98,0,-1.0,198,0,0
198,0,-1.0,298,0,3
298,3,-1.0,278,0,3
278,3,-1.0,258,0,3
258,3,-1.0,238,0,3
238,3,-1.0,218,0,0
218,0,-1.0,318,0,0
318,0,-1.0,418,0,5
418,5,20.0,410,1,0
249,3,-1.0,229,0,5
229,3,-1.0,209,0,0
209,0,-1.0,309,0,0
309,4,-10.0,309,0,0
309,0,-1.0,409,0,4
409,4,-1.0,417,0,1
417,1,-1.0,317,0,1
317,1,-1.0,217,0,2
217,4,-10.0,217,0,2
217,2,-1.0,237,0,0
237,2,-1.0,257,0,1
257,1,-1.0,157,0,4
157,2,-1.0,177,0,2
177,2,-1.0,197,0,1
197,0,-1.0,297,0,1
297,1,-1.0,197,0,1
197,1,-1.0,97,0,5
97,1,-1.0,97,0,5
97,0,-1.0,197,0,1
197,1,-1.0,97,0,5
97,5,20.0,85,1,0
171,0,-1.0,271,0,3
271,3,-1.0,251,0,3
251,3,-1.0,231,0,3
231,4,-10.0,231,0,3
231,3,-1.0,211,0,0
211,0,-1.0,311,0,0
311,2,-1.0,311,0,0
311,0,-1.0,411,0,4
411,4,-1.0,419,0,1
419,1,-1.0,319,0,3
319,1,-1.0,219,0,2
219,2,-1.0,239,0,2
239,2,-1.0,259,0,2
259,2,-1.0,279,0,0
279,0,-1.0,379,0,0
379,0,-1.0,479,0,5
479,5,20.0,475,1,0
164,2,-1.0,184,0,4
184,1,-1.0,84,0,4
84,4,-1.0,96,0,0
96,0,-1.0,196,0,3
196,3,-1.0,176,0,0
176,0,-1.0,276,0,3
276,3,-1.0,256,0,3
256,3,-1.0,236,0,1
236,1,-1.0,136,0,3
136,3,-1.0,116,0,1
116,1,-1.0,16,0,5
16,5,20.0,0,1,0
133,0,-1.0,233,0,2
233,2,-1.0,253,0,2
253,2,-1.0,273,0,3
273,0,-1.0,373,0,0
373,0,-1.0,473,0,4
473,4,-1.0,477,0,2
477,5,-1.0,473,0,4
473,4,-1.0,477,0,2
477,2,-1.0,497,0,1
497,1,-1.0,397,0,1
397,1,-1.0,297,0,1
297,3,-1.0,277,0,0
277,3,-1.0,257,0,1
257,1,-1.0,157,0,2
157,5,-10.0,157,0,2
157,2,-1.0,177,0,2
177,2,-1.0,197,0,1
197,1,-1.0,97,0,5
97,4,-10.0,97,0,5
97,4,-10.0,97,0,0
97,5,20.0,85,1,0
264,2,-1.0,284,0,1
284,3,-1.0,264,0,2
264,2,-1.0,284,0,1
284,1,-1.0,184,0,1
184,1,-1.0,84,0,1
84,1,-1.0,84,0,4
84,4,-1.0,96,0,0
96,0,-1.0,196,0,3
196,3,-1.0,176,0,0
176,0,-1.0,276,0,3
276,3,-1.0,256,0,3
256,3,-1.0,236,0,1
236,1,-1.0,136,0,3
136,3,-1.0,116,0,1
116,1,-1.0,16,0,5
16,4,-10.0,16,0,5
16,5,20.0,0,1,0
229,3,-1.0,209,0,4
209,0,-1.0,309,0,0
309,0,-1.0,409,0,4
409,4,-1.0,417,0,1
417,1,-1.0,317,0,1
317,1,-1.0,217,0,2
217,2,-1.0,237,0,2
237,2,-1.0,257,0,1
257,1,-1.0,157,0,2
157,2,-1.0,177,0,2
177,2,-1.0,197,0,1
197,1,-1.0,97,0,5
97,3,-1.0,77,0,4
77,2,-1.0,97,0,5
97,5,20.0,85,1,0
333,2,-1.0,353,0,1
353,1,-1.0,253,0,2
253,2,-1.0,273,0,0
273,0,-1.0,373,0,0
373,0,-1.0,473,0,4
473,4,-1.0,477,0,2
477,2,-1.0,497,0,1
497,1,-1.0,397,0,1
397,1,-1.0,297,0,1
297,1,-1.0,197,0,1
197,1,-1.0,97,0,5
97,5,20.0,85,1,0
341,1,-1.0,241,0,3
241,3,-1.0,221,0,1
221,4,-10.0,221,0,1
221,1,-1.0,121,0,1
121,1,-1.0,21,0,3
21,3,-1.0,1,0,4
1,4,-1.0,17,0,0
17,0,-1.0,117,0,2
117,2,-1.0,137,0,0
137,0,-1.0,237,0,0
237,2,-1.0,257,0,1
257,1,-1.0,157,0,2
157,2,-1.0,177,0,2
177,2,-1.0,197,0,1
197,2,-1.0,197,0,1
197,1,-1.0,97,0,5
97,5,20.0,85,1,0
382,1,-1.0,282,0,3
282,3,-1.0,262,0,3
262,3,-1.0,242,0,3
242,3,-1.0,222,0,1
222,1,-1.0,122,0,3
122,3,-1.0,102,0,1
102,1,-1.0,2,0,4
2,4,-1.0,18,0,0
18,0,-1.0,118,0,0
118,0,-1.0,218,0,0
218,0,-1.0,318,0,0
318,0,-1.0,418,0,5
418,5,20.0,410,1,0
67,2,-1.0,87,0,4
87,4,-1.0,99,0,3
99,3,-1.0,79,0,0
79,4,-10.0,79,0,0
79,0,-1.0,179,0,1
179,0,-1.0,279,0,0
279,0,-1.0,379,0,0
379,0,-1.0,479,0,5
479,5,20.0,475,1,0
173,0,-1.0,273,0,0
273,0,-1.0,373,0,0
373,0,-1.0,473,0,0
473,4,-1.0,477,0,2
477,2,-1.0,497,0,1
497,1,-1.0,397,0,1
397,0,-1.0,497,0,1
497,1,-1.0,397,0,1
397,1,-1.0,297,0,1
297,1,-1.0,197,0,1
197,2,-1.0,197,0,4
197,1,-1.0,97,0,5
97,5,20.0,85,1,0
404,1,-1.0,304,0,1
304,1,-1.0,204,0,2
204,2,-1.0,224,0,2
224,2,-1.0,244,0,1
244,1,-1.0,144,0,2
144,2,-1.0,164,0,2
164,2,-1.0,184,0,5
184,1,-1.0,84,0,4
84,4,-1.0,96,0,0
96,0,-1.0,196,0,3
196,3,-1.0,176,0,0
176,0,-1.0,276,0,3
276,3,-1.0,256,0,3
256,3,-1.0,236,0,1
236,1,-1.0,136,0,2
136,3,-1.0,116,0,1
116,1,-1.0,16,0,5
16,5,20.0,0,1,0
174,0,-1.0,274,0,0
274,0,-1.0,374,0,0
374,0,-1.0,474,0,0
474,4,-1.0,478,0,1
478,1,-1.0,378,0,1
378,1,-1.0,278,0,3
278,3,-1.0,258,0,3
258,3,-1.0,238,0,3
238,3,-1.0,218,0,0
218,0,-1.0,318,0,0
318,0,-1.0,418,0,5
418,5,20.0,410,1,0
472,0,-1.0,472,0,4
472,4,-1.0,476,0,1
476,1,-1.0,376,0,1
376,1,-1.0,276,0,3
276,3,-1.0,256,0,3
256,3,-1.0,236,0,1
236,0,-1.0,336,0,1
336,1,-1.0,236,0,1
236,1,-1.0,136,0,3
136,3,-1.0,116,0,4
116,1,-1.0,16,0,5
16,1,-1.0,16,0,5
16,5,20.0,0,1,0
193,0,-1.0,293,0,3
293,3,-1.0,273,0,0
273,0,-1.0,373,0,0
373,0,-1.0,473,0,4
473,4,-1.0,477,0,2
477,2,-1.0,497,0,1
497,1,-1.0,397,0,1
397,1,-1.0,297,0,1
297,1,-1.0,197,0,1
197,1,-1.0,97,0,5
97,5,20.0,85,1,0
26,1,-1.0,26,0,0
26,0,-1.0,126,0,0
126,0,-1.0,226,0,2
226,2,-1.0,246,0,2
246,2,-1.0,266,0,2
266,2,-1.0,286,0,1
286,1,-1.0,186,0,1
186,1,-1.0,86,0,4
86,4,-1.0,98,0,0
98,0,-1.0,198,0,4
198,0,-1.0,298,0,3
298,3,-1.0,278,0,1
278,2,-1.0,298,0,3
298,3,-1.0,278,0,3
278,3,-1.0,258,0,3
258,5,-10.0,258,0,3
258,4,-10.0,258,0,3
258,3,-1.0,238,0,3
238,3,-1.0,218,0,0
218,0,-1.0,318,0,0
318,0,-1.0,418,0,5
418,5,20.0,410,1,0
226,2,-1.0,246,0,2
246,2,-1.0,266,0,5
266,2,-1.0,286,0,1
286,1,-1.0,186,0,1
186,1,-1.0,86,0,4
86,4,-1.0,98,0,0
98,0,-1.0,198,0,0
198,0,-1.0,298,0,3
298,3,-1.0,278,0,3
278,3,-1.0,258,0,3
258,3,-1.0,238,0,3
238,3,-1.0,218,0,0
218,0,-1.0,318,0,0
318,5,-10.0,318,0,0
318,0,-1.0,418,0,5
418,5,20.0,410,1,0
429,1,-1.0,329,0,1
329,1,-1.0,229,0,3
229,3,-1.0,209,0,0
209,0,-1.0,309,0,0
309,0,-1.0,409,0,4
409,2,-1.0,409,0,4
409,4,-1.0,417,0,1
417,1,-1.0,317,0,1
317,1,-1.0,217,0,2
217,2,-1.0,237,0,0
237,2,-1.0,257,0,1
257,1,-1.0,157,0,3
157,2,-1.0,177,0,2
177,2,-1.0,197,0,1
197,1,-1.0,97,0,5
97,5,20.0,85,1,0
126,0,-1.0,226,0,2
226,2,-1.0,246,0,2
246,3,-1.0,226,0,2
226,2,-1.0,246,0,2
246,2,-1.0,266,0,2
266,2,-1.0,286,0,0
286,1,-1.0,186,0,1
186,1,-1.0,86,0,4
86,4,-1.0,98,0,0
98,0,-1.0,198,0,0
198,0,-1.0,298,0,3
298,3,-1.0,278,0,3
278,3,-1.0,258,0,0
258,3,-1.0,238,0,3
238,3,-1.0,218,0,0
218,0,-1.0,318,0,0
318,0,-1.0,418,0,5
418,5,20.0,410,1,0
133,0,-1.0,233,0,2
233,2,-1.0,253,0,2
253,2,-1.0,273,0,0
273,0,-1.0,373,0,3
373,0,-1.0,473,0,4
473,4,-1.0,477,0,2
477,2,-1.0,497,0,1
497,1,-1.0,397,0,1
397,1,-1.0,297,0,1
297,4,-10.0,297,0,1
297,1,-1.0,197,0,5
197,1,-1.0,97,0,5
97,5,20.0,85,1,0
132,0,-1.0,232,0,0
232,2,-1.0,252,0,4
252,2,-1.0,272,0,0
272,0,-1.0,372,0,0
372,0,-1.0,472,0,4
472,4,-1.0,476,0,1
476,1,-1.0,376,0,0
376,1,-1.0,276,0,1
276,3,-1.0,256,0,3
256,3,-1.0,236,0,1
236,1,-1.0,136,0,3
136,3,-1.0,116,0,1
116,1,-1.0,16,0,5
16,3,-1.0,16,0,5
16,5,20.0,0,1,0
421,1,-1.0,321,0,1
321,1,-1.0,221,0,5
221,1,-1.0,121,0,1
121,1,-1.0,21,0,3
21,3,-1.0,1,0,2
1,4,-1.0,17,0,2
17,3,-1.0,17,0,0
17,0,-1.0,117,0,2
117,2,-1.0,137,0,0
137,0,-1.0,237,0,2
237,2,-1.0,257,0,1
257,1,-1.0,157,0,2
157,2,-1.0,177,0,2
177,2,-1.0,197,0,1
197,1,-1.0,97,0,5
97,5,20.0,85,1,0
362,1,-1.0,262,0,2
262,3,-1.0,242,0,3
242,0,-1.0,342,0,1
342,1,-1.0,242,0,3
242,3,-1.0,222,0,1
222,1,-1.0,122,0,3
122,3,-1.0,102,0,1
102,1,-1.0,2,0,4
2,4,-1.0,18,0,0
18,0,-1.0,118,0,0
118,0,-1.0,218,0,0
218,0,-1.0,318,0,0
318,0,-1.0,418,0,5
418,5,20.0,410,1,0
233,2,-1.0,253,0,2
253,2,-1.0,273,0,0
273,0,-1.0,373,0,0
373,0,-1.0,473,0,3
473,4,-1.0,477,0,3
477,2,-1.0,497,0,1
497,5,-10.0,497,0,1
497,1,-1.0,397,0,1
397,1,-1.0,297,0,1
297,1,-1.0,197,0,1
197,1,-1.0,97,0,5
97,3,-1.0,77,0,2
77,2,-1.0,97,0,5
97,5,20.0,85,1,0
412,1,-1.0,312,0,1
312,1,-1.0,212,0,2
212,2,-1.0,232,0,2
232,2,-1.0,252,0,2
252,2,-1.0,272,0,0
272,0,-1.0,372,0,0
372,0,-1.0,472,0,4
472,3,-1.0,472,0,4
472,4,-1.0,476,0,1
476,1,-1.0,376,0,1
376,1,-1.0,276,0,3
276,3,-1.0,256,0,3
256,3,-1.0,236,0,1
236,1,-1.0,136,0,3
136,3,-1.0,116,0,1
116,1,-1.0,16,0,4
16,5,20.0,0,1,0
488,1,-1.0,388,0,3
388,3,-1.0,368,0,1
368,1,-1.0,268,0,3
268,3,-1.0,248,0,3
248,3,-1.0,228,0,3
228,3,-1.0,208,0,0
208,1,-1.0,108,0,0
108,0,-1.0,208,0,0
208,0,-1.0,308,0,0
308,0,-1.0,408,0,4
408,4,-1.0,416,0,1
416,1,-1.0,316,0,1
316,1,-1.0,216,0,1
216,1,-1.0,116,0,1
116,1,-1.0,16,0,5
16,5,20.0,0,1,0
93,0,-1.0,193,0,0
193,0,-1.0,293,0,3
293,3,-1.0,273,0,0
273,0,-1.0,373,0,0
373,0,-1.0,473,0,4
473,4,-1.0,477,0,2
477,2,-1.0,497,0,1
497,1,-1.0,397,0,1
397,1,-1.0,297,0,1
297,1,-1.0,197,0,1
197,1,-1.0,97,0,5
97,5,20.0,85,1,0
211,0,-1.0,311,0,0
311,0,-1.0,411,0,4
411,4,-1.0,419,0,1
419,1,-1.0,319,0,1
319,1,-1.0,219,0,2
219,2,-1.0,239,0,2
239,2,-1.0,259,0,2
259,2,-1.0,279,0,0
279,0,-1.0,379,0,0
379,0,-1.0,479,0,5
479,5,20.0,475,1,0
452,1,-1.0,352,0,1
352,1,-1.0,252,0,2
252,2,-1.0,272,0,4
272,0,-1.0,372,0,0
372,0,-1.0,472,0,4
472,4,-1.0,476,0,1
476,1,-1.0,376,0,1
376,1,-1.0,276,0,3
276,3,-1.0,256,0,3
256,3,-1.0,236,0,1
236,1,-1.0,136,0,3
136,3,-1.0,116,0,1
116,1,-1.0,16,0,5
16,5,20.0,0,1,0
246,2,-1.0,266,0,2
266,2,-1.0,286,0,1
286,1,-1.0,186,0,1
186,1,-1.0,86,0,4
86,3,-1.0,66,0,2
66,2,-1.0,86,0,5
86,4,-1.0,98,0,0
98,0,-1.0,198,0,0
198,0,-1.0,298,0,3
298,3,-1.0,278,0,3
278,3,-1.0,258,0,3
258,3,-1.0,238,0,3
238,3,-1.0,218,0,0
218,0,-1.0,318,0,0
318,0,-1.0,418,0,5
418,5,20.0,410,1,0
286,1,-1.0,186,0,1
186,5,-10.0,186,0,1
186,3,-1.0,166,0,2
166,2,-1.0,186,0,1
186,1,-1.0,86,0,4
86,4,-1.0,98,0,0
98,0,-1.0,198,0,0
198,0,-1.0,298,0,3
298,3,-1.0,278,0,3
278,3,-1.0,258,0,3
258,3,-1.0,238,0,3
238,3,-1.0,218,0,0
218,0,-1.0,318,0,0
318,0,-1.0,418,0,5
418,0,-1.0,418,0,3
418,5,20.0,410,1,0
262,3,-1.0,242,0,3
242,3,-1.0,222,0,1
222,1,-1.0,122,0,3
122,3,-1.0,102,0,1
102,1,-1.0,2,0,4
2,4,-1.0,18,0,0
18,0,-1.0,118,0,0
118,0,-1.0,218,0,0
218,0,-1.0,318,0,0
318,0,-1.0,418,0,5
418,5,20.0,410,1,0
372,0,-1.0,472,0,4
472,4,-1.0,476,0,1
476,1,-1.0,376,0,1
376,1,-1.0,276,0,3
276,3,-1.0,256,0,3
256,3,-1.0,236,0,1
236,1,-1.0,136,0,3
136,3,-1.0,116,0,1
116,1,-1.0,16,0,5
16,5,20.0,0,1,0
114,2,-1.0,134,0,0
134,0,-1.0,234,0,3
234,2,-1.0,254,0,3
254,2,-1.0,274,0,0
274,0,-1.0,374,0,0
374,0,-1.0,474,0,4
474,4,-1.0,478,0,4
478,1,-1.0,378,0,4
378,1,-1.0,278,0,3
278,3,-1.0,258,0,3
258,3,-1.0,238,0,3
238,3,-1.0,218,0,0
218,0,-1.0,318,0,0
318,0,-1.0,418,0,4
418,5,20.0,410,1,0
433,1,-1.0,333,0,2
333,2,-1.0,353,0,1
353,1,-1.0,253,0,2
253,2,-1.0,273,0,0
273,0,-1.0,373,0,0
373,0,-1.0,473,0,4
473,4,-1.0,477,0,2
477,2,-1.0,497,0,1
497,1,-1.0,397,0,1
397,1,-1.0,297,0,1
297,1,-1.0,197,0,1
197,1,-1.0,97,0,5
97,4,-10.0,97,0,5
97,5,20.0,85,1,0
206,2,-1.0,226,0,2
226,5,-10.0,226,0,2
226,2,-1.0,246,0,2
246,2,-1.0,266,0,2
266,2,-1.0,286,0,1
286,1,-1.0,186,0,1
186,1,-1.0,86,0,4
86,4,-1.0,98,0,0
98,0,-1.0,198,0,0
198,0,-1.0,298,0,3
298,3,-1.0,278,0,3
278,3,-1.0,258,0,3
258,3,-1.0,238,0,3
238,3,-1.0,218,0,0
218,0,-1.0,318,0,0
318,0,-1.0,418,0,5
418,5,20.0,410,1,0
473,4,-1.0,477,0,2
477,2,-1.0,497,0,1
497,1,-1.0,397,0,1
397,1,-1.0,297,0,1
297,1,-1.0,197,0,1
197,1,-1.0,97,0,5
97,5,20.0,85,1,0
63,0,-1.0,163,0,5
163,0,-1.0,263,0,3
263,3,-1.0,243,0,3
243,3,-1.0,223,0,0
223,1,-1.0,123,0,1
123,3,-1.0,103,0,1
103,1,-1.0,3,0,4
3,4,-1.0,19,0,0
19,0,-1.0,119,0,0
119,0,-1.0,219,0,2
219,2,-1.0,239,0,2
239,2,-1.0,259,0,2
259,2,-1.0,279,0,2
279,0,-1.0,379,0,0
379,0,-1.0,479,0,5
479,5,20.0,475,1,0
208,0,-1.0,308,0,0
308,0,-1.0,408,0,4
408,4,-1.0,416,0,4
416,1,-1.0,316,0,1
316,1,-1.0,216,0,1
216,1,-1.0,116,0,1
116,1,-1.0,16,0,5
16,5,20.0,0,1,0
91,3,-1.0,71,0,0
71,0,-1.0,171,0,2
171,0,-1.0,271,0,3
271,3,-1.0,251,0,3
251,3,-1.0,231,0,3
231,3,-1.0,211,0,0
211,0,-1.0,311,0,0
311,0,-1.0,411,0,4
411,4,-1.0,419,0,1
419,1,-1.0,319,0,1
319,1,-1.0,219,0,2
219,2,-1.0,239,0,2
239,2,-1.0,259,0,2
259,2,-1.0,279,0,0
279,0,-1.0,379,0,0
379,0,-1.0,479,0,5
479,5,20.0,475,1,0
343,3,-1.0,323,0,1
323,1,-1.0,223,0,1
223,1,-1.0,123,0,3
123,3,-1.0,103,0,1
103,1,-1.0,3,0,4
3,1,-1.0,3,0,4
3,5,-10.0,3,0,4
3,4,-1.0,19,0,0
19,0,-1.0,119,0,0
119,0,-1.0,219,0,2
219,2,-1.0,239,0,2
239,2,-1.0,259,0,2
259,2,-1.0,279,0,0
279,0,-1.0,379,0,0
379,0,-1.0,479,0,5
479,5,20.0,475,1,0
212,2,-1.0,232,0,2
232,2,-1.0,252,0,2
252,2,-1.0,272,0,0
272,0,-1.0,372,0,4
372,0,-1.0,472,0,4
472,4,-1.0,476,0,1
476,2,-1.0,496,0,3
496,3,-1.0,476,0,1
476,1,-1.0,376,0,1
376,1,-1.0,276,0,3
276,3,-1.0,256,0,3
256,3,-1.0,236,0,1
236,1,-1.0,136,0,3
136,3,-1.0,116,0,1
116,1,-1.0,16,0,5
16,5,20.0,0,1,0
484,1,-1.0,384,0,1
384,1,-1.0,284,0,1
284,1,-1.0,184,0,1
184,1,-1.0,84,0,4
84,4,-1.0,96,0,0
96,0,-1.0,196,0,3
196,3,-1.0,176,0,0
176,0,-1.0,276,0,3
276,3,-1.0,256,0,3
256,3,-1.0,236,0,1
236,1,-1.0,136,0,3
136,3,-1.0,116,0,1
116,1,-1.0,16,0,5
16,5,20.0,0,1,0
202,1,-1.0,102,0,1
102,5,-10.0,102,0,1
102,1,-1.0,2,0,4
2,4,-1.0,18,0,0
18,0,-1.0,118,0,4
118,0,-1.0,218,0,0
218,0,-1.0,318,0,0
318,0,-1.0,418,0,5
418,5,20.0,410,1,0
189,1,-1.0,89,0,3
89,3,-1.0,69,0,0
69,0,-1.0,169,0,3
169,3,-1.0,149,0,0
149,0,-1.0,249,0,3
249,3,-1.0,229,0,3
229,3,-1.0,209,0,0
209,3,-1.0,209,0,0
209,0,-1.0,309,0,0
309,0,-1.0,409,0,3
409,4,-1.0,417,0,2
417,1,-1.0,317,0,1
317,1,-1.0,217,0,2
217,2,-1.0,237,0,2
237,2,-1.0,257,0,1
257,1,-1.0,157,0,3
157,2,-1.0,177,0,2
177,2,-1.0,197,0,1
197,1,-1.0,97,0,5
97,5,20.0,85,1,0
214,2,-1.0,234,0,2
234,2,-1.0,254,0,2
254,2,-1.0,274,0,0
274,0,-1.0,374,0,0
374,0,-1.0,474,0,4
474,2,-1.0,494,0,3
494,3,-1.0,474,0,4
474,4,-1.0,478,0,1
478,1,-1.0,378,0,1
378,1,-1.0,278,0,3
278,3,-1.0,258,0,3
258,3,-1.0,238,0,3
238,3,-1.0,218,0,0
218,0,-1.0,318,0,0
318,0,-1.0,418,0,5
418,5,20.0,410,1,0
407,1,-1.0,307,0,1
307,1,-1.0,207,0,2
207,2,-1.0,227,0,2
227,2,-1.0,247,0,2
247,2,-1.0,267,0,2
267,2,-1.0,287,0,1
287,5,-10.0,287,0,1
287,1,-1.0,187,0,1
187,1,-1.0,87,0,4
87,4,-1.0,99,0,3
99,3,-1.0,79,0,0
79,0,-1.0,179,0,0
179,0,-1.0,279,0,0
279,0,-1.0,379,0,0
379,0,-1.0,479,0,3
479,5,20.0,475,1,0
427,1,-1.0,327,0,2
327,2,-1.0,347,0,1
347,1,-1.0,247,0,2
247,2,-1.0,267,0,5
267,2,-1.0,287,0,1
287,2,-1.0,287,0,1
287,1,-1.0,187,0,1
187,1,-1.0,87,0,4
87,4,-1.0,99,0,3
99,5,-1.0,87,0,4
87,4,-1.0,99,0,3
99,3,-1.0,79,0,0
79,0,-1.0,179,0,0
179,0,-1.0,279,0,0
279,0,-1.0,379,0,0
379,1,-1.0,279,0,0
279,0,-1.0,379,0,0
379,0,-1.0,479,0,5
479,5,20.0,475,1,0
51,0,-1.0,151,0,0
151,0,-1.0,251,0,3
251,3,-1.0,231,0,5
231,3,-1.0,211,0,0
211,0,-1.0,311,0,2
311,0,-1.0,411,0,4
411,4,-1.0,419,0,1
419,1,-1.0,319,0,1
319,1,-1.0,219,0,2
219,2,-1.0,239,0,2
239,2,-1.0,259,0,2
259,2,-1.0,279,0,0
279,0,-1.0,379,0,0
379,0,-1.0,479,0,5
479,5,20.0,475,1,0
314,1,-1.0,214,0,2
214,2,-1.0,234,0,2
234,2,-1.0,254,0,2
254,2,-1.0,274,0,0
274,0,-1.0,374,0,0
374,0,-1.0,474,0,4
474,4,-1.0,478,0,1
478,1,-1.0,378,0,1
378,1,-1.0,278,0,3
278,3,-1.0,258,0,3
258,3,-1.0,238,0,3
238,3,-1.0,218,0,0
218,0,-1.0,318,0,0
318,0,-1.0,418,0,5
418,5,20.0,410,1,0
482,3,-1.0,462,0,1
462,1,-1.0,362,0,1
362,1,-1.0,262,0,3
262,2,-1.0,282,0,3
282,3,-1.0,262,0,2
262,3,-1.0,242,0,3
242,3,-1.0,222,0,1
222,1,-1.0,122,0,3
122,3,-1.0,102,0,1
102,1,-1.0,2,0,4
2,4,-1.0,18,0,0
18,0,-1.0,118,0,0
118,0,-1.0,218,0,0
218,0,-1.0,318,0,0
318,0,-1.0,418,0,5
418,5,20.0,410,1,0
491,3,-1.0,471,0,1
471,1,-1.0,371,0,1
371,1,-1.0,271,0,3
271,3,-1.0,251,0,3
251,3,-1.0,231,0,3
231,3,-1.0,211,0,0
211,0,-1.0,311,0,0
311,0,-1.0,411,0,4
411,4,-1.0,419,0,4
419,1,-1.0,319,0,1
319,1,-1.0,219,0,2
219,2,-1.0,239,0,2
239,2,-1.0,259,0,2
259,2,-1.0,279,0,0
279,0,-1.0,379,0,0
379,0,-1.0,479,0,1
479,1,-1.0,379,0,0
379,0,-1.0,479,0,5
479,5,20.0,475,1,0
471,1,-1.0,371,0,1
371,1,-1.0,271,0,3
271,3,-1.0,251,0,3
251,1,-1.0,151,0,0
151,0,-1.0,251,0,3
251,3,-1.0,231,0,3
231,3,-1.0,211,0,0
211,0,-1.0,311,0,0
311,0,-1.0,411,0,4
411,4,-1.0,419,0,1
419,1,-1.0,319,0,0
319,1,-1.0,219,0,2
219,2,-1.0,239,0,2
239,2,-1.0,259,0,2
259,2,-1.0,279,0,1
279,0,-1.0,379,0,1
379,2,-1.0,399,0,3
399,3,-1.0,379,0,0
379,0,-1.0,479,0,5
479,5,20.0,475,1,0
204,2,-1.0,224,0,2
224,2,-1.0,244,0,1
244,1,-1.0,144,0,2
144,2,-1.0,164,0,2
164,2,-1.0,184,0,1
184,1,-1.0,84,0,4
84,4,-1.0,96,0,0
96,0,-1.0,196,0,3
196,3,-1.0,176,0,0
176,0,-1.0,276,0,3
276,3,-1.0,256,0,3
256,3,-1.0,236,0,1
236,1,-1.0,136,0,3
136,3,-1.0,116,0,1
116,1,-1.0,16,0,5
16,5,20.0,0,1,0
341,1,-1.0,241,0,3
241,5,-10.0,241,0,3
241,3,-1.0,221,0,1
221,1,-1.0,121,0,1
121,1,-1.0,21,0,3
21,3,-1.0,1,0,4
1,4,-1.0,17,0,0
17,0,-1.0,117,0,0
117,2,-1.0,137,0,1
137,0,-1.0,237,0,2
237,2,-1.0,257,0,1
257,0,-1.0,357,0,1
357,1,-1.0,257,0,1
257,1,-1.0,157,0,2
157,2,-1.0,177,0,2
177,2,-1.0,197,0,1
197,1,-1.0,97,0,4
97,5,20.0,85,1,0
263,3,-1.0,243,0,3
243,4,-10.0,243,0,3
243,3,-1.0,223,0,1
223,1,-1.0,123,0,3
123,3,-1.0,103,0,1
103,1,-1.0,3,0,4
3,4,-1.0,19,0,0
19,0,-1.0,119,0,0
119,0,-1.0,219,0,2
219,2,-1.0,239,0,2
239,2,-1.0,259,0,2
259,2,-1.0,279,0,4
279,1,-1.0,179,0,0
179,0,-1.0,279,0,0
279,0,-1.0,379,0,4
379,0,-1.0,479,0,5
479,5,20.0,475,1,0
492,3,-1.0,472,0,4
472,4,-1.0,476,0,1
476,1,-1.0,376,0,1
376,1,-1.0,276,0,3
276,3,-1.0,256,0,3
256,3,-1.0,236,0,2
236,1,-1.0,136,0,3
136,3,-1.0,116,0,1
116,1,-1.0,16,0,5
16,5,20.0,0,1,0
473,4,-1.0,477,0,2
477,2,-1.0,497,0,1
497,1,-1.0,397,0,1
397,1,-1.0,297,0,1
297,1,-1.0,197,0,1
197,1,-1.0,97,0,5
97,5,20.0,85,1,0
347,1,-1.0,247,0,2
247,2,-1.0,267,0,2
267,2,-1.0,287,0,1
287,1,-1.0,187,0,1
187,1,-1.0,87,0,4
87,4,-1.0,99,0,3
99,3,-1.0,79,0,0
79,0,-1.0,179,0,0
179,0,-1.0,279,0,0
279,0,-1.0,379,0,1
379,0,-1.0,479,0,5
479,5,20.0,475,1,0
224,2,-1.0,244,0,1
244,1,-1.0,144,0,2
144,2,-1.0,164,0,2
164,2,-1.0,184,0,1
184,1,-1.0,84,0,4
84,4,-1.0,96,0,0
96,0,-1.0,196,0,3
196,3,-1.0,176,0,0
176,0,-1.0,276,0,4
276,3,-1.0,256,0,3
256,3,-1.0,236,0,1
236,1,-1.0,136,0,3
136,3,-1.0,116,0,1
116,1,-1.0,16,0,5
16,5,20.0,0,1,0
466,1,-1.0,366,0,2
366,2,-1.0,386,0,1
386,1,-1.0,286,0,1
286,1,-1.0,186,0,1
186,1,-1.0,86,0,4
86,4,-1.0,98,0,0
98,0,-1.0,198,0,0
198,4,-10.0,198,0,0
198,0,-1.0,298,0,3
298,3,-1.0,278,0,3
278,2,-1.0,298,0,3
298,3,-1.0,278,0,3
278,3,-1.0,258,0,3
258,3,-1.0,238,0,3
238,3,-1.0,218,0,0
218,0,-1.0,318,0,0
318,0,-1.0,418,0,5
418,5,20.0,410,1,0
402,1,-1.0,302,0,5
302,1,-1.0,202,0,1
202,1,-1.0,102,0,1
102,1,-1.0,2,0,4
2,4,-1.0,18,0,0
18,0,-1.0,118,0,0
118,0,-1.0,218,0,0
218,0,-1.0,318,0,0
318,4,-10.0,318,0,0
318,0,-1.0,418,0,5
418,5,20.0,410,1,0
371,1,-1.0,271,0,3
271,0,-1.0,371,0,5
371,1,-1.0,271,0,3
271,3,-1.0,251,0,3
251,3,-1.0,231,0,3
231,3,-1.0,211,0,0
211,0,-1.0,311,0,0
311,0,-1.0,411,0,4
411,4,-1.0,419,0,1
419,1,-1.0,319,0,4
319,1,-1.0,219,0,2
219,2,-1.0,239,0,2
239,2,-1.0,259,0,2
259,4,-10.0,259,0,2
259,2,-1.0,279,0,4
279,0,-1.0,379,0,0
379,4,-10.0,379,0,0
379,0,-1.0,479,0,5
479,5,20.0,475,1,0
226,2,-1.0,246,0,2
246,2,-1.0,266,0,2
266,2,-1.0,286,0,1
286,1,-1.0,186,0,1
186,1,-1.0,86,0,4
86,0,-1.0,186,0,1
186,2,-1.0,186,0,1
186,1,-1.0,86,0,4
86,4,-1.0,98,0,0
98,0,-1.0,198,0,0
198,0,-1.0,298,0,3
298,3,-1.0,278,0,3
278,3,-1.0,258,0,3
258,3,-1.0,238,0,3
238,3,-1.0,218,0,0
218,0,-1.0,318,0,0
318,0,-1.0,418,0,5
418,5,20.0,410,1,0
381,1,-1.0,281,0,3
281,3,-1.0,261,0,3
261,3,-1.0,241,0,3
241,3,-1.0,221,0,4
221,2,-1.0,241,0,3
241,3,-1.0,221,0,1
221,1,-1.0,121,0,1
121,1,-1.0,21,0,3
21,3,-1.0,1,0,4
1,4,-1.0,17,0,0
17,0,-1.0,117,0,2
117,2,-1.0,137,0,4
137,0,-1.0,237,0,2
237,2,-1.0,257,0,1
257,1,-1.0,157,0,2
157,2,-1.0,177,0,2
177,2,-1.0,197,0,1
197,1,-1.0,97,0,5
97,1,-1.0,97,0,5
97,5,20.0,85,1,0
89,3,-1.0,69,0,0
69,0,-1.0,169,0,3
169,3,-1.0,149,0,0
149,0,-1.0,249,0,3
249,3,-1.0,229,0,3
229,3,-1.0,209,0,0
209,4,-10.0,209,0,0
209,0,-1.0,309,0,0
309,5,-10.0,309,0,0
309,5,-10.0,309,0,0
309,0,-1.0,409,0,4
409,4,-1.0,417,0,1
417,1,-1.0,317,0,1
317,1,-1.0,217,0,2
217,2,-1.0,237,0,2
237,2,-1.0,257,0,1
257,1,-1.0,157,0,2
157,2,-1.0,177,0,2
177,2,-1.0,197,0,5
197,1,-1.0,97,0,5
97,5,20.0,85,1,0
242,3,-1.0,222,0,1
222,4,-10.0,222,0,1
222,1,-1.0,122,0,3
122,3,-1.0,102,0,1
102,1,-1.0,2,0,4
2,4,-1.0,18,0,0
18,0,-1.0,118,0,0
118,0,-1.0,218,0,0
218,0,-1.0,318,0,4
318,0,-1.0,418,0,5
418,1,-1.0,318,0,0
318,0,-1.0,418,0,5
418,3,-1.0,418,0,5
418,5,20.0,410,1,0
149,0,-1.0,249,0,3
249,3,-1.0,229,0,3
229,3,-1.0,209,0,0
209,0,-1.0,309,0,0
309,0,-1.0,409,0,4
409,4,-1.0,417,0,1
417,1,-1.0,317,0,1
317,1,-1.0,217,0,2
217,2,-1.0,237,0,2
237,2,-1.0,257,0,1
257,1,-1.0,157,0,2
157,2,-1.0,177,0,2
177,2,-1.0,197,0,1
197,1,-1.0,97,0,5
97,3,-1.0,77,0,2
77,2,-1.0,97,0,5
97,5,20.0,85,1,0
209,5,-10.0,209,0,0
209,0,-1.0,309,0,0
309,0,-1.0,409,0,4
409,4,-1.0,417,0,1
417,1,-1.0,317,0,1
317,1,-1.0,217,0,2
217,2,-1.0,237,0,2
237,2,-1.0,257,0,2
257,1,-1.0,157,0,2
157,2,-1.0,177,0,2
177,2,-1.0,197,0,1
197,1,-1.0,97,0,5
97,5,20.0,85,1,0
186,1,-1.0,86,0,4
86,4,-1.0,98,0,3
98,0,-1.0,198,0,0
198,0,-1.0,298,0,1
298,3,-1.0,278,0,2
278,3,-1.0,258,0,3
258,3,-1.0,238,0,3
238,2,-1.0,258,0,3
258,3,-1.0,238,0,3
238,3,-1.0,218,0,0
218,4,-10.0,218,0,0
218,0,-1.0,318,0,0
318,0,-1.0,418,0,5
418,5,20.0,410,1,0
429,1,-1.0,329,0,1
329,1,-1.0,229,0,3
229,3,-1.0,209,0,0
209,0,-1.0,309,0,0
309,0,-1.0,409,0,4
409,4,-1.0,417,0,1
417,1,-1.0,317,0,1
317,1,-1.0,217,0,2
217,2,-1.0,237,0,5
237,2,-1.0,257,0,1
257,1,-1.0,157,0,2
157,2,-1.0,177,0,2
177,2,-1.0,197,0,0
197,1,-1.0,97,0,5
97,5,20.0,85,1,0
127,0,-1.0,227,0,2
227,1,-1.0,127,0,0
127,0,-1.0,227,0,2
227,2,-1.0,247,0,2
247,2,-1.0,267,0,2
267,2,-1.0,287,0,1
287,2,-1.0,287,0,1
287,1,-1.0,187,0,1
187,1,-1.0,87,0,2
87,4,-1.0,99,0,3
99,1,-1.0,99,0,3
99,3,-1.0,79,0,0
79,5,-10.0,79,0,0
79,0,-1.0,179,0,0
179,0,-1.0,279,0,0
279,0,-1.0,379,0,0
379,0,-1.0,479,0,5
479,5,20.0,475,1,0
451,1,-1.0,351,0,5
351,1,-1.0,251,0,3
251,3,-1.0,231,0,0
231,3,-1.0,211,0,0
211,0,-1.0,311,0,0
311,0,-1.0,411,0,4
411,4,-1.0,419,0,1
419,1,-1.0,319,0,1
319,1,-1.0,219,0,2
219,2,-1.0,239,0,2
239,2,-1.0,259,0,2
259,2,-1.0,279,0,0
279,0,-1.0,379,0,0
379,0,-1.0,479,0,5
479,5,20.0,475,1,0
401,1,-1.0,301,0,1
301,1,-1.0,201,0,0
201,1,-1.0,101,0,1
101,1,-1.0,1,0,4
1,4,-1.0,17,0,0
17,0,-1.0,117,0,2
117,2,-1.0,137,0,0
137,0,-1.0,237,0,2
237,2,-1.0,257,0,1
257,1,-1.0,157,0,2
157,2,-1.0,177,0,2
177,2,-1.0,197,0,1
197,1,-1.0,97,0,5
97,1,-1.0,97,0,5
97,5,20.0,85,1,0
453,1,-1.0,353,0,1
353,1,-1.0,253,0,2
253,2,-1.0,273,0,0
273,0,-1.0,373,0,0
373,0,-1.0,473,0,4
473,4,-1.0,477,0,2
477,2,-1.0,497,0,1
497,1,-1.0,397,0,1
397,1,-1.0,297,0,1
297,1,-1.0,197,0,1
197,4,-10.0,197,0,1
197,1,-1.0,97,0,5
97,5,20.0,85,1,0
53,0,-1.0,153,0,0
153,0,-1.0,253,0,2
253,2,-1.0,273,0,0
273,0,-1.0,373,0,0
373,4,-10.0,373,0,0
373,0,-1.0,473,0,4
473,4,-1.0,477,0,2
477,2,-1.0,497,0,1
497,3,-1.0,477,0,2
477,0,-1.0,477,0,2
477,2,-1.0,497,0,1
497,1,-1.0,397,0,1
397,1,-1.0,297,0,1
297,1,-1.0,197,0,1
197,1,-1.0,97,0,5
97,5,20.0,85,1,0
332,1,-1.0,232,0,2
232,2,-1.0,252,0,2
252,2,-1.0,272,0,0
272,0,-1.0,372,0,0
372,0,-1.0,472,0,4
472,4,-1.0,476,0,1
476,1,-1.0,376,0,1
376,1,-1.0,276,0,3
276,3,-1.0,256,0,3
256,3,-1.0,236,0,1
236,1,-1.0,136,0,3
136,3,-1.0,116,0,1
116,1,-1.0,16,0,5
16,1,-1.0,16,0,5
16,5,20.0,0,1,0
388,3,-1.0,368,0,1
368,1,-1.0,268,0,4
268,3,-1.0,248,0,3
248,3,-1.0,228,0,3
228,2,-1.0,248,0,3
248,0,-1.0,348,0,1
348,1,-1.0,248,0,3
248,3,-1.0,228,0,3
228,3,-1.0,208,0,0
208,0,-1.0,308,0,0
308,0,-1.0,408,0,4
408,4,-1.0,416,0,0
416,1,-1.0,316,0,1
316,1,-1.0,216,0,1
216,1,-1.0,116,0,1
116,1,-1.0,16,0,5
16,5,20.0,0,1,0
291,3,-1.0,271,0,3
271,3,-1.0,251,0,1
251,4,-10.0,251,0,3
251,3,-1.0,231,0,3
231,3,-1.0,211,0,0
211,1,-1.0,111,0,0
111,5,-10.0,111,0,0
111,0,-1.0,211,0,3
211,0,-1.0,311,0,0
311,0,-1.0,411,0,4
411,4,-1.0,419,0,1
419,1,-1.0,319,0,1
319,1,-1.0,219,0,2
219,2,-1.0,239,0,2
239,2,-1.0,259,0,2
259,2,-1.0,279,0,0
279,0,-1.0,379,0,0
379,0,-1.0,479,0,5
479,5,20.0,475,1,0
383,1,-1.0,283,0,3
283,3,-1.0,263,0,3
263,3,-1.0,243,0,3
243,3,-1.0,223,0,4
223,1,-1.0,123,0,5
123,3,-1.0,103,0,1
103,1,-1.0,3,0,4
3,4,-1.0,19,0,0
19,0,-1.0,119,0,0
119,0,-1.0,219,0,2
219,2,-1.0,239,0,2
239,2,-1.0,259,0,2
259,2,-1.0,279,0,0
279,0,-1.0,379,0,0
379,0,-1.0,479,0,5
479,5,20.0,475,1,0
361,1,-1.0,261,0,3
261,3,-1.0,241,0,3
241,2,-1.0,261,0,3
261,3,-1.0,241,0,3
241,3,-1.0,221,0,1
221,1,-1.0,121,0,1
121,1,-1.0,21,0,3
21,3,-1.0,1,0,2
1,4,-1.0,17,0,0
17,0,-1.0,117,0,2
117,2,-1.0,137,0,0
137,0,-1.0,237,0,2
237,2,-1.0,257,0,1
257,1,-1.0,157,0,2
157,2,-1.0,177,0,2
177,2,-1.0,197,0,1
197,0,-1.0,297,0,1
297,1,-1.0,197,0,1
197,1,-1.0,97,0,5
97,2,-1.0,97,0,5
97,5,20.0,85,1,0
372,0,-1.0,472,0,4
472,4,-1.0,476,0,1
476,1,-1.0,376,0,1
376,1,-1.0,276,0,3
276,2,-1.0,296,0,3
296,3,-1.0,276,0,4
276,3,-1.0,256,0,3
256,3,-1.0,236,0,1
236,1,-1.0,136,0,3
136,2,-1.0,136,0,3
136,3,-1.0,116,0,1
116,1,-1.0,16,0,5
16,5,20.0,0,1,0
411,4,-1.0,419,0,1
419,1,-1.0,319,0,1
319,1,-1.0,219,0,2
219,2,-1.0,239,0,2
239,2,-1.0,259,0,2
259,2,-1.0,279,0,0
279,0,-1.0,379,0,5
379,0,-1.0,479,0,5
479,5,20.0,475,1,0
194,3,-1.0,174,0,0
174,0,-1.0,274,0,0
274,0,-1.0,374,0,0
374,0,-1.0,474,0,4
474,4,-1.0,478,0,1
478,1,-1.0,378,0,1
378,1,-1.0,278,0,3
278,2,-1.0,298,0,3
298,3,-1.0,278,0,3
278,3,-1.0,258,0,3
258,3,-1.0,238,0,3
238,3,-1.0,218,0,4
218,0,-1.0,318,0,0
318,0,-1.0,418,0,5
418,5,20.0,410,1,0
1,4,-1.0,17,0,0
17,0,-1.0,117,0,2
117,3,-1.0,117,0,2
117,2,-1.0,137,0,0
137,0,-1.0,237,0,2
237,2,-1.0,257,0,1
257,1,-1.0,157,0,2
157,2,-1.0,177,0,2
177,2,-1.0,197,0,1
197,1,-1.0,97,0,5
97,5,20.0,85,1,0
469,1,-1.0,369,0,1
369,1,-1.0,269,0,3
269,3,-1.0,249,0,3
249,3,-1.0,229,0,0
229,3,-1.0,209,0,0
209,5,-10.0,209,0,0
209,0,-1.0,309,0,0
309,0,-1.0,409,0,4
409,4,-1.0,417,0,1
417,1,-1.0,317,0,1
317,1,-1.0,217,0,2
217,2,-1.0,237,0,2
237,2,-1.0,257,0,1
257,1,-1.0,157,0,2
157,2,-1.0,177,0,2
177,2,-1.0,197,0,1
197,1,-1.0,97,0,5
97,5,20.0,85,1,0
286,1,-1.0,186,0,1
186,1,-1.0,86,0,4
86,4,-1.0,98,0,0
98,0,-1.0,198,0,0
198,0,-1.0,298,0,3
298,3,-1.0,278,0,4
278,3,-1.0,258,0,3
258,3,-1.0,238,0,3
238,3,-1.0,218,0,0
218,0,-1.0,318,0,0
318,3,-1.0,318,0,0
318,2,-1.0,318,0,0
318,0,-1.0,418,0,5
418,5,20.0,410,1,0
87,4,-1.0,99,0,3
99,3,-1.0,79,0,0
79,0,-1.0,179,0,0
179,0,-1.0,279,0,0
279,0,-1.0,379,0,5
379,0,-1.0,479,0,5
479,5,20.0,475,1,0
171,0,-1.0,271,0,3
271,3,-1.0,251,0,3
251,3,-1.0,231,0,3
231,1,-1.0,131,0,3
131,3,-1.0,111,0,0
111,0,-1.0,211,0,0
211,0,-1.0,311,0,0
311,0,-1.0,411,0,4
411,4,-1.0,419,0,1
419,1,-1.0,319,0,1
319,1,-1.0,219,0,2
219,2,-1.0,239,0,2
239,2,-1.0,259,0,2
259,2,-1.0,279,0,0
279,0,-1.0,379,0,0
379,0,-1.0,479,0,5
479,5,20.0,475,1,0
464,1,-1.0,364,0,1
364,1,-1.0,264,0,2
264,5,-10.0,264,0,2
264,2,-1.0,284,0,1
284,1,-1.0,184,0,1
184,1,-1.0,84,0,4
84,4,-1.0,96,0,0
96,0,-1.0,196,0,3
196,3,-1.0,176,0,0
176,0,-1.0,276,0,3
276,3,-1.0,256,0,3
256,3,-1.0,236,0,1
236,1,-1.0,136,0,3
136,3,-1.0,116,0,1
116,1,-1.0,16,0,5
16,0,-1.0,116,0,1
116,1,-1.0,16,0,5
16,5,20.0,0,1,0
122,3,-1.0,102,0,1
102,3,-1.0,102,0,1
102,1,-1.0,2,0,4
2,4,-1.0,18,0,0
18,0,-1.0,118,0,0
118,0,-1.0,218,0,0
218,0,-1.0,318,0,0
318,0,-1.0,418,0,5
418,5,20.0,410,1,0
181,3,-1.0,161,0,3
161,3,-1.0,141,0,0
141,0,-1.0,241,0,3
241,3,-1.0,221,0,1
221,1,-1.0,121,0,1
121,1,-1.0,21,0,3
21,3,-1.0,1,0,4
1,4,-1.0,17,0,0
17,0,-1.0,117,0,2
117,2,-1.0,137,0,0
137,0,-1.0,237,0,2
237,2,-1.0,257,0,1
257,1,-1.0,157,0,2
157,2,-1.0,177,0,2
177,2,-1.0,197,0,1
197,1,-1.0,97,0,5
97,5,20.0,85,1,0
329,1,-1.0,229,0,3
229,3,-1.0,209,0,0
209,0,-1.0,309,0,0
309,0,-1.0,409,0,4
409,4,-1.0,417,0,1
417,1,-1.0,317,0,1
317,1,-1.0,217,0,2
217,2,-1.0,237,0,2
237,4,-10.0,237,0,2
237,2,-1.0,257,0,1
257,1,-1.0,157,0,2
157,2,-1.0,177,0,2
177,4,-10.0,177,0,5
177,2,-1.0,197,0,1
197,1,-1.0,97,0,5
97,5,20.0,85,1,0
2,4,-1.0,18,0,0
18,0,-1.0,118,0,3
118,0,-1.0,218,0,0
218,0,-1.0,318,0,0
318,0,-1.0,418,0,5
418,5,20.0,410,1,0
262,3,-1.0,242,0,3
242,3,-1.0,222,0,1
222,1,-1.0,122,0,3
122,3,-1.0,102,0,1
102,1,-1.0,2,0,4
2,4,-1.0,18,0,0
18,0,-1.0,118,0,0
118,0,-1.0,218,0,0
218,0,-1.0,318,0,0
318,0,-1.0,418,0,5
418,5,20.0,410,1,0
294,3,-1.0,274,0,0
274,1,-1.0,174,0,0
174,0,-1.0,274,0,0
274,0,-1.0,374,0,0
374,0,-1.0,474,0,4
474,4,-1.0,478,0,1
478,1,-1.0,378,0,1
378,1,-1.0,278,0,3
278,3,-1.0,258,0,3
258,3,-1.0,238,0,3
238,4,-10.0,238,0,1
238,3,-1.0,218,0,0
218,0,-1.0,318,0,0
318,5,-10.0,318,0,0
318,0,-1.0,418,0,5
418,5,20.0,410,1,0
102,1,-1.0,2,0,2
2,3,-1.0,2,0,4
2,4,-1.0,18,0,0
18,0,-1.0,118,0,0
118,0,-1.0,218,0,0
218,0,-1.0,318,0,0
318,0,-1.0,418,0,5
418,5,20.0,410,1,0
33,2,-1.0,33,0,0
33,0,-1.0,133,0,0
133,0,-1.0,233,0,2
233,2,-1.0,253,0,2
253,2,-1.0,273,0,0
273,0,-1.0,373,0,0
373,0,-1.0,473,0,2
473,4,-1.0,477,0,2
477,1,-1.0,377,0,0
377,2,-1.0,397,0,1
397,1,-1.0,297,0,1
297,1,-1.0,197,0,5
197,2,-1.0,197,0,1
197,1,-1.0,97,0,5
97,5,20.0,85,1,0
423,1,-1.0,323,0,1
323,1,-1.0,223,0,1
223,1,-1.0,123,0,3
123,3,-1.0,103,0,1
103,1,-1.0,3,0,4
3,1,-1.0,3,0,4
3,4,-1.0,19,0,0
19,0,-1.0,119,0,0
119,0,-1.0,219,0,2
219,2,-1.0,239,0,2
239,2,-1.0,259,0,2
259,2,-1.0,279,0,0
279,0,-1.0,379,0,0
379,0,-1.0,479,0,5
479,5,20.0,475,1,0
46,4,-10.0,46,0,2
46,2,-1.0,66,0,2
66,2,-1.0,86,0,4
86,4,-1.0,98,0,0
98,0,-1.0,198,0,0
198,0,-1.0,298,0,3
298,3,-1.0,278,0,3
278,3,-1.0,258,0,3
258,3,-1.0,238,0,3
238,3,-1.0,218,0,0
218,0,-1.0,318,0,4
318,0,-1.0,418,0,5
418,5,20.0,410,1,0
21,3,-1.0,1,0,4
1,4,-1.0,17,0,0
17,1,-1.0,17,0,0
17,0,-1.0,117,0,2
117,1,-1.0,17,0,0
17,0,-1.0,117,0,2
117,2,-1.0,137,0,0
137,0,-1.0,237,0,2
237,2,-1.0,257,0,1
257,1,-1.0,157,0,2
157,2,-1.0,177,0,2
177,2,-1.0,197,0,4
197,3,-1.0,177,0,2
177,2,-1.0,197,0,1
197,1,-1.0,97,0,5
97,5,20.0,85,1,0
29,0,-1.0,129,0,3
129,3,-1.0,109,0,0
109,0,-1.0,209,0,0
209,0,-1.0,309,0,0
309,4,-10.0,309,0,0
309,0,-1.0,409,0,4
409,4,-1.0,417,0,1
417,1,-1.0,317,0,1
317,1,-1.0,217,0,2
217,2,-1.0,237,0,2
237,2,-1.0,257,0,1
257,1,-1.0,157,0,2
157,2,-1.0,177,0,2
177,2,-1.0,197,0,1
197,1,-1.0,97,0,5
97,5,20.0,85,1,0
173,0,-1.0,273,0,0
273,0,-1.0,373,0,1
373,0,-1.0,473,0,4
473,4,-1.0,477,0,2
477,2,-1.0,497,0,1
497,1,-1.0,397,0,1
397,1,-1.0,297,0,1
297,1,-1.0,197,0,1
197,1,-1.0,97,0,5
97,5,20.0,85,1,0
488,1,-1.0,388,0,3
388,3,-1.0,368,0,1
368,1,-1.0,268,0,3
268,3,-1.0,248,0,3
248,3,-1.0,228,0,3
228,3,-1.0,208,0,0
208,0,-1.0,308,0,0
308,0,-1.0,408,0,4
408,4,-1.0,416,0,1
416,1,-1.0,316,0,1
316,0,-1.0,416,0,1
416,1,-1.0,316,0,1
316,1,-1.0,216,0,1
216,1,-1.0,116,0,1
116,1,-1.0,16,0,5
16,5,20.0,0,1,0
248,3,-1.0,228,0,5
228,3,-1.0,208,0,0
208,0,-1.0,308,0,1
308,0,-1.0,408,0,4
408,4,-1.0,416,0,1
416,2,-1.0,416,0,1
416,1,-1.0,316,0,1
316,1,-1.0,216,0,1
216,1,-1.0,116,0,1
116,1,-1.0,16,0,5
16,1,-1.0,16,0,5
16,3,-1.0,16,0,5
16,5,20.0,0,1,0
172,0,-1.0,272,0,0
272,0,-1.0,372,0,0
372,4,-10.0,372,0,0
372,0,-1.0,472,0,0
472,4,-1.0,476,0,2
476,1,-1.0,376,0,5
376,1,-1.0,276,0,3
276,3,-1.0,256,0,3
256,5,-10.0,256,0,3
256,3,-1.0,236,0,1
236,1,-1.0,136,0,3
136,3,-1.0,116,0,1
116,1,-1.0,16,0,5
16,5,20.0,0,1,0
494,3,-1.0,474,0,4
474,4,-1.0,478,0,1
478,1,-1.0,378,0,1
378,1,-1.0,278,0,3
278,3,-1.0,258,0,3
258,5,-10.0,258,0,3
258,3,-1.0,238,0,3
238,3,-1.0,218,0,0
218,0,-1.0,318,0,0
318,0,-1.0,418,0,5
418,5,20.0,410,1,0
368,1,-1.0,268,0,3
268,3,-1.0,248,0,3
248,3,-1.0,228,0,1
228,3,-1.0,208,0,0
208,0,-1.0,308,0,0
308,0,-1.0,408,0,4
408,4,-1.0,416,0,1
416,1,-1.0,316,0,1
316,1,-1.0,216,0,1
216,1,-1.0,116,0,1
116,1,-1.0,16,0,5
16,5,20.0,0,1,0
314,1,-1.0,214,0,2
214,2,-1.0,234,0,2
234,2,-1.0,254,0,2
254,2,-1.0,274,0,0
274,0,-1.0,374,0,0
374,0,-1.0,474,0,4
474,4,-1.0,478,0,1
478,1,-1.0,378,0,1
378,1,-1.0,278,0,3
278,0,-1.0,378,0,1
378,1,-1.0,278,0,3
278,3,-1.0,258,0,3
258,3,-1.0,238,0,3
238,3,-1.0,218,0,0
218,0,-1.0,318,0,0
318,0,-1.0,418,0,5
418,5,20.0,410,1,0
153,0,-1.0,253,0,2
253,2,-1.0,273,0,0
273,0,-1.0,373,0,0
373,0,-1.0,473,0,4
473,4,-1.0,477,0,2
477,2,-1.0,497,0,1
497,1,-1.0,397,0,1
397,1,-1.0,297,0,1
297,1,-1.0,197,0,1
197,1,-1.0,97,0,5
97,5,20.0,85,1,0
212,2,-1.0,232,0,2
232,2,-1.0,252,0,2
252,1,-1.0,152,0,2
152,2,-1.0,172,0,0
172,0,-1.0,272,0,0
272,0,-1.0,372,0,0
372,0,-1.0,472,0,4
472,4,-1.0,476,0,0
476,0,-1.0,476,0,1
476,1,-1.0,376,0,1
376,1,-1.0,276,0,3
276,3,-1.0,256,0,3
256,0,-1.0,356,0,1
356,1,-1.0,256,0,0
256,3,-1.0,236,0,1
236,1,-1.0,136,0,3
136,3,-1.0,116,0,1
116,1,-1.0,16,0,5
16,5,20.0,0,1,0
262,3,-1.0,242,0,3
242,3,-1.0,222,0,1
222,1,-1.0,122,0,0
122,3,-1.0,102,0,4
102,1,-1.0,2,0,4
2,4,-1.0,18,0,0
18,0,-1.0,118,0,0
118,0,-1.0,218,0,0
218,0,-1.0,318,0,0
318,0,-1.0,418,0,5
418,5,20.0,410,1,0
69,0,-1.0,169,0,3
169,3,-1.0,149,0,0
149,0,-1.0,249,0,3
249,3,-1.0,229,0,3
229,3,-1.0,209,0,0
209,0,-1.0,309,0,0
309,0,-1.0,409,0,4
409,4,-1.0,417,0,1
417,1,-1.0,317,0,1
317,1,-1.0,217,0,2
217,2,-1.0,237,0,2
237,2,-1.0,257,0,1
257,1,-1.0,157,0,2
157,2,-1.0,177,0,2
177,2,-1.0,197,0,1
197,1,-1.0,97,0,5
97,5,20.0,85,1,0
292,3,-1.0,272,0,3
272,0,-1.0,372,0,0
372,0,-1.0,472,0,3
472,4,-1.0,476,0,1
476,1,-1.0,376,0,1
376,1,-1.0,276,0,3
276,3,-1.0,256,0,3
256,3,-1.0,236,0,1
236,1,-1.0,136,0,3
136,3,-1.0,116,0,1
116,1,-1.0,16,0,4
16,1,-1.0,16,0,0
16,3,-1.0,16,0,5
16,5,20.0,0,1,0
414,1,-1.0,314,0,1
314,1,-1.0,214,0,2
214,2,-1.0,234,0,2
234,2,-1.0,254,0,2
254,4,-10.0,254,0,2
254,2,-1.0,274,0,0
274,0,-1.0,374,0,0
374,1,-1.0,274,0,0
274,0,-1.0,374,0,0
374,0,-1.0,474,0,4
474,4,-1.0,478,0,1
478,1,-1.0,378,0,1
378,1,-1.0,278,0,3
278,3,-1.0,258,0,3
258,3,-1.0,238,0,3
238,3,-1.0,218,0,0
218,0,-1.0,318,0,0
318,0,-1.0,418,0,5
418,5,20.0,410,1,0
102,1,-1.0,2,0,4
2,4,-1.0,18,0,0
18,0,-1.0,118,0,0
118,0,-1.0,218,0,0
218,0,-1.0,318,0,0
318,0,-1.0,418,0,0
418,3,-1.0,418,0,5
418,5,20.0,410,1,0
492,3,-1.0,472,0,4
472,4,-1.0,476,0,1
476,1,-1.0,376,0,1
376,1,-1.0,276,0,3
276,3,-1.0,256,0,1
256,3,-1.0,236,0,1
236,1,-1.0,136,0,3
136,3,-1.0,116,0,1
116,1,-1.0,16,0,5
16,5,20.0,0,1,0
112,0,-1.0,212,0,2
212,2,-1.0,232,0,2
232,2,-1.0,252,0,2
252,2,-1.0,272,0,0
272,0,-1.0,372,0,0
372,0,-1.0,472,0,4
472,5,-10.0,472,0,4
472,4,-1.0,476,0,1
476,1,-1.0,376,0,1
376,5,-10.0,376,0,1
376,1,-1.0,276,0,4
276,3,-1.0,256,0,3
256,3,-1.0,236,0,1
236,1,-1.0,136,0,3
136,4,-10.0,136,0,3
136,3,-1.0,116,0,1
116,1,-1.0,16,0,5
16,5,20.0,0,1,0
466,1,-1.0,366,0,2
366,2,-1.0,386,0,1
386,1,-1.0,286,0,1
286,1,-1.0,186,0,1
186,1,-1.0,86,0,4
86,4,-1.0,98,0,0
98,0,-1.0,198,0,4
198,0,-1.0,298,0,2
298,3,-1.0,278,0,3
278,3,-1.0,258,0,2
258,3,-1.0,238,0,3
238,3,-1.0,218,0,0
218,0,-1.0,318,0,4
318,0,-1.0,418,0,5
418,5,20.0,410,1,0
31,0,-1.0,131,0,3
131,3,-1.0,111,0,0
111,0,-1.0,211,0,0
211,0,-1.0,311,0,0
311,0,-1.0,411,0,4
411,1,-1.0,311,0,0
311,0,-1.0,411,0,4
411,4,-1.0,419,0,3
419,1,-1.0,319,0,1
319,1,-1.0,219,0,2
219,1,-1.0,119,0,4
119,0,-1.0,219,0,2
219,2,-1.0,239,0,2
239,2,-1.0,259,0,4
259,2,-1.0,279,0,0
279,0,-1.0,379,0,0
379,1,-1.0,279,0,3
279,0,-1.0,379,0,0
379,0,-1.0,479,0,5
479,5,20.0,475,1,0
124,0,-1.0,224,0,2
224,2,-1.0,244,0,1
244,1,-1.0,144,0,2
144,2,-1.0,164,0,2
164,2,-1.0,184,0,1
184,1,-1.0,84,0,4
84,4,-1.0,96,0,0
96,0,-1.0,196,0,3
196,3,-1.0,176,0,0
176,0,-1.0,276,0,3
276,3,-1.0,256,0,3
256,3,-1.0,236,0,1
236,1,-1.0,136,0,3
136,2,-1.0,136,0,3
136,3,-1.0,116,0,1
116,1,-1.0,16,0,5
16,5,20.0,0,1,0
163,0,-1.0,263,0,3
263,3,-1.0,243,0,3
243,3,-1.0,223,0,1
223,1,-1.0,123,0,3
123,3,-1.0,103,0,1
103,1,-1.0,3,0,4
3,4,-1.0,19,0,0
19,1,-1.0,19,0,0
19,0,-1.0,119,0,0
119,4,-10.0,119,0,0
119,0,-1.0,219,0,2
219,2,-1.0,239,0,2
239,2,-1.0,259,0,2
259,2,-1.0,279,0,0
279,0,-1.0,379,0,0
379,0,-1.0,479,0,5
479,5,20.0,475,1,0
443,1,-1.0,343,0,1
343,1,-1.0,243,0,3
243,3,-1.0,223,0,1
223,1,-1.0,123,0,3
123,5,-10.0,123,0,3
123,3,-1.0,103,0,1
103,1,-1.0,3,0,4
3,4,-1.0,19,0,0
19,0,-1.0,119,0,0
119,0,-1.0,219,0,2
219,2,-1.0,239,0,2
239,3,-1.0,219,0,2
219,2,-1.0,239,0,2
239,2,-1.0,259,0,2
259,2,-1.0,279,0,0
279,0,-1.0,379,0,0
379,0,-1.0,479,0,5
479,5,20.0,475,1,0
392,3,-1.0,372,0,0
372,0,-1.0,472,0,4
472,1,-1.0,372,0,1
372,0,-1.0,472,0,4
472,4,-1.0,476,0,1
476,1,-1.0,376,0,1
376,1,-1.0,276,0,3
276,3,-1.0,256,0,3
256,3,-1.0,236,0,1
236,1,-1.0,136,0,3
136,3,-1.0,116,0,1
116,1,-1.0,16,0,5
16,5,20.0,0,1,0
241,3,-1.0,221,0,1
221,1,-1.0,121,0,1
121,1,-1.0,21,0,3
21,3,-1.0,1,0,4
1,4,-1.0,17,0,0
17,0,-1.0,117,0,2
117,2,-1.0,137,0,0
137,0,-1.0,237,0,2
237,2,-1.0,257,0,1
257,1,-1.0,157,0,2
157,2,-1.0,177,0,2
177,2,-1.0,197,0,1
197,1,-1.0,97,0,5
97,5,20.0,85,1,0
192,0,-1.0,292,0,3
292,3,-1.0,272,0,0
272,0,-1.0,372,0,0
372,0,-1.0,472,0,4
472,4,-1.0,476,0,1
476,2,-1.0,496,0,3
496,3,-1.0,476,0,1
476,1,-1.0,376,0,1
376,1,-1.0,276,0,3
276,3,-1.0,256,0,3
256,3,-1.0,236,0,1
236,1,-1.0,136,0,3
136,3,-1.0,116,0,1
116,1,-1.0,16,0,5
16,2,-1.0,36,0,3
36,3,-1.0,16,0,5
16,5,20.0,0,1,0
274,0,-1.0,374,0,4
374,0,-1.0,474,0,4
474,4,-1.0,478,0,1
478,1,-1.0,378,0,1
378,1,-1.0,278,0,3
278,3,-1.0,258,0,3
258,3,-1.0,238,0,3
238,3,-1.0,218,0,2
218,0,-1.0,318,0,0
318,0,-1.0,418,0,5
418,5,20.0,410,1,0
163,0,-1.0,263,0,3
263,3,-1.0,243,0,3
243,3,-1.0,223,0,1
223,1,-1.0,123,0,3
123,3,-1.0,103,0,1
103,1,-1.0,3,0,4
3,4,-1.0,19,0,0
19,0,-1.0,119,0,0
119,0,-1.0,219,0,2
219,2,-1.0,239,0,2
239,2,-1.0,259,0,2
259,2,-1.0,279,0,0
279,0,-1.0,379,0,0
379,0,-1.0,479,0,5
479,0,-1.0,479,0,5
479,5,20.0,475,1,0
334,2,-1.0,354,0,1
354,3,-1.0,334,0,0
334,2,-1.0,354,0,1
354,1,-1.0,254,0,2
254,3,-1.0,234,0,0
234,2,-1.0,254,0,1
254,2,-1.0,274,0,0
274,0,-1.0,374,0,0
374,0,-1.0,474,0,4
474,4,-1.0,478,0,1
478,1,-1.0,378,0,1
378,1,-1.0,278,0,3
278,3,-1.0,258,0,3
258,3,-1.0,238,0,3
238,3,-1.0,218,0,0
218,0,-1.0,318,0,0
318,0,-1.0,418,0,5
418,5,20.0,410,1,0
227,2,-1.0,247,0,2
247,2,-1.0,267,0,2
267,2,-1.0,287,0,1
287,1,-1.0,187,0,1
187,1,-1.0,87,0,4
87,4,-1.0,99,0,3
99,3,-1.0,79,0,0
79,0,-1.0,179,0,0
179,0,-1.0,279,0,0
279,0,-1.0,379,0,0
379,0,-1.0,479,0,5
479,5,20.0,475,1,0
208,0,-1.0,308,0,0
308,0,-1.0,408,0,4
408,4,-1.0,416,0,1
416,1,-1.0,316,0,1
316,1,-1.0,216,0,1
216,1,-1.0,116,0,1
116,1,-1.0,16,0,5
16,5,20.0,0,1,0
221,1,-1.0,121,0,1
121,1,-1.0,21,0,5
21,3,-1.0,1,0,4
1,4,-1.0,17,0,0
17,0,-1.0,117,0,2
117,2,-1.0,137,0,0
137,0,-1.0,237,0,2
237,2,-1.0,257,0,1
257,2,-1.0,277,0,1
277,1,-1.0,177,0,2
177,2,-1.0,197,0,1
197,2,-1.0,197,0,1
197,1,-1.0,97,0,5
97,5,20.0,85,1,0
473,4,-1.0,477,0,2
477,2,-1.0,497,0,3
497,1,-1.0,397,0,1
397,1,-1.0,297,0,1
297,1,-1.0,197,0,1
197,1,-1.0,97,0,5
97,5,20.0,85,1,0
246,2,-1.0,266,0,2
266,2,-1.0,286,0,4
286,1,-1.0,186,0,1
186,5,-10.0,186,0,1
186,1,-1.0,86,0,4
86,4,-1.0,98,0,0
98,0,-1.0,198,0,0
198,0,-1.0,298,0,3
298,3,-1.0,278,0,3
278,3,-1.0,258,0,3
258,3,-1.0,238,0,3
238,3,-1.0,218,0,0
218,0,-1.0,318,0,0
318,0,-1.0,418,0,5
418,5,20.0,410,1,0
394,3,-1.0,374,0,0
374,0,-1.0,474,0,4
474,4,-1.0,478,0,1
478,1,-1.0,378,0,1
378,3,-1.0,378,0,1
378,1,-1.0,278,0,3
278,3,-1.0,258,0,3
258,3,-1.0,238,0,3
238,3,-1.0,218,0,0
218,0,-1.0,318,0,0
318,0,-1.0,418,0,5
418,5,20.0,410,1,0
402,1,-1.0,302,0,1
302,1,-1.0,202,0,1
202,1,-1.0,102,0,1
102,1,-1.0,2,0,4
2,2,-1.0,22,0,3
22,3,-1.0,2,0,4
2,4,-1.0,18,0,0
18,0,-1.0,118,0,0
118,0,-1.0,218,0,3
218,0,-1.0,318,0,0
318,0,-1.0,418,0,5
418,4,-10.0,418,0,5
418,1,-1.0,318,0,0
318,0,-1.0,418,0,5
418,5,20.0,410,1,0
409,5,-10.0,409,0,1
409,4,-1.0,417,0,1
417,1,-1.0,317,0,1
317,1,-1.0,217,0,2
217,2,-1.0,237,0,2
237,2,-1.0,257,0,1
257,1,-1.0,157,0,2
157,2,-1.0,177,0,2
177,2,-1.0,197,0,4
197,1,-1.0,97,0,5
97,5,20.0,85,1,0
233,2,-1.0,253,0,2
253,2,-1.0,273,0,0
273,0,-1.0,373,0,0
373,0,-1.0,473,0,4
473,4,-1.0,477,0,2
477,2,-1.0,497,0,1
497,1,-1.0,397,0,1
397,1,-1.0,297,0,1
297,1,-1.0,197,0,1
197,1,-1.0,97,0,5
97,5,20.0,85,1,0
429,1,-1.0,329,0,1
329,1,-1.0,229,0,3
229,2,-1.0,249,0,3
249,3,-1.0,229,0,3
229,4,-10.0,229,0,3
229,3,-1.0,209,0,0
209,5,-10.0,209,0,0
209,0,-1.0,309,0,0
309,0,-1.0,409,0,4
409,4,-1.0,417,0,1
417,1,-1.0,317,0,1
317,3,-1.0,317,0,1
317,5,-10.0,317,0,1
317,1,-1.0,217,0,2
217,2,-1.0,237,0,2
237,2,-1.0,257,0,1
257,1,-1.0,157,0,2
157,2,-1.0,177,0,2
177,2,-1.0,197,0,1
197,1,-1.0,97,0,5
97,5,20.0,85,1,0
184,1,-1.0,84,0,4
84,4,-1.0,96,0,4
96,0,-1.0,196,0,3
196,3,-1.0,176,0,0
176,0,-1.0,276,0,3
276,3,-1.0,256,0,3
256,4,-10.0,256,0,3
256,3,-1.0,236,0,1
236,1,-1.0,136,0,3
136,3,-1.0,116,0,1
116,1,-1.0,16,0,5
16,5,20.0,0,1,0
61,0,-1.0,161,0,3
161,3,-1.0,141,0,0
141,0,-1.0,241,0,3
241,3,-1.0,221,0,1
221,1,-1.0,121,0,1
121,1,-1.0,21,0,3
21,3,-1.0,1,0,4
1,4,-1.0,17,0,0
17,0,-1.0,117,0,2
117,2,-1.0,137,0,5
137,0,-1.0,237,0,5
237,2,-1.0,257,0,0
257,1,-1.0,157,0,2
157,2,-1.0,177,0,2
177,2,-1.0,197,0,2
197,1,-1.0,97,0,5
97,5,20.0,85,1,0
62,0,-1.0,162,0,3
162,3,-1.0,142,0,0
142,0,-1.0,242,0,3
242,3,-1.0,222,0,1
222,1,-1.0,122,0,3
122,3,-1.0,102,0,1
102,1,-1.0,2,0,4
2,4,-1.0,18,0,0
18,0,-1.0,118,0,0
118,0,-1.0,218,0,0
218,0,-1.0,318,0,0
318,0,-1.0,418,0,5
418,5,20.0,410,1,0
173,0,-1.0,273,0,0
273,0,-1.0,373,0,0
373,0,-1.0,473,0,4
473,2,-1.0,493,0,1
493,3,-1.0,473,0,4
473,4,-1.0,477,0,2
477,2,-1.0,497,0,1
497,1,-1.0,397,0,1
397,1,-1.0,297,0,1
297,1,-1.0,197,0,1
197,1,-1.0,97,0,5
97,5,20.0,85,1,0
428,1,-1.0,328,0,0
328,1,-1.0,228,0,3
228,3,-1.0,208,0,0
208,0,-1.0,308,0,0
308,0,-1.0,408,0,4
408,4,-1.0,416,0,1
416,1,-1.0,316,0,5
316,1,-1.0,216,0,1
216,1,-1.0,116,0,1
116,1,-1.0,16,0,5
16,0,-1.0,116,0,0
116,1,-1.0,16,0,5
16,5,20.0,0,1,0
172,0,-1.0,272,0,0
272,0,-1.0,372,0,0
372,0,-1.0,472,0,4
472,4,-1.0,476,0,1
476,1,-1.0,376,0,1
376,1,-1.0,276,0,3
276,4,-10.0,276,0,3
276,3,-1.0,256,0,3
256,1,-1.0,156,0,0
156,0,-1.0,256,0,3
256,3,-1.0,236,0,1
236,1,-1.0,136,0,3
136,3,-1.0,116,0,1
116,1,-1.0,16,0,5
16,5,20.0,0,1,0
224,2,-1.0,244,0,1
244,0,-1.0,344,0,1
344,1,-1.0,244,0,1
244,2,-1.0,264,0,2
264,2,-1.0,284,0,1
284,1,-1.0,184,0,1
184,1,-1.0,84,0,4
84,4,-1.0,96,0,0
96,0,-1.0,196,0,3
196,3,-1.0,176,0,0
176,0,-1.0,276,0,3
276,3,-1.0,256,0,3
256,3,-1.0,236,0,1
236,1,-1.0,136,0,3
136,3,-1.0,116,0,1
116,1,-1.0,16,0,0
16,5,20.0,0,1,0
262,3,-1.0,242,0,3
242,3,-1.0,222,0,1
222,1,-1.0,122,0,3
122,3,-1.0,102,0,1
102,1,-1.0,2,0,4
2,4,-1.0,18,0,0
18,0,-1.0,118,0,0
118,3,-1.0,118,0,0
118,0,-1.0,218,0,3
218,0,-1.0,318,0,0
318,0,-1.0,418,0,5
418,5,20.0,410,1,0
82,0,-1.0,182,0,0
182,5,-10.0,182,0,0
182,0,-1.0,282,0,3
282,3,-1.0,262,0,3
262,3,-1.0,242,0,3
242,3,-1.0,222,0,5
222,1,-1.0,122,0,3
122,3,-1.0,102,0,1
102,1,-1.0,2,0,4
2,4,-1.0,18,0,0
18,0,-1.0,118,0,0
118,0,-1.0,218,0,1
218,0,-1.0,318,0,0
318,0,-1.0,418,0,5
418,5,20.0,410,1,0
229,3,-1.0,209,0,0
209,0,-1.0,309,0,0
309,0,-1.0,409,0,4
409,4,-1.0,417,0,1
417,1,-1.0,317,0,1
317,1,-1.0,217,0,2
217,2,-1.0,237,0,2
237,2,-1.0,257,0,1
257,1,-1.0,157,0,0
157,3,-1.0,157,0,2
157,2,-1.0,177,0,2
177,2,-1.0,197,0,1
197,1,-1.0,97,0,5
97,5,20.0,85,1,0
3,4,-1.0,19,0,0
19,0,-1.0,119,0,0
119,0,-1.0,219,0,2
219,2,-1.0,239,0,2
239,2,-1.0,259,0,4
259,2,-1.0,279,0,0
279,0,-1.0,379,0,0
379,0,-1.0,479,0,5
479,5,20.0,475,1,0
87,4,-1.0,99,0,3
99,3,-1.0,79,0,0
79,0,-1.0,179,0,0
179,0,-1.0,279,0,0
279,1,-1.0,179,0,0
179,0,-1.0,279,0,0
279,0,-1.0,379,0,0
379,0,-1.0,479,0,5
479,5,20.0,475,1,0
27,0,-1.0,127,0,0
127,0,-1.0,227,0,2
227,2,-1.0,247,0,2
247,2,-1.0,267,0,2
267,2,-1.0,287,0,1
287,1,-1.0,187,0,1
187,1,-1.0,87,0,4
87,4,-1.0,99,0,3
99,3,-1.0,79,0,0
79,0,-1.0,179,0,0
179,0,-1.0,279,0,0
279,0,-1.0,379,0,0
379,0,-1.0,479,0,5
479,5,20.0,475,1,0
26,0,-1.0,126,0,0
126,0,-1.0,226,0,2
226,2,-1.0,246,0,2
246,2,-1.0,266,0,2
266,2,-1.0,286,0,1
286,1,-1.0,186,0,1
186,1,-1.0,86,0,4
86,4,-1.0,98,0,0
98,0,-1.0,198,0,0
198,0,-1.0,298,0,3
298,3,-1.0,278,0,3
278,3,-1.0,258,0,3
258,3,-1.0,238,0,3
238,3,-1.0,218,0,0
218,0,-1.0,318,0,0
318,0,-1.0,418,0,0
418,5,20.0,410,1,0
203,1,-1.0,103,0,1
103,1,-1.0,3,0,5
3,4,-1.0,19,0,0
19,0,-1.0,119,0,0
119,0,-1.0,219,0,2
219,2,-1.0,239,0,2
239,2,-1.0,259,0,2
259,2,-1.0,279,0,1
279,0,-1.0,379,0,3
379,4,-10.0,379,0,0
379,3,-1.0,379,0,0
379,0,-1.0,479,0,5
479,5,20.0,475,1,0
331,1,-1.0,231,0,3
231,3,-1.0,211,0,0
211,0,-1.0,311,0,0
311,0,-1.0,411,0,2
411,5,-10.0,411,0,4
411,4,-1.0,419,0,1
419,1,-1.0,319,0,1
319,1,-1.0,219,0,2
219,2,-1.0,239,0,2
239,2,-1.0,259,0,2
259,2,-1.0,279,0,0
279,0,-1.0,379,0,1
379,0,-1.0,479,0,5
479,5,20.0,475,1,0
432,1,-1.0,332,0,1
332,1,-1.0,232,0,2
232,3,-1.0,212,0,2
212,2,-1.0,232,0,5
232,2,-1.0,252,0,2
252,2,-1.0,272,0,0
272,0,-1.0,372,0,0
372,0,-1.0,472,0,4
472,4,-1.0,476,0,1
476,1,-1.0,376,0,1
376,1,-1.0,276,0,3
276,3,-1.0,256,0,3
256,0,-1.0,356,0,1
356,1,-1.0,256,0,3
256,3,-1.0,236,0,1
236,1,-1.0,136,0,3
136,3,-1.0,116,0,1
116,1,-1.0,16,0,5
16,5,20.0,0,1,0
331,1,-1.0,231,0,3
231,3,-1.0,211,0,0
211,0,-1.0,311,0,0
311,0,-1.0,411,0,4
411,4,-1.0,419,0,1
419,1,-1.0,319,0,1
319,5,-10.0,319,0,1
319,1,-1.0,219,0,2
219,2,-1.0,239,0,2
239,2,-1.0,259,0,2
259,2,-1.0,279,0,0
279,0,-1.0,379,0,0
379,0,-1.0,479,0,5
479,5,20.0,475,1,0
393,3,-1.0,373,0,0
373,0,-1.0,473,0,4
473,4,-1.0,477,0,2
477,2,-1.0,497,0,1
497,1,-1.0,397,0,1
397,1,-1.0,297,0,1
297,3,-1.0,277,0,1
277,1,-1.0,177,0,2
177,2,-1.0,197,0,1
197,1,-1.0,97,0,5
97,5,20.0,85,1,0
227,2,-1.0,247,0,5
247,2,-1.0,267,0,2
267,2,-1.0,287,0,1
287,1,-1.0,187,0,1
187,1,-1.0,87,0,4
87,4,-1.0,99,0,4
99,3,-1.0,79,0,0
79,0,-1.0,179,0,0
179,0,-1.0,279,0,0
279,0,-1.0,379,0,0
379,0,-1.0,479,0,5
479,5,20.0,475,1,0
272,0,-1.0,372,0,0
372,0,-1.0,472,0,4
472,4,-1.0,476,0,1
476,1,-1.0,376,0,1
376,1,-1.0,276,0,3
276,3,-1.0,256,0,3
256,3,-1.0,236,0,1
236,3,-1.0,216,0,1
216,1,-1.0,116,0,1
116,1,-1.0,16,0,5
16,5,20.0,0,1,0
112,0,-1.0,212,0,2
212,2,-1.0,232,0,2
232,2,-1.0,252,0,2
252,2,-1.0,272,0,0
272,0,-1.0,372,0,0
372,0,-1.0,472,0,4
472,4,-1.0,476,0,1
476,1,-1.0,376,0,1
376,1,-1.0,276,0,3
276,3,-1.0,256,0,1
256,3,-1.0,236,0,1
236,1,-1.0,136,0,3
136,4,-10.0,136,0,3
136,3,-1.0,116,0,1
116,1,-1.0,16,0,5
16,5,20.0,0,1,0
454,1,-1.0,354,0,1
354,1,-1.0,254,0,2
254,2,-1.0,274,0,0
274,0,-1.0,374,0,0
374,3,-1.0,374,0,0
374,0,-1.0,474,0,4
474,4,-1.0,478,0,1
478,1,-1.0,378,0,1
378,1,-1.0,278,0,3
278,3,-1.0,258,0,3
258,3,-1.0,238,0,3
238,3,-1.0,218,0,0
218,0,-1.0,318,0,0
318,0,-1.0,418,0,2
418,5,20.0,410,1,0
164,2,-1.0,184,0,1
184,1,-1.0,84,0,4
84,4,-1.0,96,0,3
96,0,-1.0,196,0,3
196,3,-1.0,176,0,0
176,0,-1.0,276,0,3
276,3,-1.0,256,0,3
256,3,-1.0,236,0,1
236,1,-1.0,136,0,3
136,0,-1.0,236,0,2
236,1,-1.0,136,0,1
136,3,-1.0,116,0,1
116,5,-10.0,116,0,1
116,1,-1.0,16,0,5
16,5,20.0,0,1,0
327,2,-1.0,347,0,1
347,1,-1.0,247,0,2
247,2,-1.0,267,0,2
267,2,-1.0,287,0,1
287,1,-1.0,187,0,1
187,1,-1.0,87,0,4
87,4,-1.0,99,0,3
99,3,-1.0,79,0,0
79,0,-1.0,179,0,0
179,2,-1.0,199,0,0
199,0,-1.0,299,0,3
299,3,-1.0,279,0,0
279,0,-1.0,379,0,0
379,0,-1.0,479,0,5
479,5,20.0,475,1,0
28,0,-1.0,128,0,0
128,0,-1.0,228,0,5
228,3,-1.0,208,0,5
208,0,-1.0,308,0,0
308,0,-1.0,408,0,4
408,4,-1.0,416,0,3
416,1,-1.0,316,0,1
316,1,-1.0,216,0,1
216,1,-1.0,116,0,1
116,1,-1.0,16,0,5
16,5,20.0,0,1,0
444,1,-1.0,344,0,1
344,1,-1.0,244,0,1
244,1,-1.0,144,0,2
144,2,-1.0,164,0,2
164,2,-1.0,184,0,1
184,1,-1.0,84,0,4
84,4,-1.0,96,0,0
96,0,-1.0,196,0,3
196,5,-10.0,196,0,3
196,2,-1.0,196,0,1
196,3,-1.0,176,0,0
176,0,-1.0,276,0,3
276,3,-1.0,256,0,0
256,3,-1.0,236,0,1
236,1,-1.0,136,0,3
136,3,-1.0,116,0,1
116,1,-1.0,16,0,5
16,5,20.0,0,1,0
433,1,-1.0,333,0,2
333,2,-1.0,353,0,5
353,1,-1.0,253,0,2
253,3,-1.0,233,0,2
233,2,-1.0,253,0,2
253,2,-1.0,273,0,5
273,0,-1.0,373,0,0
373,0,-1.0,473,0,4
473,4,-1.0,477,0,2
477,2,-1.0,497,0,1
497,1,-1.0,397,0,1
397,1,-1.0,297,0,5
297,1,-1.0,197,0,5
197,1,-1.0,97,0,5
97,5,20.0,85,1,0
309,0,-1.0,409,0,4
409,4,-1.0,417,0,1
417,1,-1.0,317,0,1
317,1,-1.0,217,0,2
217,2,-1.0,237,0,2
237,2,-1.0,257,0,1
257,1,-1.0,157,0,4
157,2,-1.0,177,0,2
177,2,-1.0,197,0,1
197,1,-1.0,97,0,5
97,5,20.0,85,1,0
301,1,-1.0,201,0,1
201,1,-1.0,101,0,1
101,1,-1.0,1,0,4
1,2,-1.0,21,0,3
21,3,-1.0,1,0,4
1,2,-1.0,21,0,3
21,3,-1.0,1,0,4
1,4,-1.0,17,0,0
17,0,-1.0,117,0,2
117,2,-1.0,137,0,0
137,0,-1.0,237,0,2
237,2,-1.0,257,0,4
257,1,-1.0,157,0,2
157,2,-1.0,177,0,3
177,2,-1.0,197,0,1
197,1,-1.0,97,0,5
97,5,20.0,85,1,0
234,2,-1.0,254,0,2
254,2,-1.0,274,0,3
274,0,-1.0,374,0,4
374,0,-1.0,474,0,4
474,4,-1.0,478,0,1
478,1,-1.0,378,0,1
378,1,-1.0,278,0,3
278,3,-1.0,258,0,3
258,3,-1.0,238,0,3
238,3,-1.0,218,0,0
218,0,-1.0,318,0,0
318,0,-1.0,418,0,5
418,5,20.0,410,1,0
2,4,-1.0,18,0,0
18,0,-1.0,118,0,0
118,0,-1.0,218,0,0
218,0,-1.0,318,0,0
318,0,-1.0,418,0,5
418,5,20.0,410,1,0
412,1,-1.0,312,0,1
312,1,-1.0,212,0,2
212,0,-1.0,312,0,1
312,1,-1.0,212,0,2
212,2,-1.0,232,0,2
232,2,-1.0,252,0,2
252,2,-1.0,272,0,0
272,4,-10.0,272,0,0
272,0,-1.0,372,0,0
372,0,-1.0,472,0,4
472,0,-1.0,472,0,4
472,4,-1.0,476,0,1
476,1,-1.0,376,0,1
376,1,-1.0,276,0,3
276,3,-1.0,256,0,3
256,3,-1.0,236,0,1
236,1,-1.0,136,0,3
136,3,-1.0,116,0,1
116,1,-1.0,16,0,5
16,5,20.0,0,1,0
126,0,-1.0,226,0,2
226,2,-1.0,246,0,2
246,2,-1.0,266,0,2
266,2,-1.0,286,0,1
286,1,-1.0,186,0,1
186,1,-1.0,86,0,3
86,4,-1.0,98,0,0
98,0,-1.0,198,0,2
198,0,-1.0,298,0,3
298,3,-1.0,278,0,3
278,3,-1.0,258,0,3
258,3,-1.0,238,0,3
238,3,-1.0,218,0,0
218,0,-1.0,318,0,0
318,2,-1.0,318,0,0
318,4,-10.0,318,0,0
318,0,-1.0,418,0,5
418,5,20.0,410,1,0
181,3,-1.0,161,0,1
161,3,-1.0,141,0,0
141,0,-1.0,241,0,3
241,3,-1.0,221,0,1
221,1,-1.0,121,0,1
121,1,-1.0,21,0,3
21,3,-1.0,1,0,4
1,4,-1.0,17,0,0
17,0,-1.0,117,0,2
117,2,-1.0,137,0,0
137,3,-1.0,117,0,2
117,2,-1.0,137,0,0
137,0,-1.0,237,0,2
237,2,-1.0,257,0,1
257,1,-1.0,157,0,2
157,2,-1.0,177,0,2
177,1,-1.0,77,0,2
77,2,-1.0,97,0,5
97,5,20.0,85,1,0
162,3,-1.0,142,0,0
142,0,-1.0,242,0,3
242,3,-1.0,222,0,1
222,1,-1.0,122,0,3
122,3,-1.0,102,0,1
102,1,-1.0,2,0,4
2,4,-1.0,18,0,0
18,0,-1.0,118,0,0
118,0,-1.0,218,0,0
218,0,-1.0,318,0,0
318,0,-1.0,418,0,5
418,5,20.0,410,1,0
493,3,-1.0,473,0,4
473,4,-1.0,477,0,4
477,2,-1.0,497,0,1
497,1,-1.0,397,0,1
397,1,-1.0,297,0,1
297,5,-10.0,297,0,3
297,1,-1.0,197,0,1
197,1,-1.0,97,0,5
97,5,20.0,85,1,0
234,2,-1.0,254,0,2
254,2,-1.0,274,0,0
274,0,-1.0,374,0,0
374,0,-1.0,474,0,4
474,4,-1.0,478,0,1
478,1,-1.0,378,0,1
378,1,-1.0,278,0,3
278,3,-1.0,258,0,2
258,3,-1.0,238,0,3
238,3,-1.0,218,0,0
218,0,-1.0,318,0,0
318,2,-1.0,318,0,0
318,0,-1.0,418,0,5
418,2,-1.0,418,0,5
418,5,20.0,410,1,0
431,1,-1.0,331,0,1
331,2,-1.0,351,0,1
351,1,-1.0,251,0,3
251,1,-1.0,151,0,0
151,0,-1.0,251,0,3
251,3,-1.0,231,0,3
231,3,-1.0,211,0,0
211,0,-1.0,311,0,0
311,0,-1.0,411,0,4
411,4,-1.0,419,0,1
419,1,-1.0,319,0,1
319,1,-1.0,219,0,2
219,2,-1.0,239,0,2
239,2,-1.0,259,0,2
259,2,-1.0,279,0,0
279,0,-1.0,379,0,0
379,1,-1.0,279,0,0
279,0,-1.0,379,0,0
379,0,-1.0,479,0,5
479,5,20.0,475,1,0
484,1,-1.0,384,0,1
384,1,-1.0,284,0,1
284,1,-1.0,184,0,1
184,1,-1.0,84,0,4
84,4,-1.0,96,0,0
96,0,-1.0,196,0,3
196,3,-1.0,176,0,4
176,0,-1.0,276,0,3
276,3,-1.0,256,0,3
256,5,-10.0,256,0,3
256,3,-1.0,236,0,1
236,3,-1.0,216,0,1
216,1,-1.0,116,0,1
116,1,-1.0,16,0,2
16,5,20.0,0,1,0
314,1,-1.0,214,0,2
214,2,-1.0,234,0,2
234,2,-1.0,254,0,2
254,2,-1.0,274,0,0
274,0,-1.0,374,0,0
374,0,-1.0,474,0,4
474,4,-1.0,478,0,1
478,1,-1.0,378,0,1
378,1,-1.0,278,0,3
278,3,-1.0,258,0,3
258,3,-1.0,238,0,3
238,5,-10.0,238,0,3
238,3,-1.0,218,0,0
218,0,-1.0,318,0,5
318,0,-1.0,418,0,5
418,5,20.0,410,1,0
284,1,-1.0,184,0,3
184,1,-1.0,84,0,4
84,5,-10.0,84,0,4
84,4,-1.0,96,0,0
96,0,-1.0,196,0,3
196,3,-1.0,176,0,0
176,0,-1.0,276,0,3
276,3,-1.0,256,0,3
256,2,-1.0,276,0,3
276,3,-1.0,256,0,3
256,5,-10.0,256,0,3
256,2,-1.0,276,0,3
276,3,-1.0,256,0,3
256,3,-1.0,236,0,1
236,1,-1.0,136,0,3
136,3,-1.0,116,0,1
116,1,-1.0,16,0,5
16,5,20.0,0,1,0
493,3,-1.0,473,0,4
473,4,-1.0,477,0,2
477,2,-1.0,497,0,1
497,1,-1.0,397,0,1
397,1,-1.0,297,0,1
297,1,-1.0,197,0,1
197,1,-1.0,97,0,5
97,5,20.0,85,1,0
141,0,-1.0,241,0,3
241,3,-1.0,221,0,1
221,1,-1.0,121,0,1
121,1,-1.0,21,0,3
21,3,-1.0,1,0,4
1,4,-1.0,17,0,1
17,0,-1.0,117,0,2
117,2,-1.0,137,0,0
137,0,-1.0,237,0,2
237,5,-10.0,237,0,2
237,2,-1.0,257,0,1
257,1,-1.0,157,0,0
157,2,-1.0,177,0,2
177,2,-1.0,197,0,1
197,1,-1.0,97,0,4
97,5,20.0,85,1,0
44,2,-1.0,64,0,2
64,2,-1.0,84,0,0
84,4,-1.0,96,0,0
96,0,-1.0,196,0,3
196,3,-1.0,176,0,0
176,0,-1.0,276,0,3
276,3,-1.0,256,0,3
256,3,-1.0,236,0,1
236,1,-1.0,136,0,3
136,3,-1.0,116,0,3
116,1,-1.0,16,0,5
16,5,20.0,0,1,0
421,1,-1.0,321,0,1
321,1,-1.0,221,0,1
221,1,-1.0,121,0,5
121,1,-1.0,21,0,3
21,3,-1.0,1,0,4
1,4,-1.0,17,0,0
17,0,-1.0,117,0,2
117,2,-1.0,137,0,0
137,0,-1.0,237,0,2
237,2,-1.0,257,0,1
257,1,-1.0,157,0,2
157,2,-1.0,177,0,2
177,3,-1.0,157,0,2
157,2,-1.0,177,0,2
177,2,-1.0,197,0,1
197,1,-1.0,97,0,5
97,5,20.0,85,1,0
268,3,-1.0,248,0,3
248,3,-1.0,228,0,3
228,3,-1.0,208,0,0
208,0,-1.0,308,0,0
308,0,-1.0,408,0,4
408,4,-1.0,416,0,1
416,1,-1.0,316,0,1
316,1,-1.0,216,0,1
216,1,-1.0,116,0,1
116,1,-1.0,16,0,5
16,5,20.0,0,1,0
87,3,-1.0,67,0,2
67,2,-1.0,87,0,1
87,4,-1.0,99,0,3
99,3,-1.0,79,0,0
79,0,-1.0,179,0,0
179,0,-1.0,279,0,0
279,0,-1.0,379,0,0
379,0,-1.0,479,0,5
479,5,20.0,475,1,0
383,5,-10.0,383,0,1
383,1,-1.0,283,0,4
283,3,-1.0,263,0,3
263,3,-1.0,243,0,3
243,3,-1.0,223,0,1
223,1,-1.0,123,0,3
123,3,-1.0,103,0,1
103,1,-1.0,3,0,5
3,4,-1.0,19,0,0
19,0,-1.0,119,0,0
119,0,-1.0,219,0,2
219,2,-1.0,239,0,2
239,2,-1.0,259,0,2
259,2,-1.0,279,0,0
279,0,-1.0,379,0,0
379,0,-1.0,479,0,5
479,5,20.0,475,1,0
387,1,-1.0,287,0,1
287,1,-1.0,187,0,1
187,0,-1.0,287,0,1
287,1,-1.0,187,0,1
187,1,-1.0,87,0,4
87,4,-1.0,99,0,0
99,3,-1.0,79,0,0
79,0,-1.0,179,0,0
179,0,-1.0,279,0,0
279,0,-1.0,379,0,0
379,0,-1.0,479,0,5
479,5,20.0,475,1,0
172,0,-1.0,272,0,0
272,0,-1.0,372,0,0
372,5,-10.0,372,0,0
372,0,-1.0,472,0,4
472,4,-1.0,476,0,1
476,1,-1.0,376,0,1
376,1,-1.0,276,0,3
276,3,-1.0,256,0,3
256,3,-1.0,236,0,1
236,1,-1.0,136,0,3
136,3,-1.0,116,0,1
116,5,-10.0,116,0,1
116,4,-10.0,116,0,1
116,1,-1.0,16,0,0
16,5,20.0,0,1,0
202,1,-1.0,102,0,1
102,1,-1.0,2,0,4
2,4,-1.0,18,0,0
18,0,-1.0,118,0,2
118,0,-1.0,218,0,0
218,0,-1.0,318,0,0
318,0,-1.0,418,0,5
418,5,20.0,410,1,0
309,0,-1.0,409,0,4
409,4,-1.0,417,0,1
417,1,-1.0,317,0,1
317,1,-1.0,217,0,2
217,2,-1.0,237,0,2
237,2,-1.0,257,0,1
257,1,-1.0,157,0,2
157,2,-1.0,177,0,0
177,2,-1.0,197,0,1
197,1,-1.0,97,0,5
97,5,20.0,85,1,0
363,1,-1.0,263,0,3
263,3,-1.0,243,0,3
243,3,-1.0,223,0,1
223,1,-1.0,123,0,3
123,3,-1.0,103,0,3
103,0,-1.0,203,0,1
203,1,-1.0,103,0,1
103,3,-1.0,103,0,1
103,1,-1.0,3,0,4
3,4,-1.0,19,0,0
19,0,-1.0,119,0,0
119,0,-1.0,219,0,2
219,2,-1.0,239,0,2
239,2,-1.0,259,0,2
259,2,-1.0,279,0,0
279,0,-1.0,379,0,3
379,0,-1.0,479,0,5
479,5,20.0,475,1,0
26,0,-1.0,126,0,0
126,0,-1.0,226,0,2
226,2,-1.0,246,0,2
246,2,-1.0,266,0,2
266,2,-1.0,286,0,1
286,1,-1.0,186,0,1
186,1,-1.0,86,0,4
86,4,-1.0,98,0,0
98,0,-1.0,198,0,0
198,0,-1.0,298,0,3
298,3,-1.0,278,0,3
278,4,-10.0,278,0,3
278,3,-1.0,258,0,3
258,3,-1.0,238,0,3
238,3,-1.0,218,0,0
218,0,-1.0,318,0,0
318,0,-1.0,418,0,5
418,5,20.0,410,1,0
21,3,-1.0,1,0,4
1,4,-1.0,17,0,0
17,0,-1.0,117,0,2
117,2,-1.0,137,0,0
137,0,-1.0,237,0,2
237,2,-1.0,257,0,1
257,1,-1.0,157,0,2
157,2,-1.0,177,0,2
177,2,-1.0,197,0,1
197,1,-1.0,97,0,5
97,5,20.0,85,1,0
404,3,-1.0,404,0,1
404,1,-1.0,304,0,1
304,1,-1.0,204,0,2
204,2,-1.0,224,0,2
224,2,-1.0,244,0,1
244,1,-1.0,144,0,2
144,2,-1.0,164,0,2
164,1,-1.0,64,0,2
64,2,-1.0,84,0,1
84,4,-1.0,96,0,0
96,0,-1.0,196,0,3
196,3,-1.0,176,0,0
176,0,-1.0,276,0,2
276,3,-1.0,256,0,3
256,3,-1.0,236,0,5
236,1,-1.0,136,0,3
136,3,-1.0,116,0,1
116,1,-1.0,16,0,5
16,5,20.0,0,1,0
446,1,-1.0,346,0,0
346,1,-1.0,246,0,2
246,2,-1.0,266,0,2
266,2,-1.0,286,0,1
286,1,-1.0,186,0,1
186,1,-1.0,86,0,4
86,4,-1.0,98,0,0
98,0,-1.0,198,0,0
198,0,-1.0,298,0,3
298,3,-1.0,278,0,3
278,4,-10.0,278,0,3
278,3,-1.0,258,0,3
258,3,-1.0,238,0,3
238,4,-10.0,238,0,3
238,3,-1.0,218,0,0
218,0,-1.0,318,0,0
318,0,-1.0,418,0,5
418,3,-1.0,418,0,5
418,4,-10.0,418,0,1
418,5,20.0,410,1,0
188,0,-1.0,288,0,3
288,3,-1.0,268,0,3
268,3,-1.0,248,0,3
248,3,-1.0,228,0,5
228,3,-1.0,208,0,0
208,0,-1.0,308,0,0
308,5,-10.0,308,0,0
308,0,-1.0,408,0,4
408,4,-1.0,416,0,1
416,1,-1.0,316,0,1
316,1,-1.0,216,0,1
216,1,-1.0,116,0,1
116,1,-1.0,16,0,5
16,2,-1.0,36,0,3
36,3,-1.0,16,0,5
16,5,20.0,0,1,0
242,3,-1.0,222,0,1
222,1,-1.0,122,0,3
122,3,-1.0,102,0,1
102,1,-1.0,2,0,0
2,4,-1.0,18,0,0
18,0,-1.0,118,0,0
118,0,-1.0,218,0,0
218,0,-1.0,318,0,0
318,0,-1.0,418,0,5
418,5,20.0,410,1,0
26,0,-1.0,126,0,0
126,5,-10.0,126,0,0
126,0,-1.0,226,0,2
226,2,-1.0,246,0,2
246,2,-1.0,266,0,2
266,2,-1.0,286,0,1
286,1,-1.0,186,0,1
186,1,-1.0,86,0,4
86,4,-1.0,98,0,0
98,0,-1.0,198,0,0
198,0,-1.0,298,0,3
298,3,-1.0,278,0,3
278,3,-1.0,258,0,5
258,2,-1.0,278,0,3
278,3,-1.0,258,0,3
258,3,-1.0,238,0,3
238,3,-1.0,218,0,0
218,0,-1.0,318,0,0
318,0,-1.0,418,0,5
418,5,20.0,410,1,0
301,3,-1.0,301,0,1
301,1,-1.0,201,0,1
201,1,-1.0,101,0,1
101,1,-1.0,1,0,4
1,4,-1.0,17,0,0
17,0,-1.0,117,0,2
117,2,-1.0,137,0,0
137,0,-1.0,237,0,2
237,2,-1.0,257,0,1
257,1,-1.0,157,0,2
157,2,-1.0,177,0,2
177,2,-1.0,197,0,1
197,1,-1.0,97,0,5
97,5,20.0,85,1,0
433,1,-1.0,333,0,2
333,3,-1.0,333,0,2
333,2,-1.0,353,0,1
353,0,-1.0,453,0,1
453,1,-1.0,353,0,1
353,1,-1.0,253,0,2
253,2,-1.0,273,0,0
273,0,-1.0,373,0,0
373,1,-1.0,273,0,0
273,0,-1.0,373,0,0
373,4,-10.0,373,0,0
373,0,-1.0,473,0,4
473,4,-1.0,477,0,2
477,2,-1.0,497,0,1
497,1,-1.0,397,0,1
397,1,-1.0,297,0,1
297,1,-1.0,197,0,1
197,1,-1.0,97,0,5
97,5,20.0,85,1,0
288,3,-1.0,268,0,3
268,3,-1.0,248,0,4
248,3,-1.0,228,0,3
228,3,-1.0,208,0,0
208,0,-1.0,308,0,3
308,5,-10.0,308,0,0
308,0,-1.0,408,0,4
408,4,-1.0,416,0,1
416,1,-1.0,316,0,1
316,1,-1.0,216,0,1
216,1,-1.0,116,0,1
116,1,-1.0,16,0,5
16,3,-1.0,16,0,5
16,5,20.0,0,1,0
312,1,-1.0,212,0,2
212,2,-1.0,232,0,5
232,2,-1.0,252,0,2
252,2,-1.0,272,0,0
272,0,-1.0,372,0,0
372,0,-1.0,472,0,4
472,4,-1.0,476,0,1
476,1,-1.0,376,0,1
376,1,-1.0,276,0,3
276,3,-1.0,256,0,3
256,3,-1.0,236,0,1
236,1,-1.0,136,0,3
136,3,-1.0,116,0,1
116,1,-1.0,16,0,5
16,5,20.0,0,1,0
83,0,-1.0,183,0,3
183,4,-10.0,183,0,3
183,3,-1.0,163,0,0
163,0,-1.0,263,0,3
263,3,-1.0,243,0,3
243,3,-1.0,223,0,0
223,1,-1.0,123,0,1
123,3,-1.0,103,0,1
103,1,-1.0,3,0,4
3,4,-1.0,19,0,0
19,0,-1.0,119,0,0
119,0,-1.0,219,0,2
219,2,-1.0,239,0,2
239,2,-1.0,259,0,2
259,2,-1.0,279,0,0
279,0,-1.0,379,0,0
379,0,-1.0,479,0,5
479,5,20.0,475,1,0
31,5,-10.0,31,0,0
31,0,-1.0,131,0,3
131,3,-1.0,111,0,0
111,0,-1.0,211,0,0
211,0,-1.0,311,0,0
311,1,-1.0,211,0,0
211,0,-1.0,311,0,0
311,0,-1.0,411,0,4
411,4,-1.0,419,0,1
419,1,-1.0,319,0,1
319,1,-1.0,219,0,2
219,2,-1.0,239,0,2
239,2,-1.0,259,0,2
259,2,-1.0,279,0,0
279,0,-1.0,379,0,2
379,0,-1.0,479,0,5
479,5,20.0,475,1,0
93,0,-1.0,193,0,0
193,0,-1.0,293,0,3
293,3,-1.0,273,0,0
273,0,-1.0,373,0,0
373,0,-1.0,473,0,0
473,4,-1.0,477,0,1
477,2,-1.0,497,0,1
497,0,-1.0,497,0,1
497,1,-1.0,397,0,1
397,1,-1.0,297,0,1
297,1,-1.0,197,0,1
197,1,-1.0,97,0,5
97,5,20.0,85,1,0
464,1,-1.0,364,0,1
364,1,-1.0,264,0,2
264,2,-1.0,284,0,1
284,1,-1.0,184,0,1
184,2,-1.0,184,0,1
184,1,-1.0,84,0,4
84,4,-1.0,96,0,1
96,0,-1.0,196,0,3
196,3,-1.0,176,0,0
176,0,-1.0,276,0,3
276,1,-1.0,176,0,0
176,0,-1.0,276,0,3
276,3,-1.0,256,0,3
256,3,-1.0,236,0,1
236,1,-1.0,136,0,3
136,3,-1.0,116,0,1
116,1,-1.0,16,0,5
16,5,20.0,0,1,0
281,3,-1.0,261,0,3
261,3,-1.0,241,0,3
241,3,-1.0,221,0,1
221,1,-1.0,121,0,1
121,1,-1.0,21,0,3
21,3,-1.0,1,0,4
1,4,-1.0,17,0,0
17,0,-1.0,117,0,2
117,2,-1.0,137,0,0
137,3,-1.0,117,0,2
117,2,-1.0,137,0,0
137,0,-1.0,237,0,2
237,2,-1.0,257,0,1
257,1,-1.0,157,0,2
157,2,-1.0,177,0,2
177,2,-1.0,197,0,5
197,1,-1.0,97,0,5
97,5,20.0,85,1,0
49,0,-1.0,149,0,0
149,0,-1.0,249,0,3
249,3,-1.0,229,0,3
229,3,-1.0,209,0,0
209,0,-1.0,309,0,0
309,0,-1.0,409,0,4
409,4,-1.0,417,0,1
417,1,-1.0,317,0,1
317,1,-1.0,217,0,2
217,2,-1.0,237,0,0
237,2,-1.0,257,0,1
257,1,-1.0,157,0,2
157,2,-1.0,177,0,2
177,2,-1.0,197,0,1
197,1,-1.0,97,0,5
97,5,20.0,85,1,0
233,2,-1.0,253,0,2
253,2,-1.0,273,0,0
273,0,-1.0,373,0,0
373,0,-1.0,473,0,4
473,4,-1.0,477,0,2
477,2,-1.0,497,0,1
497,1,-1.0,397,0,1
397,1,-1.0,297,0,5
297,1,-1.0,197,0,1
197,1,-1.0,97,0,5
97,5,20.0,85,1,0
413,1,-1.0,313,0,1
313,1,-1.0,213,0,2
213,2,-1.0,233,0,2
233,2,-1.0,253,0,2
253,2,-1.0,273,0,0
273,0,-1.0,373,0,0
373,0,-1.0,473,0,4
473,4,-1.0,477,0,2
477,0,-1.0,477,0,2
477,2,-1.0,497,0,1
497,1,-1.0,397,0,1
397,1,-1.0,297,0,1
297,1,-1.0,197,0,1
197,1,-1.0,97,0,5
97,5,20.0,85,1,0
128,0,-1.0,228,0,4
228,3,-1.0,208,0,0
208,0,-1.0,308,0,0
308,0,-1.0,408,0,4
408,4,-1.0,416,0,1
416,1,-1.0,316,0,1
316,1,-1.0,216,0,1
216,1,-1.0,116,0,1
116,1,-1.0,16,0,5
16,5,20.0,0,1,0
388,3,-1.0,368,0,1
368,2,-1.0,388,0,3
388,3,-1.0,368,0,1
368,1,-1.0,268,0,3
268,3,-1.0,248,0,3
248,3,-1.0,228,0,3
228,3,-1.0,208,0,0
208,0,-1.0,308,0,0
308,0,-1.0,408,0,0
408,4,-1.0,416,0,1
416,1,-1.0,316,0,1
316,3,-1.0,316,0,0
316,1,-1.0,216,0,1
216,1,-1.0,116,0,1
116,1,-1.0,16,0,5
16,5,20.0,0,1,0
22,3,-1.0,2,0,4
2,4,-1.0,18,0,0
18,0,-1.0,118,0,0
118,0,-1.0,218,0,0
218,0,-1.0,318,0,0
318,3,-1.0,318,0,0
318,0,-1.0,418,0,5
418,5,20.0,410,1,0
214,2,-1.0,234,0,2
234,2,-1.0,254,0,2
254,2,-1.0,274,0,0
274,3,-1.0,254,0,2
254,2,-1.0,274,0,0
274,0,-1.0,374,0,0
374,0,-1.0,474,0,4
474,4,-1.0,478,0,1
478,1,-1.0,378,0,1
378,1,-1.0,278,0,3
278,3,-1.0,258,0,3
258,3,-1.0,238,0,3
238,3,-1.0,218,0,0
218,0,-1.0,318,0,0
318,0,-1.0,418,0,5
418,5,20.0,410,1,0
283,3,-1.0,263,0,3
263,3,-1.0,243,0,3
243,3,-1.0,223,0,1
223,1,-1.0,123,0,3
123,3,-1.0,103,0,1
103,1,-1.0,3,0,4
3,4,-1.0,19,0,0
19,0,-1.0,119,0,0
119,0,-1.0,219,0,2
219,2,-1.0,239,0,2
239,0,-1.0,339,0,2
339,2,-1.0,359,0,1
359,1,-1.0,259,0,2
259,2,-1.0,279,0,0
279,0,-1.0,379,0,0
379,0,-1.0,479,0,5
479,5,20.0,475,1,0
428,1,-1.0,328,0,1
328,1,-1.0,228,0,3
228,3,-1.0,208,0,1
208,0,-1.0,308,0,0
308,0,-1.0,408,0,2
408,4,-1.0,416,0,1
416,1,-1.0,316,0,1
316,1,-1.0,216,0,1
216,1,-1.0,116,0,1
116,1,-1.0,16,0,5
16,5,20.0,0,1,0
429,5,-10.0,429,0,1
429,1,-1.0,329,0,1
329,1,-1.0,229,0,3
229,3,-1.0,209,0,0
209,0,-1.0,309,0,0
309,0,-1.0,409,0,4
409,3,-1.0,409,0,4
409,4,-1.0,417,0,1
417,1,-1.0,317,0,1
317,1,-1.0,217,0,2
217,2,-1.0,237,0,2
237,2,-1.0,257,0,3
257,1,-1.0,157,0,2
157,2,-1.0,177,0,2
177,2,-1.0,197,0,1
197,1,-1.0,97,0,5
97,5,20.0,85,1,0
4,2,-1.0,24,0,0
24,0,-1.0,124,0,4
124,0,-1.0,224,0,2
224,2,-1.0,244,0,1
244,1,-1.0,144,0,2
144,2,-1.0,164,0,2
164,2,-1.0,184,0,1
184,1,-1.0,84,0,3
84,4,-1.0,96,0,0
96,0,-1.0,196,0,3
196,3,-1.0,176,0,0
176,0,-1.0,276,0,3
276,3,-1.0,256,0,3
256,3,-1.0,236,0,1
236,1,-1.0,136,0,3
136,3,-1.0,116,0,1
116,1,-1.0,16,0,5
16,5,20.0,0,1,0
331,1,-1.0,231,0,3
231,5,-10.0,231,0,3
231,2,-1.0,251,0,3
251,3,-1.0,231,0,3
231,3,-1.0,211,0,0
211,0,-1.0,311,0,0
311,0,-1.0,411,0,4
411,4,-1.0,419,0,1
419,1,-1.0,319,0,4
319,1,-1.0,219,0,2
219,2,-1.0,239,0,2
239,2,-1.0,259,0,2
259,2,-1.0,279,0,0
279,0,-1.0,379,0,0
379,0,-1.0,479,0,5
479,5,20.0,475,1,0
466,1,-1.0,366,0,2
366,2,-1.0,386,0,1
386,1,-1.0,286,0,1
286,1,-1.0,186,0,1
186,1,-1.0,86,0,4
86,4,-1.0,98,0,0
98,0,-1.0,198,0,0
198,0,-1.0,298,0,3
298,3,-1.0,278,0,3
278,3,-1.0,258,0,3
258,3,-1.0,238,0,3
238,3,-1.0,218,0,0
218,4,-10.0,218,0,0
218,0,-1.0,318,0,0
318,0,-1.0,418,0,5
418,5,20.0,410,1,0
434,2,-1.0,454,0,1
454,1,-1.0,354,0,1
354,1,-1.0,254,0,2
254,2,-1.0,274,0,0
274,0,-1.0,374,0,0
374,0,-1.0,474,0,4
474,4,-1.0,478,0,1
478,1,-1.0,378,0,1
378,1,-1.0,278,0,3
278,4,-10.0,278,0,3
278,3,-1.0,258,0,3
258,0,-1.0,358,0,0
358,1,-1.0,258,0,3
258,3,-1.0,238,0,3
238,4,-10.0,238,0,3
238,3,-1.0,218,0,3
218,0,-1.0,318,0,0
318,3,-1.0,318,0,0
318,0,-1.0,418,0,5
418,5,20.0,410,1,0
307,1,-1.0,207,0,2
207,2,-1.0,227,0,2
227,2,-1.0,247,0,2
247,2,-1.0,267,0,2
267,2,-1.0,287,0,1
287,1,-1.0,187,0,1
187,1,-1.0,87,0,4
87,4,-1.0,99,0,3
99,3,-1.0,79,0,0
79,0,-1.0,179,0,0
179,0,-1.0,279,0,0
279,0,-1.0,379,0,0
379,0,-1.0,479,0,5
479,5,20.0,475,1,0
484,1,-1.0,384,0,1
384,5,-10.0,384,0,1
384,1,-1.0,284,0,1
284,1,-1.0,184,0,1
184,1,-1.0,84,0,4
84,4,-1.0,96,0,0
96,0,-1.0,196,0,3
196,3,-1.0,176,0,0
176,0,-1.0,276,0,3
276,3,-1.0,256,0,3
256,3,-1.0,236,0,1
236,1,-1.0,136,0,4
136,3,-1.0,116,0,0
116,1,-1.0,16,0,0
16,5,20.0,0,1,0
192,0,-1.0,292,0,3
292,3,-1.0,272,0,0
272,0,-1.0,372,0,0
372,0,-1.0,472,0,4
472,4,-1.0,476,0,1
476,1,-1.0,376,0,1
376,1,-1.0,276,0,3
276,3,-1.0,256,0,3
256,3,-1.0,236,0,1
236,1,-1.0,136,0,3
136,3,-1.0,116,0,1
116,1,-1.0,16,0,4
16,5,20.0,0,1,0
126,0,-1.0,226,0,2
226,2,-1.0,246,0,2
246,2,-1.0,266,0,2
266,2,-1.0,286,0,1
286,4,-10.0,286,0,1
286,1,-1.0,186,0,4
186,1,-1.0,86,0,4
86,4,-1.0,98,0,0
98,0,-1.0,198,0,0
198,0,-1.0,298,0,3
298,3,-1.0,278,0,3
278,3,-1.0,258,0,3
258,3,-1.0,238,0,3
238,3,-1.0,218,0,0
218,3,-1.0,218,0,0
218,0,-1.0,318,0,0
318,0,-1.0,418,0,5
418,5,20.0,410,1,0
324,1,-1.0,224,0,2
224,2,-1.0,244,0,0
244,1,-1.0,144,0,2
144,2,-1.0,164,0,2
164,2,-1.0,184,0,1
184,4,-10.0,184,0,1
184,1,-1.0,84,0,4
84,4,-1.0,96,0,0
96,4,-10.0,96,0,0
96,0,-1.0,196,0,0
196,3,-1.0,176,0,0
176,0,-1.0,276,0,3
276,3,-1.0,256,0,4
256,3,-1.0,236,0,2
236,1,-1.0,136,0,3
136,5,-10.0,136,0,3
136,3,-1.0,116,0,1
116,1,-1.0,16,0,5
16,5,20.0,0,1,0
106,0,-1.0,206,0,2
206,2,-1.0,226,0,2
226,1,-1.0,126,0,0
126,0,-1.0,226,0,2
226,2,-1.0,246,0,2
246,1,-1.0,146,0,2
146,2,-1.0,166,0,2
166,2,-1.0,186,0,1
186,1,-1.0,86,0,4
86,4,-1.0,98,0,0
98,0,-1.0,198,0,0
198,0,-1.0,298,0,3
298,3,-1.0,278,0,3
278,3,-1.0,258,0,3
258,3,-1.0,238,0,3
238,3,-1.0,218,0,0
218,0,-1.0,318,0,0
318,0,-1.0,418,0,5
418,5,20.0,410,1,0
382,3,-1.0,362,0,1
362,1,-1.0,262,0,3
262,3,-1.0,242,0,3
242,3,-1.0,222,0,1
222,1,-1.0,122,0,3
122,3,-1.0,102,0,1
102,1,-1.0,2,0,4
2,4,-1.0,18,0,0
18,0,-1.0,118,0,0
118,0,-1.0,218,0,0
218,0,-1.0,318,0,0
318,0,-1.0,418,0,5
418,5,20.0,410,1,0
29,0,-1.0,129,0,3
129,3,-1.0,109,0,0
109,0,-1.0,209,0,0
209,0,-1.0,309,0,0
309,0,-1.0,409,0,4
409,4,-1.0,417,0,1
417,1,-1.0,317,0,1
317,1,-1.0,217,0,1
217,2,-1.0,237,0,2
237,2,-1.0,257,0,1
257,1,-1.0,157,0,2
157,2,-1.0,177,0,2
177,2,-1.0,197,0,1
197,1,-1.0,97,0,5
97,5,20.0,85,1,0
373,0,-1.0,473,0,4
473,0,-1.0,473,0,4
473,4,-1.0,477,0,2
477,2,-1.0,497,0,1
497,1,-1.0,397,0,1
397,1,-1.0,297,0,1
297,2,-1.0,297,0,1
297,1,-1.0,197,0,1
197,1,-1.0,97,0,5
97,5,20.0,85,1,0
32,0,-1.0,132,0,0
132,0,-1.0,232,0,2
232,2,-1.0,252,0,2
252,2,-1.0,272,0,0
272,1,-1.0,172,0,0
172,0,-1.0,272,0,0
272,0,-1.0,372,0,0
372,0,-1.0,472,0,4
472,4,-1.0,476,0,1
476,1,-1.0,376,0,1
376,1,-1.0,276,0,3
276,3,-1.0,256,0,3
256,3,-1.0,236,0,1
236,1,-1.0,136,0,3
136,3,-1.0,116,0,1
116,1,-1.0,16,0,5
16,5,20.0,0,1,0
246,2,-1.0,266,0,2
266,2,-1.0,286,0,1
286,1,-1.0,186,0,1
186,1,-1.0,86,0,4
86,4,-1.0,98,0,0
98,1,-1.0,98,0,0
98,0,-1.0,198,0,0
198,2,-1.0,198,0,0
198,0,-1.0,298,0,3
298,3,-1.0,278,0,3
278,3,-1.0,258,0,3
258,3,-1.0,238,0,3
238,3,-1.0,218,0,0
218,0,-1.0,318,0,0
318,0,-1.0,418,0,5
418,5,20.0,410,1,0
332,5,-10.0,332,0,1
332,1,-1.0,232,0,2
232,2,-1.0,252,0,2
252,2,-1.0,272,0,0
272,0,-1.0,372,0,0
372,0,-1.0,472,0,5
472,4,-1.0,476,0,1
476,1,-1.0,376,0,1
376,1,-1.0,276,0,3
276,5,-10.0,276,0,3
276,3,-1.0,256,0,3
256,3,-1.0,236,0,1
236,1,-1.0,136,0,3
136,3,-1.0,116,0,2
116,1,-1.0,16,0,5
16,5,20.0,0,1,0
301,1,-1.0,201,0,1
201,1,-1.0,101,0,1
101,1,-1.0,1,0,4
1,4,-1.0,17,0,0
17,0,-1.0,117,0,2
117,2,-1.0,137,0,0
137,0,-1.0,237,0,2
237,2,-1.0,257,0,1
257,1,-1.0,157,0,2
157,2,-1.0,177,0,2
177,4,-10.0,177,0,2
177,2,-1.0,197,0,1
197,1,-1.0,97,0,5
97,5,20.0,85,1,0
444,1,-1.0,344,0,1
344,1,-1.0,244,0,1
244,2,-1.0,264,0,2
264,2,-1.0,284,0,1
284,1,-1.0,184,0,1
184,1,-1.0,84,0,4
84,4,-1.0,96,0,0
96,0,-1.0,196,0,3
196,3,-1.0,176,0,0
176,0,-1.0,276,0,3
276,3,-1.0,256,0,3
256,1,-1.0,156,0,5
156,0,-1.0,256,0,3
256,3,-1.0,236,0,1
236,1,-1.0,136,0,3
136,3,-1.0,116,0,1
116,1,-1.0,16,0,5
16,5,20.0,0,1,0
491,3,-1.0,471,0,1
471,1,-1.0,371,0,1
371,1,-1.0,271,0,3
271,3,-1.0,251,0,3
251,3,-1.0,231,0,4
231,3,-1.0,211,0,0
211,0,-1.0,311,0,0
311,0,-1.0,411,0,4
411,4,-1.0,419,0,1
419,1,-1.0,319,0,1
319,1,-1.0,219,0,2
219,0,-1.0,319,0,1
319,1,-1.0,219,0,2
219,2,-1.0,239,0,2
239,2,-1.0,259,0,2
259,2,-1.0,279,0,0
279,0,-1.0,379,0,0
379,0,-1.0,479,0,5
479,5,20.0,475,1,0
182,1,-1.0,82,0,0
82,0,-1.0,182,0,0
182,0,-1.0,282,0,3
282,3,-1.0,262,0,3
262,3,-1.0,242,0,3
242,3,-1.0,222,0,1
222,1,-1.0,122,0,3
122,3,-1.0,102,0,1
102,1,-1.0,2,0,4
2,4,-1.0,18,0,0
18,0,-1.0,118,0,0
118,0,-1.0,218,0,0
218,0,-1.0,318,0,0
318,3,-1.0,318,0,0
318,4,-10.0,318,0,0
318,0,-1.0,418,0,5
418,5,20.0,410,1,0
441,1,-1.0,341,0,1
341,1,-1.0,241,0,3
241,3,-1.0,221,0,1
221,1,-1.0,121,0,1
121,0,-1.0,221,0,1
221,1,-1.0,121,0,1
121,0,-1.0,221,0,1
221,1,-1.0,121,0,1
121,1,-1.0,21,0,3
21,3,-1.0,1,0,4
1,4,-1.0,17,0,0
17,0,-1.0,117,0,2
117,2,-1.0,137,0,0
137,0,-1.0,237,0,2
237,2,-1.0,257,0,1
257,5,-10.0,257,0,1
257,1,-1.0,157,0,2
157,2,-1.0,177,0,2
177,2,-1.0,197,0,1
197,1,-1.0,97,0,5
97,5,20.0,85,1,0
28,0,-1.0,128,0,0
128,0,-1.0,228,0,3
228,3,-1.0,208,0,0
208,5,-10.0,208,0,0
208,0,-1.0,308,0,0
308,0,-1.0,408,0,4
408,4,-1.0,416,0,1
416,1,-1.0,316,0,1
316,1,-1.0,216,0,1
216,1,-1.0,116,0,1
116,1,-1.0,16,0,5
16,5,20.0,0,1,0
472,4,-1.0,476,0,1
476,1,-1.0,376,0,1
376,1,-1.0,276,0,3
276,4,-10.0,276,0,3
276,3,-1.0,256,0,3
256,3,-1.0,236,0,1
236,1,-1.0,136,0,3
136,3,-1.0,116,0,1
116,1,-1.0,16,0,5
16,5,20.0,0,1,0
328,1,-1.0,228,0,3
228,2,-1.0,248,0,3
248,3,-1.0,228,0,3
228,3,-1.0,208,0,0
208,0,-1.0,308,0,0
308,0,-1.0,408,0,4
408,4,-1.0,416,0,0
416,1,-1.0,316,0,1
316,1,-1.0,216,0,1
216,1,-1.0,116,0,1
116,1,-1.0,16,0,5
16,5,20.0,0,1,0
334,4,-10.0,334,0,2
334,2,-1.0,354,0,1
354,1,-1.0,254,0,2
254,2,-1.0,274,0,3
274,0,-1.0,374,0,0
374,0,-1.0,474,0,4
474,4,-1.0,478,0,1
478,1,-1.0,378,0,1
378,1,-1.0,278,0,3
278,3,-1.0,258,0,3
258,3,-1.0,238,0,3
238,3,-1.0,218,0,0
218,0,-1.0,318,0,0
318,0,-1.0,418,0,0
418,4,-10.0,418,0,5
418,5,20.0,410,1,0
166,2,-1.0,186,0,1
186,1,-1.0,86,0,1
86,0,-1.0,186,0,1
186,1,-1.0,86,0,4
86,4,-1.0,98,0,0
98,0,-1.0,198,0,0
198,5,-10.0,198,0,0
198,0,-1.0,298,0,3
298,3,-1.0,278,0,3
278,3,-1.0,258,0,3
258,3,-1.0,238,0,3
238,3,-1.0,218,0,0
218,0,-1.0,318,0,0
318,0,-1.0,418,0,5
418,5,20.0,410,1,0
162,3,-1.0,142,0,0
142,0,-1.0,242,0,3
242,3,-1.0,222,0,1
222,1,-1.0,122,0,3
122,3,-1.0,102,0,1
102,1,-1.0,2,0,4
2,4,-1.0,18,0,0
18,0,-1.0,118,0,0
118,0,-1.0,218,0,5
218,0,-1.0,318,0,0
318,0,-1.0,418,0,5
418,5,20.0,410,1,0
